Date,Core_CPI,Headline_CPI,kofbarometer,unemployment_rate,oilprices,gdp_index_ch,gdp_index_eu,infl_e_current_year,infl_e_next_year,Saron_Rate,CH_2int,fin_spread,EU_fin_spread,Wage_change,PPI,real_turnover,retail_turnover,Exchange_Rate_CHF,variable_mortgages,Vol_loans,M1_change,M2_change,M3_change,Manufacturing_EU,Business_Confidence_EU
2000-05-01,94.2169,92.9279,105.904329349028,1.7681330675441629,47.68122,126438.132969078,2412483.7,,,3.047974,3.8495652173913046,1.072069478260869,1.1534974782608707,0.9,106.6984,64.94942754530526,71.6,97.4227,4.18,597557.0,-1.73836615,-4.9503483,-1.38525422,100.4,6.7
2000-06-01,94.3063,93.2738,105.256403428524,1.67119839229306,48.92549,126438.132969078,2412483.7,,,3.054887,3.847409090909091,0.9810220909090912,0.8436751363636406,0.9,106.8251,64.8723942219572,70.9,98.5368,4.29,598543.0,-3.64235406,-5.83442871,-2.44220505,99.9,6.9
2000-07-01,94.3399,93.3429,101.252691358801,1.6503723852213386,47.38057,127530.775756422,2427880.7,,,2.778948,3.819,1.135290095238095,0.8708355238095198,0.8,106.9197,67.34025628579204,71.0,99.1486,4.36,595040.0,-5.40507106,-7.18797251,-2.28314703,100.3,6.4
2000-08-01,94.379,93.1014,99.0397647197174,1.6140915553834976,51.78222,127530.775756422,2427880.7,,,3.125945,3.8832173913043477,0.799924565217391,0.6210782173913003,0.8,106.8995,67.35298107100594,71.0,97.7261,4.42,595895.0,-4.70504077,-6.97040834,-1.80892259,100.2,6.3
2000-09-01,94.365,93.568,98.2281910898721,1.5791535216220571,58.28921,127530.775756422,2427880.7,,,2.991287,3.662714285714286,0.8974749047619048,0.6143846666666706,0.8,107.6757,66.86745477391834,71.6,97.9913,4.42,600917.0,-4.89201045,-7.6291668,-2.29336012,99.6,6.3
2000-10-01,94.392,93.4677,100.595189758923,1.5949630452385466,54.94161,129397.810640072,2440872.9,,,2.967391,3.570954545454546,0.9037908181818177,0.3749589999999996,1.3,107.5876,69.52474076938235,72.6,98.2194,4.43,605637.0,-4.46216121,-7.66651628,-1.76647644,98.8,5.6
2000-11-01,94.8052,93.9133,100.340619930029,1.6650924705116914,57.87391,129397.810640072,2440872.9,,,2.955805,3.5761363636363637,0.8837404545454546,0.24370140909091198,1.3,107.7084,69.44676552617995,72.8,98.009,4.44,603075.0,-2.94623105,-6.76802714,-1.31439231,98.7,5.2
2000-12-01,94.7661,93.8428,97.5684827362086,1.7665115779424714,43.24916,129397.810640072,2440872.9,,,3.490226,3.350809523809524,0.17134542857142865,0.12882647619048093,1.3,107.533,69.56004203360828,72.9,100.0,4.46,596818.0,-1.98219791,-5.68519695,-1.03794545,98.6,4.1
2001-01-01,95.0697,93.7755,96.95805284861,1.8316498555354106,41.78046,129384.84248502,2464643.5,,,3.308556,3.139434782608696,0.19140052173913036,0.2375062173913003,2.2,106.9313,69.10979292311981,71.8,100.9117,4.46,602723.0,-3.13920742,-6.03207965,0.19669084,98.9,2.6
2001-02-01,94.9564,93.6487,89.7757548570101,1.7675756804935814,45.89118,129384.84248502,2464643.5,,,3.282052,3.1765,0.19674799999999948,0.26526860000000063,2.2,106.7538,69.22470207149536,72.4,99.4629,4.47,603419.0,-2.76510425,-5.75389697,1.01234992,99.5,0.4
2001-03-01,95.0969,93.7989,88.7141150722067,1.6626602361091547,41.4201,129384.84248502,2464643.5,1.38421052631579,1.48947368421053,3.250111,3.0543636363636364,0.1182071818181818,0.2295224090909107,2.2,106.7072,69.25493312541235,72.2,99.4999,4.48,608118.0,-3.20856909,-5.8387708,1.21242462,99.2,-2.3
2001-04-01,95.2098,94.0582,92.1503517246644,1.5969645714656342,43.9535,129922.057194903,2465550.8,1.38421052631579,1.48947368421053,3.085493,3.089857142857143,0.3112689047619046,0.4193778571428597,2.4,107.2327,67.88973885764324,72.4,99.0286,4.4,610043.0,-1.60512945,-4.63200344,2.40491066,99.1,-5.5
2001-05-01,95.5624,94.5687,88.0211370698429,1.5479398467895014,49.62763,129922.057194903,2465550.8,1.38421052631579,1.48947368421053,3.275508,3.12495652173913,0.22892678260869603,0.6258182173912994,2.4,107.143,67.9465760712319,72.8,97.8953,4.31,611046.0,-0.04158085,-3.36381275,2.71901553,98.9,-5.8
2001-06-01,95.6533,94.7479,94.2444002664571,1.4992698229637385,49.72792,129922.057194903,2465550.8,1.47727272727273,1.55454545454545,3.283814,3.1115238095238094,0.14394790476190478,0.7546877142857102,2.4,107.2837,67.85746576600174,74.1,97.7314,4.28,614955.0,1.09466444,-2.63679723,4.08833459,98.8,-7.4
2001-07-01,95.684,94.6045,94.0349145892623,1.5243522402398992,43.24651,129981.429803375,2472290.6,1.47727272727273,1.55454545454545,3.226346,3.119272727272727,0.19329036363636387,0.7829248636363593,2.4,107.183,65.96195292163868,72.2,99.1195,4.28,608558.0,1.34649143,-2.17378059,3.28833358,98.3,-7.7
2001-08-01,95.2487,94.0797,92.9365213529996,1.5474838028390256,43.16194,129981.429803375,2472290.6,1.47727272727273,1.55454545454545,3.123531,2.930869565217391,0.1949472608695655,0.7047136086956494,2.4,106.701,66.25992258741718,73.0,100.1965,4.28,610082.0,1.01689487,-2.07487118,3.00977279,98.3,-8.7
2001-09-01,95.2865,94.1996,90.3774871822838,1.5751251333928555,41.85828,129981.429803375,2472290.6,1.24444444444444,1.36111111111111,2.027698,2.62975,1.2881519999999997,1.0545285000000009,2.4,106.7258,66.24452569107001,74.0,101.9444,4.28,611732.0,3.50991274,-0.16008638,3.92094447,98.7,-13.3
2001-10-01,95.2945,94.0568,82.8790597183669,1.7303827627547892,33.59316,129426.264266557,2472490.1,1.24444444444444,1.36111111111111,2.118133,2.239913043478261,1.0102583043478264,1.2169694347826097,2.5,106.108,64.65111018961812,72.3,102.4932,4.27,607474.0,3.56916055,1.06722133,5.10692163,98.8,-15.3
2001-11-01,95.7911,94.1828,84.3055994474863,1.9668922226264687,31.03176,129426.264266557,2472490.1,1.24444444444444,1.36111111111111,1.960142,2.2059545454545453,1.1508125454545455,1.2809605,2.5,105.5388,64.99979154585802,74.1,102.5301,4.08,621658.0,3.84857166,1.92012309,5.593004,98.6,-15.4
2001-12-01,95.799,94.148,88.3306668463216,2.179560718198282,30.98742,129426.264266557,2472490.1,0.985714285714286,1.43333333333333,1.469348,2.3883809523809525,1.9861281904761903,1.6138674285714316,2.5,105.5155,65.01414484127923,74.0,102.2294,4.03,621475.0,8.5816407,4.62417817,5.69212365,98.4,-12.2
2002-01-01,95.6234,94.2645,92.881017553238,2.3743168208264125,32.44328,129529.41685598,2478746.8,0.985714285714286,1.43333333333333,1.203506,2.445,2.267363565217391,1.6840877826086924,2.2,105.4292,62.790953549870444,73.2,102.0183,4.03,624919.0,4.43694787,3.09046136,3.71003462,98.6,-12.5
2002-02-01,95.6986,94.2616,100.018281660285,2.3935213382964426,34.40806,129529.41685598,2478746.8,0.985714285714286,1.43333333333333,1.571053,2.4638999999999998,2.0004969999999997,1.709015,2.2,105.1192,62.9761261501229,73.5,101.1607,4.03,619203.0,6.49073312,5.02989986,3.73641079,98.3,-9.9
2002-03-01,95.7574,94.2768,100.525732737155,2.3402908749659233,39.67465,129529.41685598,2478746.8,0.884,1.35,1.202675,2.6121904761904764,2.4891821428571426,1.9256610476190494,2.2,105.2956,62.870623273906986,73.8,101.7199,4.03,615488.0,8.6146199,7.57920165,4.4266639,98.1,-8.3
2002-04-01,96.4411,95.0902,99.0674747501034,2.33152469680678,42.55949,129814.402695148,2490856.3,0.884,1.35,1.418686,2.4475,2.152677636363636,1.8903424545454501,1.7,105.6469,64.1760430263453,72.4,102.2329,4.03,618002.0,6.62410922,6.79640679,3.48162158,99.2,-8.3
2002-05-01,96.5689,95.1815,101.393148284859,2.3037820231528445,40.27185,129814.402695148,2490856.3,0.884,1.35,0.974746,2.1606521739130433,2.5042105217391306,1.8360433043478301,1.7,105.6346,64.18351562840205,72.3,104.0465,4.03,616953.0,4.58111638,6.04786871,2.68779084,99.4,-6.2
2002-06-01,96.5056,95.0567,98.5518676401513,2.298081473771899,37.083,129814.402695148,2490856.3,0.833333333333333,1.356,0.937309,2.1131,2.4607910000000004,1.7008675500000003,1.7,105.4731,64.28179317759694,71.8,104.2774,4.03,616116.0,8.49141692,8.54025865,3.91376021,99.9,-7.4
2002-07-01,95.9697,94.5557,95.0731345352617,2.3549096171561708,37.87954,129758.826045864,2502248.0,0.833333333333333,1.356,0.703175,1.7679130434782608,2.506042391304348,1.6174076086956504,1.8,105.5196,63.684850966076446,72.3,106.0262,4.03,613561.0,10.75586878,10.4502387,5.19532706,101.1,-8.5
2002-08-01,96.0048,94.5243,94.0723723599956,2.4414059530963863,39.90145,129758.826045864,2502248.0,0.833333333333333,1.356,0.603556,1.4499090909090908,2.582853090909091,1.3791545454545484,1.8,105.2369,63.855928861454494,72.6,105.371,4.02,612297.0,11.92236049,11.60843207,5.20399555,101.3,-9.0
2002-09-01,96.0135,94.6676,94.9641153400962,2.5814367816674384,42.40276,129758.826045864,2502248.0,0.58,0.905,0.50856,1.3063333333333333,2.400725714285714,1.21319023809524,1.8,105.4296,63.7392155523686,72.3,105.2098,3.8,613017.0,11.50849307,11.48500699,5.55230158,101.5,-8.0
2002-10-01,96.7093,95.2205,97.1005344169561,2.7919264005869793,41.1279,129240.873565679,2507230.5,0.58,0.905,0.517184,1.242913043478261,2.3478594782608697,1.362165260869571,1.8,105.4206,62.4166434264271,72.3,105.5945,3.8,612224.0,10.64746065,11.16899723,4.28632749,101.4,-8.7
2002-11-01,96.6773,95.045,96.2914128863656,3.056178534112594,35.6697,129240.873565679,2507230.5,0.58,0.905,0.506908,1.0971428571428572,2.244425333333333,1.4682678095238093,1.8,105.127,62.590961408582004,72.3,105.5054,3.78,614695.0,10.59244301,10.82942186,3.82061759,101.0,-8.4
2002-12-01,96.6497,94.9867,98.4261859413749,3.2888116204052307,40.76808,129240.873565679,2507230.5,0.837107587285714,1.42105263157895,0.362647,0.9965909090909091,2.1618984545454545,1.4654960454545503,1.8,105.1603,62.57114139081003,72.7,105.9919,3.57,612739.0,9.14200874,10.55558783,4.79534355,101.4,-9.0
2003-01-01,96.2936,95.0626,96.5164428677437,3.520253925271625,42.92531,128731.675256074,2502967.8,0.837107587285714,1.42105263157895,0.486557,0.8154782608695652,1.934660391304348,1.4385242173912993,1.3,105.2073,63.58874336666752,73.2,107.6882,3.52,615424.0,11.39146964,11.89932924,6.24691714,101.8,-9.3
2003-02-01,96.3624,95.1562,93.254986817378,3.598262776577988,44.57442,128731.675256074,2502967.8,0.837107587285714,1.42105263157895,0.562408,0.7121500000000001,1.781292,1.3732910499999997,1.3,105.0725,63.670322872302464,72.6,107.6917,3.51,615124.0,11.68751725,12.13699901,7.12538416,103.2,-8.7
2003-03-01,96.4272,95.5392,94.1901238198846,3.5928155849473065,41.67453,128731.675256074,2502967.8,0.756521739130435,1.23478260869565,0.177559,0.6896190476190476,2.2588219523809525,1.5971641428571401,1.3,105.5795,63.364573615143094,72.5,107.9155,3.29,614641.0,21.83323281,17.6662099,8.31921986,103.3,-10.8
2003-04-01,97.1017,95.7291,92.5266751194993,3.5881538023424446,34.55039,128360.227318603,2505633.3,0.756521739130435,1.23478260869565,0.094747,0.8301363636363636,2.5521166363636367,1.6955636363636395,1.4,105.3048,59.731370269921214,72.8,105.6368,3.27,615120.0,25.97715888,20.25826513,9.79767904,103.3,-11.1
2003-05-01,97.1431,95.5757,96.1618241330239,3.562437990690623,33.90133,128360.227318603,2505633.3,0.756521739130435,1.23478260869565,0.13474,0.6242272727272727,2.307578181818182,1.5182085,1.4,105.1093,59.8424687444403,72.5,106.0294,3.27,616215.0,26.2882092,20.40648845,9.52869422,102.2,-11.7
2003-06-01,97.1284,95.5776,95.1218091351387,3.5592963545873464,36.49005,128360.227318603,2505633.3,0.604166666666667,0.777083333333333,0.14823,0.5863333333333334,2.2565795238095236,1.5714098571428599,1.4,104.686,60.08444300097434,71.9,104.3416,3.28,618425.0,23.28569686,19.08964993,9.12266942,103.2,-12.2
2003-07-01,96.3527,94.8114,102.42804140276,3.5900539854694262,38.5867,129693.095929884,2522511.0,0.604166666666667,0.777083333333333,0.111008,0.6662173913043479,2.4735137391304347,1.932623782608701,1.3,104.7636,63.28533956450523,72.7,102.7516,3.19,614068.0,22.81795288,18.62583817,8.25007581,103.3,-12.2
2003-08-01,96.4714,95.0321,104.259224704068,3.640041469596563,41.27916,129693.095929884,2522511.0,0.604166666666667,0.777083333333333,0.053337,0.8356190476190475,2.727805857142857,2.0642960476190475,1.3,104.9137,63.194797247642576,70.5,102.6307,3.17,616669.0,24.00607289,18.98526252,9.22266685,103.3,-9.4
2003-09-01,96.4601,95.1698,105.555922906516,3.7164541670762614,37.25936,129693.095929884,2522511.0,0.725,0.925,0.145845,0.8755,2.7714731818181817,2.0845513636363715,1.3,104.9897,63.14905176412543,73.4,101.9688,3.16,617028.0,23.52255258,18.69578058,9.88733245,103.2,-8.6
2003-10-01,97.101,95.6525,107.407814838751,3.8322639947220516,39.14787,131186.699444111,2539145.0,0.725,0.925,0.113241,0.8611739130434782,2.7321937826086953,2.16446830434783,1.4,105.0625,64.34265318262938,73.3,102.9209,3.19,621379.0,26.25064399,19.58374327,10.11171735,103.6,-7.0
2003-11-01,97.1227,95.5322,109.829252275439,3.967531697588136,38.29386,131186.699444111,2539145.0,0.725,0.925,0.117566,1.0095,2.818234,2.278836900000001,1.4,104.9565,64.40763554424927,71.1,101.9303,3.19,621746.0,24.16475858,18.5223065,8.57862618,104.2,-4.9
2003-12-01,97.1403,95.5507,108.482232696487,4.12555092642795,37.68395,131186.699444111,2539145.0,0.636842105263158,0.863157894736842,0.126631,0.9776086956521739,2.6773255217391303,2.2097047826087,1.4,104.9956,64.38365036249138,73.7,103.6409,3.19,617376.0,20.85846694,15.10686177,7.47072671,104.5,-6.1
2004-01-01,96.6248,95.2266,108.648194981241,4.260539935768743,38.76132,131818.525254137,2555856.6,0.636842105263158,0.863157894736842,0.098549,0.8439545454545455,2.683860090909091,2.16720331818182,0.7,105.0323,66.17012100087307,75.1,103.2517,3.19,624852.0,24.06173463,16.61216213,7.9910395,106.1,-5.5
2004-02-01,96.7228,95.2425,108.236688588714,4.205206603111031,38.41299,131818.525254137,2555856.6,0.636842105263158,0.863157894736842,0.100093,0.74125,2.604907,2.1126801499999996,0.7,105.0008,66.18997188592849,73.6,102.5145,3.19,624869.0,23.6168364,16.14975377,7.0635934,107.0,-5.4
2004-03-01,96.7709,95.4465,108.941557378476,4.075234077225469,42.97724,131818.525254137,2555856.6,0.45,1.17222222222222,0.110365,0.6962608695652174,2.4904610869565222,1.9906105652173909,0.7,105.4865,65.88520805979911,73.2,101.9278,3.19,625573.0,11.37353896,8.48807606,4.83761026,107.4,-5.3
2004-04-01,97.6627,96.2516,109.97511442045,3.92859061137252,43.56329,132750.484938251,2572591.0,0.45,1.17222222222222,0.108065,1.0056818181818181,2.6435259090909096,2.1936263181818196,0.7,106.0879,66.83137285213489,73.5,101.7764,3.19,626308.0,8.9637926,6.98173761,3.62937151,108.3,-3.6
2004-05-01,97.7282,96.4741,108.746124000296,3.7703686963324947,48.23325,132750.484938251,2572591.0,0.45,1.17222222222222,0.112946,1.1805238095238095,2.7336730476190474,2.3003070952381006,0.7,106.5698,66.52916679959989,73.8,103.3415,3.19,626033.0,9.13645536,6.67134861,4.08166962,108.1,-2.8
2004-06-01,97.7124,96.6405,105.321390251231,3.650961188632953,43.98898,132750.484938251,2572591.0,0.523529411764706,1.12941176470588,0.360676,1.4392272727272728,2.636051272727273,2.32990136363636,0.7,106.2694,66.7172299834195,73.7,104.888,3.19,629402.0,6.57389864,4.98185965,3.72300265,108.4,-2.7
2004-07-01,96.8601,95.6291,105.331188486499,3.6261828006571086,47.59233,132414.356113233,2579932.4,0.523529411764706,1.12941176470588,0.1953,1.3991363636363636,2.760154545454545,2.2235704999999997,0.8,106.165,63.76866198841425,72.7,104.1482,3.19,628524.0,3.68683939,3.22181967,3.04968886,108.4,-2.8
2004-08-01,97.072,95.9835,102.422395369364,3.6970722991810465,53.95548,132414.356113233,2579932.4,0.523529411764706,1.12941176470588,0.173508,1.208409090909091,2.6542192727272726,2.05358581818182,0.8,106.4749,63.583060420812785,72.7,103.4023,3.19,629832.0,1.12044318,1.64094315,2.93531908,109.1,-3.0
2004-09-01,97.0454,95.989,101.451833763118,3.7076626531420924,54.55388,132414.356113233,2579932.4,0.783333333333333,1.17777777777778,0.53447,1.2895454545454546,2.2411209090909088,1.99537131818182,0.8,106.5792,63.520837086410864,73.1,102.9932,3.19,633957.0,-1.58324406,-0.17841863,1.55864966,109.3,-2.7
2004-10-01,97.8122,96.8889,101.949137751393,3.7474398199335797,61.37438,133003.988025003,2592926.8,0.783333333333333,1.17777777777778,0.63083,1.1614285714285715,2.025074761904762,1.8321187142857105,0.9,107.1253,63.01032529197118,72.8,103.7367,3.21,632835.0,-4.53440324,-1.97533416,1.31574985,109.7,-2.2
2004-11-01,98.0062,96.9819,99.4629029990299,3.86140013600244,50.48838,133003.988025003,2592926.8,0.783333333333333,1.17777777777778,0.503354,1.2097727272727274,2.027736909090909,1.69838736363636,0.9,107.0002,63.083994235524784,73.5,105.9486,3.21,633956.0,-4.93394264,-2.32674898,2.65263837,110.1,-3.2
2004-12-01,97.9765,96.8233,98.1443385492681,4.013592136586177,45.402,133003.988025003,2592926.8,0.833333333333333,1.19333333333333,0.497394,1.1342608695652174,1.872519043478261,1.51614673913044,0.9,106.5961,63.323142216272444,72.6,105.4008,3.21,638846.0,-4.89635897,-2.06394887,2.52355382,110.9,-3.3
2005-01-01,97.6157,96.3739,98.0946872012287,4.10520629908173,52.48412,134418.479615658,2600101.7,0.833333333333333,1.19333333333333,0.654176,1.0694285714285714,1.635538285714286,1.4882001428571399,1.4,106.366,64.96436831318277,74.1,103.8904,3.21,644400.0,-4.41615659,-2.22400465,2.98571888,112.2,-4.1
2005-02-01,97.5909,96.5857,101.299361040023,4.065150438764952,54.19639,134418.479615658,2600101.7,0.833333333333333,1.19333333333333,0.67587,1.07425,1.5214800000000002,1.4768795000000003,1.4,106.7794,64.71285659968122,74.7,103.0625,3.21,647307.0,-5.19754814,-2.93438087,2.38722865,112.9,-5.1
2005-03-01,97.6217,96.822,99.2009895052809,3.944298791888903,62.43109,134418.479615658,2600101.7,0.726315789473684,1.34210526315789,0.809343,1.1390869565217392,1.579265695652174,1.6252571304347794,1.4,107.0048,64.57654236071653,75.2,103.5033,3.21,652161.0,-5.09602334,-2.73668581,2.7200858,112.8,-6.8
2005-04-01,98.3557,97.6146,101.422461333282,3.817366559006513,62.02018,135839.153454727,2617960.3,0.726315789473684,1.34210526315789,0.646173,1.006,1.532874619047619,1.4337419523809505,1.2,107.4191,64.04819999422821,75.1,103.0801,3.21,651104.0,-7.18507542,-4.0986075,2.7881151,113.1,-8.0
2005-05-01,98.3761,97.5177,100.208370560326,3.6830616155914333,59.20939,135839.153454727,2617960.3,0.726315789473684,1.34210526315789,0.665846,0.9328636363636363,1.3921085454545454,1.28183118181818,1.2,107.1277,64.2224186648271,73.6,102.3613,3.21,651808.0,-7.08902133,-4.00226059,3.14118083,113.0,-8.6
2005-06-01,98.1105,97.2985,102.279541419734,3.563755450991997,68.84077,135839.153454727,2617960.3,0.726315789473684,1.34210526315789,0.631008,0.8734999999999999,1.3726283636363634,1.1431141818181798,1.2,106.8229,64.405665826335,75.5,101.0479,3.2,655686.0,-2.72141125,-1.4218571,4.86305169,113.0,-8.3
2005-07-01,97.217,96.7662,104.45814594761,3.54452559774694,74.46223,137367.636169201,2638458.9,0.726315789473684,1.34210526315789,0.678098,0.9334761904761906,1.320949619047619,1.1965929523809504,1.1,107.2903,66.08239514662556,75.0,99.6656,3.03,658462.0,-0.31633989,-0.05065613,6.89605262,113.1,-6.4
2005-08-01,97.2752,96.9056,105.141413272778,3.6067755969868673,80.80752,137367.636169201,2638458.9,0.726315789473684,1.34210526315789,0.677405,1.0521739130434782,1.3217689130434782,1.1830436086956504,1.1,107.4867,65.9616492086928,75.2,100.3043,3.03,659079.0,-0.1090732,0.06290329,5.49871719,112.9,-5.5
2005-09-01,97.237,97.3296,106.596147520692,3.616124497971618,79.70856,137367.636169201,2638458.9,1.18095238095238,1.21904761904762,0.674366,1.0410454545454544,1.197724909090909,1.01643768181818,1.1,108.2072,65.52244212954406,74.7,100.291,3.03,664111.0,2.96308005,1.83601136,6.02312898,113.8,-4.1
2005-10-01,98.0231,98.1807,106.757969825048,3.650023764956975,75.39592,138816.186455004,2657662.4,1.18095238095238,1.21904761904762,0.673334,1.2464285714285714,1.304713619047619,1.1267599523809504,1.0,108.2233,67.17592237531105,75.9,100.1794,3.03,664167.0,3.68904279,2.21259929,5.76171192,113.6,-2.5
2005-11-01,98.1487,97.9047,107.212904447475,3.718329014428217,72.42423,138816.186455004,2657662.4,1.18095238095238,1.21904761904762,0.68404,1.6196363636363635,1.534187272727273,1.1663545454545496,1.0,107.7998,67.43982827426396,75.3,99.7759,3.03,663692.0,4.00596098,2.44542519,5.82396199,113.0,-2.7
2005-12-01,98.1302,97.7977,107.03114225535,3.8450585611103962,74.21512,138816.186455004,2657662.4,1.03888888888889,1.02777777777778,0.609864,1.6340000000000001,1.5011814545454545,0.9360818636363595,1.0,107.9201,67.36465218249427,74.5,99.4772,3.03,664257.0,5.06845894,2.68157693,4.86886021,112.9,-1.5
2006-01-01,97.7013,97.618,108.709924646226,3.9068778521748735,80.45262,140416.236961676,2684584.9,1.03888888888889,1.02777777777778,0.828563,1.5841818181818184,1.215437,0.88100140909091,1.0,108.1743,69.33254941330796,75.8,99.8292,3.03,669225.0,1.65406444,0.83790241,3.14062741,114.3,-0.8
2006-02-01,97.8613,97.9221,107.659369391671,3.8028744956913982,78.58704,140416.236961676,2684584.9,1.03888888888889,1.02777777777778,0.895374,1.60315,1.295626,0.9506043499999999,1.0,108.5256,69.10811826886928,75.5,98.7643,3.03,671016.0,1.06473445,0.32256392,3.43894065,114.8,0.8
2006-03-01,97.886,97.8181,107.966504187108,3.629324436760385,80.99562,140416.236961676,2684584.9,1.17142857142857,1.26666666666667,1.05294,1.757695652173913,1.3395817391304345,1.0085823478260898,1.0,108.6732,69.01425558463356,75.3,98.2202,3.03,677400.0,1.13478321,0.05195987,4.06242322,116.0,1.5
2006-04-01,98.6204,98.6485,107.913795812182,3.454786282603342,90.14253,141449.744436967,2717248.1,1.17142857142857,1.26666666666667,1.187275,1.8058,1.4408750000000001,1.2178373999999996,1.0,109.4918,70.14223896218712,76.7,98.121,3.03,680066.0,3.00810948,0.83003776,4.262045,115.0,3.2
2006-05-01,98.6751,98.8458,106.678035967541,3.280628165071695,85.05589,141449.744436967,2717248.1,1.17142857142857,1.26666666666667,1.11309,2.000739130434783,1.670431739130435,1.1712954347826101,1.0,110.1646,69.71386452635421,76.2,100.1748,3.03,681590.0,1.67767661,-0.19785515,3.18658677,116.8,3.4
2006-06-01,98.6447,98.8184,108.640842815225,3.1121705969209943,84.46898,141449.744436967,2717248.1,1.275,1.28333333333333,1.242492,2.054136363636364,1.4935534545454545,1.0893885909090897,1.0,110.1804,69.70386747552195,77.0,100.0014,3.03,684638.0,-1.21212764,-1.98565648,1.43187298,118.0,4.6
2006-07-01,97.7717,98.1448,103.747702678998,3.083997215091609,91.17672,142470.065724586,2733043.2,1.275,1.28333333333333,1.345125,2.1288095238095237,1.4782083333333333,0.9940879047619102,1.2,110.4085,71.3713165200143,77.5,99.3332,3.03,690473.0,-1.28667191,-2.26685871,1.35866379,118.1,4.8
2006-08-01,97.8512,98.3128,105.6161133623,3.1181751756022567,90.20366,142470.065724586,2733043.2,1.275,1.28333333333333,1.370228,2.115521739130435,1.2932937391304349,0.7416833043478301,1.2,110.861,71.08000108243657,78.5,98.8904,3.03,688344.0,-0.69402481,-2.198229,2.13471406,116.6,4.2
2006-09-01,97.8142,98.1023,103.602690212369,3.0878229171205995,77.1663,142470.065724586,2733043.2,1.30625,1.25,1.682963,2.129952380952381,0.7879893809523808,0.5044482857142896,1.2,110.9112,71.04782925439451,76.8,98.0738,3.03,761320.0,-2.06135928,-3.28583283,1.90028122,118.4,5.9
2006-10-01,98.5858,98.4346,103.555425849814,3.1103464211190914,72.84794,144382.108165866,2761899.5,1.30625,1.25,1.627171,2.1525000000000003,0.8630108181818181,0.3792864090909105,1.2,110.8149,75.26063733306623,77.1,97.1643,3.03,763265.0,-2.27012908,-3.4255623,2.63653453,117.8,6.5
2006-11-01,98.7096,98.392,106.067306169793,3.1450057613552405,72.6061,144382.108165866,2761899.5,1.30625,1.25,1.768215,2.149909090909091,0.5808304545454543,0.2068629090909111,1.2,110.7768,75.28652208765735,78.2,97.1551,3.05,767765.0,-3.80333604,-4.62553728,1.39421657,118.0,7.2
2006-12-01,98.7345,98.405,106.60907275982,3.257673952897754,75.5825,144382.108165866,2761899.5,1.15714285714286,1.05,1.897995,2.3048571428571427,0.5363859523809522,0.21840309523809998,1.2,110.7484,75.30582834605286,78.5,97.277,3.03,765299.0,-4.11056111,-4.99691122,2.93102682,118.0,7.8
2007-01-01,97.8836,97.7176,105.173944392778,3.320430667638209,66.73087,145197.065747082,2783703.5,1.15714285714286,1.05,1.905279,2.441869565217391,0.6597210000000004,0.3509094782608715,1.6,110.581,76.14327958690914,79.7,95.3705,3.03,768851.0,-3.40694334,-4.54681311,3.74767405,119.1,6.6
2007-02-01,98.0966,97.9109,104.078295618922,3.2023152844650147,71.3304,145197.065747082,2783703.5,1.15714285714286,1.05,1.835111,2.43355,0.7618390000000002,0.2993186000000003,1.6,110.9061,75.92008013986607,79.0,94.968,3.04,771668.0,-2.98461795,-4.49759948,3.70929931,119.2,7.0
2007-03-01,98.0933,97.9872,105.066466252988,2.9874679122409287,75.56702,145197.065747082,2783703.5,0.773684210526316,1.09444444444444,1.979335,2.392318181818182,0.653437727272727,0.13181686363635992,1.6,111.2649,75.67525787557442,80.4,95.7782,3.04,778846.0,-4.64586832,-5.80299721,2.6646927,119.5,7.0
2007-04-01,99.0373,99.0963,102.252711353287,2.8586101604565304,81.8172,147510.156932836,2802582.7,0.773684210526316,1.09444444444444,2.066636,2.4597142857142855,0.7020306666666665,0.27058171428570876,1.5,112.2932,78.63343461580932,80.6,94.5689,3.06,781401.0,-4.33382889,-5.69431914,2.408148,119.3,6.8
2007-05-01,99.1933,99.3281,100.146423502627,2.6906593078063574,82.07443,147510.156932836,2802582.7,0.773684210526316,1.09444444444444,2.165807,2.634434782608696,0.741758217391304,0.3016959565217405,1.5,113.3021,77.9332421905684,79.0,93.582,3.07,783032.0,-4.04346467,-5.50916945,2.79447189,119.0,6.6
2007-06-01,99.172,99.4418,102.94561037001,2.5280289679117343,87.59903,147510.156932836,2802582.7,0.733333333333333,1.17647058823529,2.418879,2.823238095238095,0.7183114761904763,0.5129553333333297,1.5,113.3089,77.92856518773019,79.7,93.0451,3.14,790127.0,-4.44532709,-6.06845328,2.98634897,119.2,6.4
2007-07-01,98.5044,98.8518,100.409660400584,2.527978296361681,92.84718,148785.457212249,2815971.5,0.733333333333333,1.17647058823529,2.490651,2.955090909090909,0.7657126363636362,0.4122248636363608,1.4,113.4781,79.83919364176876,80.1,93.194,3.22,792913.0,-6.18035788,-7.17352939,1.54604829,119.5,5.6
2007-08-01,98.5022,98.7413,100.990925899685,2.5527566843375253,85.10687,148785.457212249,2815971.5,0.733333333333333,1.17647058823529,2.3134,2.610478260869565,0.7195130434782611,-0.11728721739129888,1.4,113.8248,79.59601071119826,81.4,93.9842,3.23,797479.0,-7.5936845,-8.14246499,1.11457717,119.6,5.2
2007-09-01,98.4884,98.8353,103.774842037637,2.5254953904090915,91.46447,148785.457212249,2815971.5,0.742105263157895,1.23157894736842,2.209981,2.49695,0.7695190000000003,-0.3722953000000002,1.4,113.5329,79.80065690209621,80.8,93.6014,3.23,798804.0,-6.71537839,-7.52599232,1.91623408,119.7,4.6
2007-10-01,99.366,99.6792,99.4916417945404,2.5852371479214025,96.67504,150005.504621459,2833143.6,0.742105263157895,1.23157894736842,2.118889,2.548304347826087,0.9345023043478262,-0.28718508695651934,1.6,113.8065,79.52094124676535,80.6,92.625,3.23,804576.0,-6.55597659,-7.43424336,1.38790001,120.1,4.2
2007-11-01,99.5193,100.1336,102.341397839735,2.655695938269891,103.81117,150005.504621459,2833143.6,0.742105263157895,1.23157894736842,2.115592,2.413863636363636,0.8429080000000004,-0.38695963636364006,1.6,114.1509,79.28102187542981,81.2,94.4729,3.24,817428.0,-4.04711194,-5.91005958,2.38174931,120.4,5.5
2007-12-01,99.6648,100.3771,101.331504322136,2.7619035071806652,103.67479,150005.504621459,2833143.6,0.715789473684211,1.34736842105263,1.873853,2.4036190476190478,1.1732898571428572,-0.46663814285714,1.6,114.0391,79.35874625457409,80.8,93.8217,3.29,818707.0,-2.58542649,-4.91799192,2.45554628,121.1,4.7
2008-01-01,99.0596,100.0885,100.833207006343,2.8344905026313736,101.44726,151177.513589331,2850873.8,0.715789473684211,1.34736842105263,2.241335,2.185521739130435,0.7132302173913043,-0.24975469565216812,2.4,114.6466,80.68272412788517,81.6,96.2773,3.3,818992.0,-4.31330111,-6.12433643,1.68967136,123.6,3.5
2008-02-01,99.4054,100.2261,99.704597021053,2.7478421520409992,103.43887,151177.513589331,2850873.8,0.715789473684211,1.34736842105263,2.240998,2.1233809523809524,0.7150020000000001,-0.22272904761904844,2.4,114.8872,80.51375610163709,82.3,96.6919,3.32,820377.0,-4.91248065,-6.35966966,1.74258336,124.6,2.1
2008-03-01,99.537,100.5651,95.7605294934529,2.6292707249173297,104.93983,151177.513589331,2850873.8,1.68235294117647,1.3125,1.894609,1.941904761904762,1.0881052857142857,-0.5258877619047597,2.4,115.5489,80.0526876499906,81.7,100.689,3.35,825688.0,-1.04251241,-3.76117068,3.05225873,126.5,1.9
2008-04-01,100.4263,101.3596,93.264617225524,2.5558729846657755,110.58101,152672.128899918,2839812.6,1.68235294117647,1.3125,1.850478,2.105363636363636,1.3067038181818182,-0.5007535000000001,2.0,116.3228,80.63767378364345,80.9,99.5125,3.4,831395.0,-0.64511863,-3.35826858,4.4214226,128.4,-0.6
2008-05-01,100.7428,102.1644,95.2120010662954,2.411104366164782,128.29845,152672.128899918,2839812.6,1.68235294117647,1.3125,1.796851,2.149681818181818,1.391421727272727,-0.4341291818181796,2.0,117.6775,79.70937519916723,84.0,97.4971,3.43,829463.0,-1.77875343,-3.72480666,3.60255878,129.1,-1.7
2008-06-01,100.5094,102.3373,94.0404986669764,2.317640692092299,137.23406,152672.128899918,2839812.6,2.145,1.455,1.860357,2.520952380952381,1.4603572857142857,-0.13124828571428981,2.0,118.3867,79.23187317494279,83.2,97.9334,3.45,835031.0,-2.61085459,-4.00302887,2.64608582,130.1,-4.0
2008-07-01,99.9163,101.8913,92.7836026485376,2.335021033760427,136.47109,153254.59367349,2826189.2,2.145,1.455,1.955679,2.4017391304347826,1.2500166521739127,-0.14649078260870052,1.9,119.0262,78.13405787969371,83.4,97.7105,3.47,835584.0,-2.37535304,-3.8431899,2.12493563,130.3,-6.3
2008-08-01,100.1294,101.6259,89.8106735552774,2.382550947710001,122.76224,153254.59367349,2826189.2,2.145,1.455,1.933609,2.3930952380952384,1.053057666666667,-0.4691569523809527,1.9,118.3764,78.56295680557949,83.5,96.0524,3.47,838870.0,-0.46171679,-2.35550524,2.9621766,129.7,-8.1
2008-09-01,100.3621,101.7284,85.2422187684561,2.431727687036292,107.94587,153254.59367349,2826189.2,2.456,1.56,1.666335,2.1107727272727272,1.217574090909091,-0.5149015909090888,1.9,117.7537,78.97841002023715,86.2,96.8808,3.47,845020.0,-0.42963693,-2.29867922,1.93844774,128.2,-10.9
2008-10-01,101.1089,102.2689,85.5211216974024,2.5455106526799676,81.81452,148816.192967534,2777606.6,2.456,1.56,0.522862,1.562913043478261,2.224051043478261,-0.6972744782608702,2.0,117.0538,74.58109006285999,82.4,100.4171,3.47,844761.0,4.63025484,1.02881891,2.8054845,126.9,-17.3
2008-11-01,101.189,101.5878,77.6774449541479,2.727446853144727,62.47283,148816.192967534,2777606.6,2.456,1.56,0.03909,1.6090499999999999,2.52931,-0.04187374999999971,2.0,115.3809,75.66243633044985,81.9,99.7362,3.16,849125.0,11.32603509,6.67136979,2.0858645,123.8,-25.5
2008-12-01,101.2267,101.0807,76.029695580161,3.0089273136883112,45.55372,148816.192967534,2777606.6,2.4144792666087,0.936028770826087,0.019608,0.8843043478260869,2.138000695652174,0.5955413043478295,2.0,114.5285,76.22556830832501,82.9,100.9159,2.82,844507.0,21.23420277,15.53808103,2.37281947,121.8,-32.8
2009-01-01,100.4814,100.2278,76.0712946592801,3.25387358664379,48.94176,146485.226553108,2695915.4,2.4144792666087,0.936028770826087,0.080879,0.6325454545454545,2.1662119090909093,1.6433949534215904,2.0,113.5598,71.94447330833623,82.6,103.2254,2.79,853122.0,28.67692769,22.3851683,3.57847395,122.0,-32.3
2009-02-01,100.7469,100.4641,74.7196693062394,3.3545072850487507,50.42749,146485.226553108,2695915.4,2.4144792666087,0.936028770826087,0.035864,0.46950000000000003,2.045086,2.25338825579123,2.0,112.8565,72.39281742744105,82.6,102.4385,2.78,855013.0,34.35211464,27.58967795,4.24032232,121.9,-35.6
2009-03-01,100.7292,100.1385,76.5470482983716,3.41305826113482,53.77771,146485.226553108,2695915.4,0.119403590045455,0.622727272727273,0.031394,0.5327272727272727,2.129606,2.5064713659199325,2.0,112.2953,72.7546032647849,82.4,102.4163,2.76,858741.0,36.98210332,30.60051292,3.85507628,121.5,-36.7
2009-04-01,101.651,101.0213,80.6196589345315,3.463628468087564,57.61202,147295.167786994,2695504.4,0.119403590045455,0.622727272727273,0.03359,0.5089090909090909,2.1665918181818187,2.66704316712587,2.1,112.102,71.63119302064192,82.1,101.4436,2.75,861902.0,38.94772262,32.96853746,3.20940733,121.6,-33.6
2009-05-01,101.6744,101.1824,90.5877363585529,3.423572607770786,63.46825,147295.167786994,2695504.4,0.119403590045455,0.622727272727273,0.034996,0.46214285714285713,2.3366706666666666,2.8514358514652205,2.1,111.8054,71.82121793759514,83.6,101.8387,2.75,860941.0,41.6872701,35.26946268,4.1057943,121.6,-31.0
2009-06-01,101.425,101.364,95.2895985235784,3.553418454781215,74.15819,147295.167786994,2695504.4,-0.38264933355,0.6928538112,0.020048,0.4999545454545455,2.507179272727273,3.0970540935653696,2.1,111.781,71.83689535788729,82.9,102.1506,2.74,868354.0,43.93137153,37.31538148,5.82040636,122.1,-28.7
2009-07-01,100.8648,100.6913,98.9313029782025,3.6829096009412745,69.45974,149288.797372048,2706153.3,-0.38264933355,0.6928538112,0.016977,0.4898695652173913,2.365283869565218,3.1136772643195596,2.2,111.7422,73.38319811136705,83.0,101.7331,2.74,869314.0,48.66141671,41.22266771,7.39178519,122.3,-25.9
2009-08-01,100.8067,100.8028,102.711492294298,3.8214202830107418,77.4578,149288.797372048,2706153.3,-0.38264933355,0.6928538112,0.018446,0.4832857142857143,2.137506380952381,3.03099233614812,2.2,111.8612,73.30513171680619,83.4,101.5709,2.74,871551.0,48.20994723,41.54224655,7.32095963,122.5,-21.9
2009-09-01,100.9362,100.7899,107.788060376667,3.912071686055291,70.28794,149288.797372048,2706153.3,-0.422115384615385,0.658653846153846,0.024256,0.5497272727272727,2.1901985454545456,3.09488059992542,2.2,112.0345,73.19174004436134,83.8,102.7072,2.74,873576.0,47.70907166,42.01151899,7.55296751,123.0,-19.8
2009-10-01,101.6792,101.4163,107.847564214084,4.0065487911288304,74.32162,150101.281770433,2718236.2,-0.422115384615385,0.658653846153846,0.045043,0.5898181818181819,2.1484115454545454,3.0663635928819106,2.1,111.5474,75.30431009597713,85.0,103.2601,2.74,877092.0,41.73954028,38.94933106,7.3701682,123.6,-17.1
2009-11-01,101.7537,101.6121,110.62084243486,4.153800315582414,77.66869,150101.281770433,2718236.2,-0.422115384615385,0.658653846153846,0.043573,0.5638095238095238,2.058331761904762,3.11877230184097,2.1,111.5404,75.30903600847763,82.8,103.3723,2.74,880303.0,31.84808097,31.36382902,8.22548214,124.5,-16.2
2009-12-01,101.6328,101.3664,112.413897386784,4.376501778064691,76.69818,150101.281770433,2718236.2,-0.369047619047619,0.71547619047619,0.031984,0.48691304347826087,1.9479725217391304,3.15962289880302,2.1,111.6785,75.21590995581066,85.7,102.9462,2.74,880246.0,20.65599601,21.50598434,6.92252232,124.9,-14.8
2010-01-01,100.9865,101.2538,107.308765264057,4.065905772954677,78.79194,151480.186246324,2727784.3,-0.369047619047619,0.71547619047619,0.027068,0.5100476190476191,1.9939796190476191,3.42187002022155,1.2,112.0602,77.81531712418861,84.4,103.5637,2.74,888510.0,16.27299873,17.02605384,6.36752896,125.2,-13.3
2010-02-01,101.2058,101.4012,116.032021318238,4.001920933151572,79.07701,151480.186246324,2727784.3,-0.369047619047619,0.71547619047619,0.037635,0.4337,1.9207649999999998,3.4442944043884305,1.2,111.7721,78.01589126445688,85.1,102.4847,2.74,891037.0,11.86419757,13.05008116,6.26048122,125.7,-12.6
2010-03-01,101.1013,101.5402,115.169153734665,3.840755937161613,84.0749,151480.186246324,2727784.3,0.762632838409091,1.06211528761905,0.052509,0.453304347826087,1.882404043478261,3.34166537388462,1.2,112.3154,77.63850727504867,85.6,103.251,2.74,891741.0,9.63695936,10.84703806,6.39856039,125.8,-9.8
2010-04-01,101.9587,102.408,115.795752785802,3.6681402919661084,90.66618,152487.676418765,2755490.7,0.762632838409091,1.06211528761905,0.027666,0.5022272727272727,1.9129703636363637,3.5223592216174096,1.0,112.967,77.45624828489736,84.7,103.4546,2.74,896524.0,8.58497018,9.65068775,6.04039499,126.1,-6.9
2010-05-01,101.8611,102.3023,116.166943549078,3.494738137532244,85.7812,152487.676418765,2755490.7,0.762632838409091,1.06211528761905,0.016089,0.32676190476190475,1.660863380952381,2.99767374441406,1.0,113.3193,77.21544344167322,84.9,101.8387,2.73,896816.0,11.15296221,11.01743635,7.96148468,126.2,-5.5
2010-06-01,101.4709,101.8569,113.757883912694,3.34203968216699,84.14068,152487.676418765,2755490.7,0.939473684210526,1.16315789473684,0.059386,0.36268181818181816,1.4997958181818183,2.9622290407093796,1.0,112.821,77.55648327882221,85.1,103.2801,2.73,881257.0,12.379581,11.71146634,7.7348765,125.2,-4.9
2010-07-01,100.8276,101.1127,111.075475418943,3.292466467525612,79.58358,153268.47856506,2768740.4,0.939473684210526,1.16315789473684,0.079548,0.37354545454545457,1.3953156363636365,2.76158510192208,0.9,112.2829,78.28440483813654,86.5,106.919,2.73,882688.0,10.80298872,10.58297072,7.16035874,125.0,-2.8
2010-08-01,100.8205,101.0986,107.692519298526,3.3051662784626705,80.02588,153268.47856506,2768740.4,0.939473684210526,1.16315789473684,0.318768,0.375,0.9814138181818182,2.54238182751189,0.9,112.4496,78.16835275536775,85.6,107.1068,2.73,881858.0,10.43229035,10.21606282,7.0931783,125.7,-1.6
2010-09-01,100.831,101.0752,106.656984077312,3.2394927570595566,77.8553,153268.47856506,2768740.4,0.811818181818182,0.963272727272727,0.093595,0.4657727272727273,1.3013595454545455,2.6116166716541804,0.9,112.3717,78.22254179655555,87.1,109.7416,2.73,887063.0,10.09158351,9.89826388,7.26357399,125.9,-0.9
2010-10-01,101.5104,101.613,104.497605125654,3.2238782354156323,80.0695,154654.369252346,2785245.8,0.811818181818182,0.963272727272727,0.058606,0.4764285714285715,1.376346380952381,2.33162440414292,0.8,111.8696,77.76911690039117,86.4,108.8614,2.73,890110.0,9.47650059,9.20321225,6.84799599,125.7,0.4
2010-11-01,101.6906,101.857,104.515412409491,3.277152670002237,83.9675,154654.369252346,2785245.8,0.811818181818182,0.963272727272727,0.15866,0.47404545454545455,1.3122945454545454,2.6762547054332,0.8,111.6574,77.91691370209229,86.2,108.1892,2.73,894515.0,9.07830316,8.94779582,6.61956863,126.5,0.4
2010-12-01,101.668,101.8931,102.073858092812,3.438340798616854,88.60587,154654.369252346,2785245.8,0.727665942428571,0.878030538285714,0.050282,0.48569565217391303,1.635022347826087,3.0317993150717104,0.8,111.9702,77.69924497768156,86.2,111.863,2.73,898189.0,9.10025992,8.9450912,7.54025165,126.4,2.3
2011-01-01,100.9666,101.5358,102.408445341374,3.4417644270661887,92.32666,155596.175227092,2812499.6,0.727665942428571,0.878030538285714,0.10152,0.552,1.664384761904762,2.915429943683911,1.6,112.0702,80.03911833832723,85.7,111.8235,2.73,899910.0,8.33598234,8.28746239,7.29520971,127.6,3.2
2011-02-01,101.2672,101.9185,100.462678516116,3.3154834290599897,98.52722,155596.175227092,2812499.6,0.727665942428571,0.878030538285714,0.078858,0.618,1.818792,3.388087617347671,1.6,112.3162,79.86381305635341,87.0,111.0911,2.73,902673.0,9.21253918,8.81347054,7.68742791,128.4,3.1
2011-03-01,101.7394,102.5599,104.120800483411,3.1207067294424413,105.30352,155596.175227092,2812499.6,0.867144520545455,1.3886162419,0.083753,0.6524782608695652,1.786160043478261,3.3124345878340002,1.6,112.7961,79.52402609664696,86.2,113.1874,2.73,905070.0,8.48654177,8.29520583,7.13848967,129.6,3.5
2011-04-01,101.8823,102.6731,101.176942095005,2.855676248739561,110.58259,156594.622889438,2815998.3,0.867144520545455,1.3886162419,0.030437,0.7851428571428571,2.0433249047619046,3.3392113722863295,1.7,113.1212,79.47228282585405,89.6,112.8041,2.73,908666.0,8.24173535,8.03376206,7.17956839,130.5,3.4
2011-05-01,101.8939,102.6798,97.9379770851428,2.6529419262397758,100.5059,156594.622889438,2815998.3,0.867144520545455,1.3886162419,0.02816,0.6436818181818181,1.8970218181818181,2.9423792592262896,1.7,112.89,79.63504296217558,85.1,115.8184,2.73,912852.0,6.08619072,6.59056782,6.34464574,131.8,1.9
2011-06-01,101.7382,102.4317,96.1871947723482,2.5533328444638657,95.6266,156594.622889438,2815998.3,0.952753623173913,1.39303030304545,0.07111,0.4601818181818182,1.6584354545454545,2.8857837775344315,1.7,112.3466,80.02022313091808,86.8,119.9361,2.73,920346.0,4.30659659,5.41967058,5.46369616,132.3,1.3
2011-07-01,101.0411,101.59,89.8479834179406,2.526082612617135,96.08379,156122.469619652,2818476.1,0.952753623173913,1.39303030304545,0.05025,0.2803809523809524,1.5347976190476191,2.9990833745233285,1.3,111.5933,79.12661423221645,87.5,121.9638,2.73,917236.0,4.74213023,5.72762884,6.3003713,133.0,-0.7
2011-08-01,100.8692,101.293,83.7489479060877,2.5836134501407506,85.97172,156122.469619652,2818476.1,0.952753623173913,1.39303030304545,-0.009758,0.09591304347826086,1.170540608695652,2.65239278450583,1.3,110.2781,80.0702950087098,84.5,128.0499,2.72,920673.0,9.95449872,8.87193164,8.06251894,132.9,-3.0
2011-09-01,101.0427,101.5662,83.265021435195,2.575678959883171,98.9214,156122.469619652,2818476.1,0.57297255835,0.8538433779,0.008339,0.0755,1.0150700909090908,2.4979970829973395,1.3,110.1281,80.17935476958196,85.9,118.1192,2.7,928912.0,10.93054576,9.55906709,8.02762034,133.0,-5.5
2011-10-01,100.9734,101.4987,88.0410289824102,2.6643694428206626,98.13544,156156.962295392,2808094.2,0.57297255835,0.8538433779,0.002873,0.04642857142857143,1.039079380952381,2.5018591140701103,1.0,109.8587,80.19392182867628,87.3,115.1076,2.7,929611.0,11.24268097,9.82484528,8.2135424,133.5,-5.4
2011-11-01,100.7019,101.3215,91.6694308136046,2.80156903966528,100.56192,156156.962295392,2808094.2,0.57297255835,0.8538433779,0.02014,0.019181818181818182,0.9117236363636364,2.907047269186952,1.0,108.9787,80.84148553799963,87.1,114.1735,2.7,931826.0,9.77131408,8.89033225,7.3507396,133.3,-7.2
2011-12-01,100.5019,101.1649,94.7166096442279,3.0225550030199644,100.68119,156156.962295392,2808094.2,0.511594202913043,0.243478260869565,0.018136,0.005545454545454545,0.794364,2.6665229141741698,1.0,109.3389,80.57516583759302,86.6,113.2685,2.69,937146.0,11.44779044,9.67922582,7.58264687,132.7,-7.6
2012-01-01,99.9169,100.7342,95.5950797840871,3.1071047461437336,103.77919,156611.126015147,2804062.6,0.511594202913043,0.243478260869565,-0.012948,0.06222727272727273,0.7693570909090908,2.68213805608164,1.2,109.3463,79.65518723541628,89.0,112.7872,2.69,942765.0,11.58274129,9.80927517,7.63939733,131.5,-6.9
2012-02-01,100.0995,101.018,95.2451143006442,3.080201503666868,108.80296,156611.126015147,2804062.6,0.511594202913043,0.243478260869565,-0.001064,0.07571428571428572,0.7683497142857142,2.69578726271292,1.2,110.2342,79.01359106339049,88.2,113.4406,2.69,945629.0,10.6540983,9.32255461,6.82111775,131.2,-6.8
2012-03-01,100.5235,101.5812,97.708573651616,2.92377869573173,114.5431,156611.126015147,2804062.6,-0.116717846111111,0.821049764823529,0.007232,0.10131818181818182,0.8174043636363636,2.424264808997769,1.2,110.595,78.7558207875582,90.6,113.8222,2.69,949389.0,10.38354526,9.18587886,6.94952393,132.4,-7.6
2012-04-01,100.7043,101.6571,99.0960303167481,2.848967787588838,109.07236,156798.943450828,2795554.6,-0.116717846111111,0.821049764823529,-0.017135,0.06757142857142857,0.8088969047619047,2.63757729759281,1.2,110.5107,79.7207872178893,89.1,113.4704,2.69,951552.0,9.49527014,8.70806647,6.69021112,132.4,-7.8
2012-05-01,100.6739,101.639,95.8824895340468,2.749543766810189,103.53208,156798.943450828,2795554.6,-0.116717846111111,0.821049764823529,0.016374,-0.010391304347826088,0.6527129565217392,2.8406447229250302,1.2,110.2883,79.88154681865618,90.0,112.5016,2.69,956685.0,9.98452501,9.03203803,6.60667875,132.2,-9.5
2012-06-01,100.4935,101.3523,98.0823409377504,2.6571983291767864,91.12292,156798.943450828,2795554.6,-0.270633874055556,0.802558079235294,0.027838,-0.27285714285714285,0.5705905714285714,2.7470941523185095,1.2,109.9112,80.15561653407478,89.8,111.8085,2.69,957933.0,13.63028263,11.53307589,8.85340154,131.6,-9.8
2012-07-01,99.9984,100.8645,98.0910051823696,2.690185451938618,100.38882,157923.503503101,2791960.4,-0.270633874055556,0.802558079235294,-0.057817,-0.27640909090909094,0.654907909090909,2.7519945978390603,1.0,109.5988,80.93154304609175,90.1,110.292,2.69,956404.0,15.37204745,12.62948107,9.53995947,131.3,-11.3
2012-08-01,99.774,100.8341,105.238698113277,2.7718204843555214,109.74249,157923.503503101,2791960.4,-0.270633874055556,0.802558079235294,-0.023866,-0.27721739130434786,0.6270833913043479,2.67563600641141,1.0,110.1154,80.55185741503914,89.6,110.0317,2.68,963073.0,11.38980908,10.30404747,8.55175276,130.8,-11.7
2012-09-01,100.0365,101.1483,106.117676622535,2.783941979676139,105.93385,157923.503503101,2791960.4,-0.334370048047619,0.722079979333333,0.022813,-0.146,0.610187,2.1723734334510496,1.0,110.4665,80.29583629426116,90.5,110.6028,2.68,968287.0,10.99931961,9.95384953,8.98215928,130.5,-12.1
2012-10-01,100.2072,101.2732,100.594763511334,2.9039771690247678,104.1516,158192.569500024,2780160.2,-0.334370048047619,0.722079979333333,-0.027541,-0.07965217391304348,0.6113236086956522,2.0978818010952,0.8,110.3525,81.10373575587322,89.9,110.5827,2.69,970405.0,10.69307222,9.63225556,9.00365614,131.5,-14.6
2012-11-01,100.1272,100.9412,100.053113347092,3.055056340663985,102.37873,158192.569500024,2780160.2,-0.334370048047619,0.722079979333333,0.04,-0.094,0.5043181818181818,2.05465118025691,0.8,110.2987,81.14329543321907,89.5,110.3915,2.69,976240.0,11.52609153,10.15994724,9.46749313,131.5,-12.6
2012-12-01,99.9421,100.7254,101.569344774207,3.291980682407801,100.8812,158192.569500024,2780160.2,-0.514682098285714,0.517304994666667,0.032766,-0.131,0.5046149523809524,1.9135673620469198,0.8,110.3831,81.0812524743371,90.3,110.8552,2.69,990776.0,11.32580132,10.29465398,9.81499691,130.1,-11.6
2013-01-01,99.5013,100.4625,102.391386232084,3.42728340403049,104.30511,159237.064429737,2772863.8,-0.514682098285714,0.517304994666667,-0.028182,-0.022391304347826088,0.6995298260869566,2.1893180579713705,0.8,110.2181,80.7489876889549,90.8,109.9166,2.69,989556.0,10.80218156,9.79619525,9.23143859,132.2,-11.4
2013-02-01,99.7001,100.7593,106.963017944628,3.3773863326439035,106.91063,159237.064429737,2772863.8,-0.514682098285714,0.517304994666667,-0.035067,0.041499999999999995,0.803817,2.6345232751292005,0.8,110.3284,80.66825948713114,90.7,110.2962,2.69,993061.0,11.5065514,10.08640495,9.51339851,133.0,-9.4
2013-03-01,99.9662,100.9782,104.242967109973,3.2152728990429797,102.68252,159237.064429737,2772863.8,0.16644220235,0.741359815315789,-0.017292,0.019238095238095238,0.771292,2.82070705530431,0.8,110.2849,80.70007770782765,90.2,109.1886,2.68,997884.0,12.0436124,10.47553572,9.65818828,132.1,-10.3
2013-04-01,100.1255,101.0122,101.477047969241,3.1425901923685933,95.76472,160493.822720589,2790616.7,0.16644220235,0.741359815315789,-0.008163,-0.05431818181818182,0.6937084545454546,2.64683496129224,0.7,110.4518,81.30243237321618,91.2,109.6169,2.69,997977.0,12.99692514,10.87590771,10.02841313,132.0,-11.3
2013-05-01,100.2795,101.1233,102.759624458103,3.037082291304978,98.01482,160493.822720589,2790616.7,0.16644220235,0.741359815315789,-0.024285,-0.06226086956521739,0.6982415217391305,2.4833614746870603,0.7,110.0911,81.56880983113076,91.5,107.7106,2.69,1001567.0,12.09376545,10.18668417,9.51140269,131.7,-10.4
2013-06-01,100.2547,101.2227,101.748835989337,2.926230753945443,96.03264,160493.822720589,2790616.7,-0.0256085682727273,0.737289870809524,0.004224,-0.0087,0.9272260000000001,2.8593380612024095,0.7,110.1722,81.50876536912214,91.1,109.8102,2.69,1010016.0,8.08016383,7.21224658,6.69648006,131.5,-8.8
2013-07-01,99.7611,100.8617,104.271448706826,2.9729123905046126,101.98508,161649.337927156,2800813.8,-0.0256085682727273,0.737289870809524,-0.005746,-0.02521739130434783,1.0787460000000002,2.88001380534218,0.7,110.134,83.17140937403526,91.0,109.372,2.69,1011124.0,7.27920351,6.47899011,6.27840699,132.1,-8.3
2013-08-01,99.7341,100.7891,105.77849530017,3.006223370011652,103.05582,161649.337927156,2800813.8,-0.0256085682727273,0.737289870809524,0.010574,0.020954545454545455,1.1045623636363635,2.8709389887237293,0.7,110.3236,83.02847260241688,92.0,110.632,2.69,1012539.0,6.98565314,6.1044617,5.96962523,131.5,-5.5
2013-09-01,99.9678,101.0923,107.21875374004,3.032039379129607,103.00915,161649.337927156,2800813.8,-0.1770641045,0.522194102095238,-0.001193,0.005,1.1850977619047618,3.1838926109098096,0.7,110.4583,82.92722230923344,91.4,110.3601,2.69,1015702.0,5.44543455,5.0545159,4.98439495,131.9,-4.6
2013-10-01,100.1326,101.0147,105.984767672378,3.0868868321929335,98.44503,162104.918827899,2808624.7,-0.1770641045,0.522194102095238,-0.016479,-0.03152173913043478,1.139392043478261,2.9371836999224,0.7,109.9673,81.84251136474207,91.4,110.9792,2.69,1017108.0,5.19389097,4.74753157,4.49754121,132.6,-3.7
2013-11-01,100.2554,101.0217,104.819745276966,3.2171235090155936,98.40729,162104.918827899,2808624.7,-0.1770641045,0.522194102095238,-0.033343,-0.04680952380952381,1.1061525238095238,2.94778187200529,0.7,109.8419,81.93594611892183,93.4,110.5826,2.69,1022815.0,5.40569012,4.76304064,4.56488071,133.0,-3.1
2013-12-01,99.9258,100.793,106.456549937105,3.4568700309676443,98.93629,162104.918827899,2808624.7,-0.1918626265,0.4604318025,0.089315,-0.08254545454545455,1.0761395454545455,3.03941665153656,0.7,109.8871,81.90224330244405,92.2,111.9088,2.69,1035489.0,3.26081491,3.10279469,3.30730873,132.7,-2.8
2014-01-01,99.3964,100.5172,105.497935307285,3.410895028469009,97.72144,162632.458066714,2821904.0,-0.1918626265,0.4604318025,-0.015391,-0.08752173913043478,1.1422170869565216,2.9197343633851602,0.7,109.8794,82.45403597034566,90.8,111.2054,2.69,1036361.0,4.8679942,4.11465901,4.14995349,133.8,-2.5
2014-02-01,99.6188,100.6171,108.21066875421,3.321850326596997,97.32784,162632.458066714,2821904.0,-0.1918626265,0.4604318025,-0.02602,-0.07825,1.01867,2.80065773068556,0.7,109.4086,82.80884683653753,92.1,112.0481,2.69,1039543.0,4.78607187,4.08710884,4.23518089,133.8,-2.3
2014-03-01,100.0384,100.981,107.448751559976,3.1791250896299363,94.63442,162632.458066714,2821904.0,0.342402475705882,0.8458976973125,-0.000316,-0.032523809523809524,0.9671255238095239,2.58080575008792,0.7,109.4585,82.77109589479117,92.7,112.9776,2.69,1042475.0,5.31493208,4.28401344,4.617895,134.1,-2.1
2014-04-01,100.1704,101.0506,105.302439614933,3.050955022626458,95.12926,163729.430788559,2830336.8,0.342402475705882,0.8458976973125,-0.038873,-0.020772727272727273,0.9330093636363637,2.28032012827356,0.8,109.1488,83.83051394060219,92.2,112.1091,2.69,1047981.0,3.7986868,3.4248349,3.64575398,134.7,-2.2
2014-05-01,100.3582,101.3466,103.467368447763,2.900128743049697,97.30201,163729.430788559,2830336.8,0.342402475705882,0.8458976973125,-0.022355,0.001090909090909091,0.8320822727272728,2.2302775114717788,0.8,109.2162,83.77878007108835,91.6,111.4083,2.69,1051557.0,4.08492995,3.56903254,3.68921462,135.1,-2.8
2014-06-01,100.2144,101.2729,103.833855834052,2.818272603713216,100.14511,163729.430788559,2830336.8,0.0950156971111111,0.574031638588235,-0.036625,-0.02238095238095238,0.8142440476190477,2.0336932766175,0.8,109.2432,83.75807372907421,93.3,110.6772,2.69,1055264.0,4.60820428,4.08906289,4.07187124,135.2,-4.2
2014-07-01,99.8364,100.8939,100.735621319947,2.8276644717936934,95.85744,164831.553426955,2846297.8,0.0950156971111111,0.574031638588235,-0.034751,0.023869565217391305,0.6984901304347826,1.9519547255719893,0.8,109.2012,82.59982491034897,90.9,110.5474,2.69,1055450.0,3.53982463,3.39393855,3.5279596,135.5,-3.6
2014-08-01,99.8319,100.8614,99.466376370429,2.8583772157535474,92.44546,164831.553426955,2846297.8,0.0950156971111111,0.574031638588235,0.006218,0.02942857142857143,0.548686761904762,1.7991639370715504,0.8,108.9902,82.75973436143799,93.3,110.3417,2.69,1059264.0,2.67480099,2.83322905,3.29510638,135.7,-4.4
2014-09-01,99.9659,101.0037,98.6282860721726,2.892450557059733,90.97652,164831.553426955,2846297.8,0.101010098333333,0.541902682571429,0.01231,-0.011318181818181818,0.5738263636363635,1.75216476787436,0.8,108.9047,82.82470820818568,92.3,109.2457,2.69,1059456.0,2.7250763,2.79487493,3.34048365,133.6,-5.3
2014-10-01,100.2448,101.0019,98.3827092000724,2.946576204386085,83.30153,166077.114317987,2857712.5,0.101010098333333,0.541902682571429,-0.034484,-0.020478260869565217,0.582179652173913,1.6067827901523,0.8,108.8025,84.4649709335723,92.0,108.6547,2.69,1054102.0,2.83100888,2.91174786,3.36638922,133.2,-5.0
2014-11-01,100.3887,100.9625,99.0249302654394,3.0390482704391237,76.59049,166077.114317987,2857712.5,0.101010098333333,0.541902682571429,-0.015032,-0.11739999999999999,0.503932,1.53586565245274,0.8,108.0555,85.04888691459482,92.3,109.0152,2.69,1059846.0,3.04555935,3.04214975,3.55804145,133.9,-3.8
2014-12-01,100.1811,100.462,96.4697717390518,3.2797872207389362,60.79503,166077.114317987,2857712.5,0.0434973133809524,0.285965723714286,0.003368,-0.15182608695652175,0.3661537391304348,1.36557590501225,0.8,107.5738,85.42972359440681,93.8,108.9468,2.69,1066112.0,2.30507423,2.55881905,3.25692991,133.4,-4.6
2015-01-01,99.7667,100.0294,96.0986911241125,3.3593955433073406,45.10073,165834.262067105,2881077.3,0.0434973133809524,0.285965723714286,-0.678498,-0.5808181818181818,0.7394525454545455,1.20301503227611,0.8,106.9298,81.26827133315503,91.8,116.4889,2.69,1064168.0,1.02872885,1.73984871,2.82833288,131.4,-3.8
2015-02-01,99.6441,99.7723,82.2752916646035,3.336583541453101,54.38106,165834.262067105,2881077.3,0.0434973133809524,0.285965723714286,-0.7561,-0.87765,0.751,1.16068002432769,0.8,105.4377,82.41833803279093,91.4,118.0843,2.69,1066324.0,0.85960852,1.47196109,2.29265126,131.1,-2.9
2015-03-01,99.86,100.0978,86.8868708682833,3.2294672829902193,54.75758,165834.262067105,2881077.3,-0.96549650035,0.0507791096842105,-0.730568,-0.7518636363636364,0.6913407272727272,0.9233888314020848,0.8,105.6881,82.223069579262,91.8,115.5129,2.69,1065878.0,1.12578538,1.5839417,2.23482044,130.7,-0.9
2015-04-01,99.7342,99.9162,85.5145024103121,3.1409567157957703,57.11436,166777.224749853,2896090.3,-0.96549650035,0.0507791096842105,-0.722648,-0.8020454545454545,0.6220116363636363,0.8451140816327609,0.6,103.4938,81.84065132404068,92.3,116.8285,2.68,1065888.0,-0.11953245,0.79998293,1.52302756,130.1,-1.2
2015-05-01,99.7931,100.1488,94.4167577089827,3.0345303812914057,59.68907,166777.224749853,2896090.3,-0.96549650035,0.0507791096842105,-0.726401,-0.7698095238095238,0.7730676666666666,1.34051274292874,0.6,102.6193,82.538080068759,92.4,118.1605,2.68,1070736.0,-0.05484789,0.77832983,1.49216507,131.0,-1.4
2015-06-01,99.8523,100.2224,92.9361340307449,2.9656937747205157,57.30087,166777.224749853,2896090.3,-1.03890298786667,-0.0164284867142857,-0.727129,-0.8311818181818182,0.8485835454545455,1.67335473225937,0.6,102.5404,82.60158922727042,93.2,118.213,2.68,1070115.0,0.82916886,1.21048797,2.12118454,131.4,-1.5
2015-07-01,99.2343,99.6065,98.3510538270124,2.9767770692799416,54.00139,167639.271227497,2909068.4,-1.03890298786667,-0.0164284867142857,-0.738677,-0.8326956521739131,0.7844596086956522,1.5483605672460499,0.5,102.2616,83.2179430010874,92.9,116.5663,2.68,1069702.0,0.76177493,1.14012616,1.92820559,131.3,-1.2
2015-08-01,99.146,99.4468,100.774980580031,3.048640439023687,45.05089,167639.271227497,2909068.4,-1.03890298786667,-0.0164284867142857,-0.724588,-0.7945714285714286,0.5852546666666667,1.41536695750168,0.5,101.5621,83.79109923879085,92.6,115.0133,2.68,1075679.0,0.55025853,0.91675208,1.41032929,130.7,-1.9
2015-09-01,99.307,99.5456,99.3222552598397,3.076304164199121,46.31332,167639.271227497,2909068.4,-0.972047499111111,0.0726308597647059,-0.719895,-0.7572727272727273,0.6461677272727272,1.51689808053635,0.5,101.4824,83.85690523677012,92.7,114.7122,2.68,1078459.0,0.69409936,0.96387569,1.29102508,129.2,-1.4
2015-10-01,99.4886,99.6284,100.66378748192,3.1440279901917556,46.91391,168438.33676252,2924550.5,-0.972047499111111,0.0726308597647059,-0.724732,-0.8324545454545454,0.503141090909091,1.25600141361243,0.4,101.6539,83.61705748623515,92.3,114.6519,2.68,1078347.0,-2.68150173,0.99980597,1.44890301,129.6,-1.7
2015-11-01,99.4282,99.5566,101.370589600361,3.2970130640903323,44.70028,168438.33676252,2924550.5,-0.972047499111111,0.0726308597647059,-0.72187,-0.9955714285714286,0.43191761904761905,1.2413191796848,0.4,102.1007,83.25114323408165,91.1,112.784,2.68,1082187.0,-2.82721008,0.74300033,2.10140559,129.1,-2.2
2015-12-01,99.2988,99.1476,100.151653484168,3.530385406962093,37.81888,168438.33676252,2924550.5,-1.1353,-0.24245,-0.721086,-0.9055217391304347,0.5634338260869565,1.3180891294330301,0.4,101.6617,83.61064196250899,92.6,113.8706,2.66,1077589.0,-1.40036565,1.41233126,1.6543087,128.7,-1.5
2016-01-01,98.8814,98.7624,99.1887244798434,3.6419972989611282,30.9514,168784.737293953,2937631.8,-1.1353,-0.24245,-0.723007,-0.8496190476190476,0.5398165238095238,1.2606005917844398,0.5,101.2935,84.30945717148683,91.8,113.723,2.66,1081429.0,-0.95316879,1.56667689,1.42073789,128.4,-1.9
2016-02-01,99.1692,98.9457,105.009218808957,3.5924340520056246,31.92485,168784.737293953,2937631.8,-1.1353,-0.24245,-0.733788,-0.9422380952380952,0.37645466666666666,1.22543095663421,0.5,100.6357,84.86054153744645,91.2,113.8936,2.66,1080652.0,-0.57511442,1.75801655,1.60102456,127.8,-2.7
2016-03-01,99.3783,99.2362,103.093040797762,3.4568306107393996,37.4901,168784.737293953,2937631.8,-0.57505238085,0.152195066526316,-0.737954,-0.9293913043478261,0.3516061739130435,1.159195301153468,0.5,100.6831,84.82059054598041,90.8,114.0907,2.66,1082065.0,0.15903608,2.16518589,1.80445667,127.6,-2.0
2016-04-01,99.6997,99.5645,105.937934795998,3.328104153446794,40.0598,169711.655412558,2946098.4,-0.57505238085,0.152195066526316,-0.726368,-0.8539047619047618,0.3982251428571429,1.209351858445288,0.5,100.9674,82.9970861882152,91.0,114.7374,2.66,1085523.0,1.24953224,2.66215474,2.39055028,127.9,-2.1
2016-05-01,99.7152,99.7082,102.907911039115,3.222122931173732,45.70069,169711.655412558,2946098.4,-0.57505238085,0.152195066526316,-0.729792,-0.8263636363636363,0.4451101818181818,1.2295313973750948,0.5,101.3861,82.65432835467583,91.6,113.1297,2.64,1091269.0,1.39850915,2.5897153,2.26002938,128.6,-2.4
2016-06-01,99.622,99.8475,104.881828129378,3.096356333690833,46.77639,169711.655412558,2946098.4,-0.481764115913043,0.190887506727273,-0.765593,-0.926409090909091,0.32227481818181813,1.1508781665855659,0.5,101.532,82.53555529291258,90.1,114.3647,2.64,1092327.0,1.62833783,2.76454317,2.38142174,128.7,-1.7
2016-07-01,99.2004,99.4044,103.845629290994,3.1004291104276662,44.1875,170654.41885357,2960831.2,-0.481764115913043,0.190887506727273,-0.745432,-0.9841428571428572,0.18890819047619045,0.9155881960690879,0.6,101.4557,83.09045228607165,91.0,114.3777,2.64,1092828.0,2.40105989,3.15226347,2.73238153,128.2,-1.8
2016-08-01,99.1425,99.3045,101.872636092358,3.1793920167789502,44.51698,170654.41885357,2960831.2,-0.481764115913043,0.190887506727273,-0.731087,-0.8925652173913043,0.22234786956521746,0.909350867374379,0.6,101.1166,83.36910062244972,91.1,114.6906,2.64,1095897.0,2.64153383,3.27103476,2.88759034,127.7,-2.5
2016-09-01,99.1709,99.3649,103.03412584545,3.175319240042117,45.32149,170654.41885357,2960831.2,-0.378374736842105,0.221653333333333,-0.744965,-0.886,0.3170559090909091,1.0341425246146507,0.6,101.3787,83.15356184287232,91.5,114.1239,2.64,1100073.0,2.97134207,3.49595266,3.05412282,127.9,-0.6
2016-10-01,99.2256,99.4164,101.980160924164,3.216625653285629,48.9088,171363.226834465,2984041.2,-0.378374736842105,0.221653333333333,-0.729412,-0.8152380952380953,0.2876977142857142,1.075417752375933,0.7,101.4391,83.39979357072372,92.5,114.1316,2.64,1100628.0,6.37270099,3.40373617,2.9886725,128.4,0.2
2016-11-01,99.1208,99.2199,100.743274825232,3.321160256197687,44.56835,171363.226834465,2984041.2,-0.378374736842105,0.221653333333333,-0.728146,-0.7949545454545455,0.5461914545454545,1.53858777156883,0.7,101.5193,83.33390793671744,91.9,114.8018,2.64,1106795.0,5.53732633,3.11590094,1.93163239,128.4,-0.1
2016-12-01,98.9771,99.1409,102.525807806966,3.546921169959644,54.34218,171363.226834465,2984041.2,-0.373125,0.3175,-0.731921,-0.793,0.671830090909091,1.59900932640245,0.7,101.6926,83.19189400212011,89.8,113.6516,2.64,1108809.0,6.30898356,3.86930163,3.07793079,128.2,1.6
2017-01-01,98.6647,99.107,103.410252652355,3.5475076033735253,54.98599,171900.231004183,3010403.9,-0.373125,0.3175,-0.732656,-0.8160454545454545,0.598246909090909,1.6328870274615799,0.1,102.1135,84.90552179682412,92.7,114.3074,2.64,1108835.0,6.14445452,3.80016756,3.03223441,128.8,2.0
2017-02-01,99.0766,99.5849,106.180677451408,3.4470567934255083,54.92639,171900.231004183,3010403.9,-0.373125,0.3175,-0.72986,-0.8359500000000001,0.60546,1.76574133420551,0.1,101.8999,85.08349860991031,92.9,114.5836,2.64,1111871.0,6.04635676,3.82918826,3.24878381,128.7,3.1
2017-03-01,99.4959,99.7997,108.381608061855,3.2846573628696536,51.66562,171900.231004183,3010403.9,0.435598333333333,0.67986,-0.737014,-0.8011739130434783,0.6791444347826087,1.78243673040938,0.1,102.0105,84.99125090064258,94.2,114.1601,2.63,1112394.0,5.2393344,3.29616921,3.01121582,128.9,2.9
2017-04-01,99.8234,100.0004,107.596485477646,3.1562520221738097,52.35288,172399.236410608,3032328.3,0.435598333333333,0.67986,-0.738899,-0.806,0.590599,1.59297504822609,0.3,101.7686,84.99674752330286,90.9,113.5479,2.63,1115429.0,5.57520689,3.61355324,3.21139086,129.0,3.9
2017-05-01,99.9512,100.1862,109.018442168275,3.0149910485106015,49.65626,172399.236410608,3032328.3,0.435598333333333,0.67986,-0.734836,-0.7735217391304348,0.6547055652173913,1.5018715718344402,0.3,101.4954,85.22553731499161,92.5,113.4012,2.63,1118631.0,6.72333192,4.37626201,3.91429635,129.0,4.5
2017-06-01,99.8334,100.0444,109.34196717231,2.8817972002329544,44.88777,172399.236410608,3032328.3,0.451578947368421,0.608333333333333,-0.734155,-0.7948181818181819,0.594155,1.4021102953597602,0.3,101.4002,85.30555166557858,92.7,114.2578,2.62274194,1121734.0,6.64184091,4.32965491,4.03304025,129.5,5.7
2017-07-01,99.5394,99.7317,107.602516809407,2.888764263065939,46.55834,173263.317405018,3055012.9,0.451578947368421,0.608333333333333,-0.732636,-0.7154761904761904,0.7553026666666666,1.53687009752845,0.5,101.3654,88.49173386579643,92.2,113.6187,2.62274194,1123250.0,6.1799618,4.2033719,3.89467804,129.3,6.6
2017-08-01,99.5338,99.764,105.539042708362,2.9243976618278293,49.91088,173263.317405018,3055012.9,0.451578947368421,0.608333333333333,-0.732305,-0.7344347826086957,0.6463484782608695,1.37363174515063,0.5,101.674,88.22314456006451,91.7,111.2633,2.62274194,1125445.0,6.50078221,4.44988907,4.0627641,130.2,6.1
2017-09-01,99.6786,100.0128,109.152142256586,2.872435883609068,54.04937,173263.317405018,3055012.9,0.448947368421053,0.636111111111111,-0.742996,-0.744095238095238,0.6920912380952381,1.4453210842141297,0.5,102.2191,87.75268027208223,94.1,110.576,2.62274194,1128876.0,6.76706605,4.49469441,4.23958828,130.6,7.9
2017-10-01,99.7438,100.0735,108.949273516898,2.9076163154375445,56.47943,175020.491119827,3079883.3,0.448947368421053,0.636111111111111,-0.737404,-0.7454545454545454,0.7372221818181818,1.4789041564741296,0.4,102.7013,89.77491034680185,91.7,109.4532,2.62274194,1133446.0,7.09129728,4.4585076,4.10898604,130.5,9.0
2017-11-01,99.7156,100.0008,108.896035402869,2.9619076378852913,62.18353,175020.491119827,3079883.3,0.448947368421053,0.636111111111111,-0.736376,-0.7831818181818182,0.6745578181818183,1.277731630672955,0.4,103.3266,89.23162089916828,93.4,108.3754,2.62274194,1135633.0,7.75366345,4.59302888,4.18449541,130.9,9.2
2017-12-01,99.6782,99.9724,109.64904516874,3.1633053644226825,63.53586,175020.491119827,3079883.3,0.4432695,0.705895,-0.746149,-0.7707619047619048,0.6389585238095238,1.20692629874751,0.4,103.564,89.02707504538257,93.0,108.0833,2.6228125,1133740.0,7.14876798,3.9720944,3.53835451,131.2,9.7
2018-01-01,99.1423,99.8406,108.715996834897,3.217380988330709,66.34477,176315.675353972,3085871.0,0.4432695,0.705895,-0.740278,-0.818,0.7311475652173913,1.35942972825132,0.8,103.9176,89.20529342479043,93.1,108.3719,2.6228125,1136465.0,7.4433228,4.23036563,3.90548004,132.1,9.7
2018-02-01,99.6007,100.2104,103.669340214932,3.1045490822027135,61.10315,176315.675353972,3085871.0,0.4432695,0.705895,-0.759249,-0.7776500000000001,0.9331989999999999,1.59816337620687,0.8,104.2566,88.91523414344991,93.1,110.5862,2.6228125,1139595.0,7.40046095,4.13747446,3.61842795,133.0,8.4
2018-03-01,100.0717,100.5935,100.441300921736,2.812989366061992,62.5838,176315.675353972,3085871.0,0.75,0.993333333333333,-0.73834,-0.7848181818181819,0.8369309090909091,1.4962977492290002,0.8,104.0315,89.10762605556971,94.0,109.2064,2.6228125,1144637.0,6.9645924,3.86325684,3.22638744,133.0,6.7
2018-04-01,100.3324,100.8036,101.986238570763,2.583658678630746,69.85114,177919.757353243,3103158.9,0.75,0.993333333333333,-0.729806,-0.7473809523809524,0.8117107619047619,1.45403181283971,0.8,104.4899,90.05655092023247,93.7,107.2654,2.6228125,1150333.0,6.84603965,3.6527696,3.23289407,133.7,7.9
2018-05-01,100.4005,101.1873,98.8983331576049,2.359569465714717,76.73976,177919.757353243,3103158.9,0.75,0.993333333333333,-0.728226,-0.682695652173913,0.8068781739130435,1.56141542510378,0.8,104.7243,89.8549811266344,93.2,106.7262,2.6247619,1154123.0,5.75235191,3.03422064,2.81045102,134.1,6.7
2018-06-01,100.311,101.1915,96.8622238131134,2.298893466491232,73.65859,177919.757353243,3103158.9,0.915894713055556,1.08674085364706,-0.730086,-0.6869047619047619,0.7539431428571429,1.60933057157399,0.8,104.9223,89.68541482601886,94.3,108.621,2.62484127,1156592.0,5.0408204,2.64764854,2.25456135,133.7,7.2
2018-07-01,100.061,100.9587,98.9875867388963,2.287526153447941,73.86479,177565.149686348,3109358.2,0.915894713055556,1.08674085364706,-0.730823,-0.6563636363636364,0.7224139090909091,1.51658314685909,0.5,105.0602,88.99659433353449,93.0,108.6098,2.6247619,1157964.0,5.09513487,2.67204949,2.36471564,133.7,5.7
2018-08-01,100.0714,100.9423,96.9625380162233,2.3272362546105563,71.65729,177565.149686348,3109358.2,0.915894713055556,1.08674085364706,-0.731997,-0.6635217391304348,0.7173448260869565,1.6847883976352798,0.5,105.0873,88.97364381804461,93.7,110.3676,2.63269841,1162084.0,4.96127872,2.62806469,2.44963459,133.7,5.1
2018-09-01,100.0473,101.0024,99.2952073453974,2.2990444554690366,76.38683,177565.149686348,3109358.2,0.976190476190476,1.089,-0.785767,-0.6494,0.836217,1.6379615430823895,0.5,104.9258,89.11059053159471,92.6,112.3153,2.63269841,1165104.0,4.8201124,2.5904117,2.28424314,133.5,5.5
2018-10-01,100.1465,101.1809,97.7219686320695,2.3147688790146894,80.54561,178111.0102894,3127138.7,0.976190476190476,1.089,-0.73731,-0.6538695652173913,0.8497013043478261,1.8716942648261203,0.5,105.1076,92.66694320867379,93.9,110.1744,2.63269841,1171355.0,4.87919495,2.76247386,2.50659746,133.7,4.5
2018-11-01,99.9537,100.9228,98.7510968104567,2.3829080477125166,64.81876,178111.0102894,3127138.7,0.976190476190476,1.089,-0.732697,-0.6903181818181818,0.7822424545454546,1.7215794678971899,0.5,104.7832,92.95383229372649,93.3,109.8559,2.63269841,1173444.0,4.92379064,2.93064019,2.76052677,133.1,4.6
2018-12-01,99.9873,100.6637,97.310726812725,2.581070296154095,56.89676,178111.0102894,3127138.7,0.937356625238095,0.9401157495,-0.730971,-0.7245238095238096,0.6268757619047619,1.52245886842946,0.5,104.1672,93.50352126197114,93.5,110.734,2.63269841,1173152.0,5.44209038,3.51717851,3.16117698,132.9,2.8
2019-01-01,99.6029,100.3998,96.0681676357095,2.673842238088048,58.79941,178548.287710775,3149906.9,0.937356625238095,0.9401157495,-0.731819,-0.7446086956521739,0.5760363913043478,1.51042066426418,0.5,103.4203,93.01848863327606,93.9,110.2967,2.63296875,1179096.0,4.94974368,3.14029004,3.31762792,133.1,0.6
2019-02-01,100.0265,100.7902,98.9755292248617,2.5770151636073426,64.05182,178548.287710775,3149906.9,0.937356625238095,0.9401157495,-0.738785,-0.7343,0.5003850000000001,1.42839908018448,0.5,103.5787,92.8762380682515,93.7,109.0,2.63296875,1180789.0,5.1190304,3.32076052,3.56711743,133.4,-0.4
2019-03-01,100.569,101.3269,100.135316175345,2.4231789650784066,66.1729,178548.287710775,3149906.9,0.60841291345,0.842255472947368,-0.737656,-0.7307142857142856,0.44027504761904757,1.301172744387536,0.5,103.8606,92.62415198833821,93.3,109.1521,2.63296875,1183295.0,5.20013192,3.58426346,3.73949163,133.6,-1.6
2019-04-01,100.8208,101.5173,97.807298956726,2.3144021914971633,71.83364,179745.403764199,3164574.7,0.60841291345,0.842255472947368,-0.73173,-0.7014545454545454,0.4741390909090909,1.262538365123788,0.5,103.8963,92.78482486864307,93.9,108.5848,2.63289063,1190163.0,5.09744224,3.65204267,3.66359516,133.5,-3.9
2019-05-01,101.0025,101.8291,99.7517195970632,2.1865360971506225,72.08277,179745.403764199,3164574.7,0.60841291345,0.842255472947368,-0.73687,-0.7161304347826087,0.4041308695652174,1.183384192056088,0.5,103.9269,92.75750551589627,93.4,108.838,2.63289063,1193444.0,5.16034336,3.70324532,3.49953626,133.9,-2.5
2019-06-01,101.0137,101.7989,100.492895307132,2.0970643428743987,63.44825,179745.403764199,3164574.7,0.667647058823529,0.7925,-0.74023,-0.7856,0.27953000000000006,0.902875698638794,0.5,103.4144,93.21719218986911,95.8,110.5704,2.63289063,1195799.0,5.15561586,3.78016427,3.71409811,133.3,-5.1
2019-07-01,100.4642,101.2735,95.1798811574351,2.1047432108884623,63.15413,180557.650433893,3172352.8,0.667647058823529,0.7925,-0.74512,-0.8521739130434783,0.18938086956521738,0.7224868379118978,0.5,103.323,94.0739235213844,95.0,110.5166,2.63289063,1199476.0,4.71775808,3.40931815,3.27937864,133.6,-6.9
2019-08-01,100.4521,101.2632,96.3311411578354,2.1473221026293654,57.78637,180557.650433893,3172352.8,0.667647058823529,0.7925,-0.74726,-1.0061363636363636,-0.17569454545454544,0.5072032681576103,0.5,103.1093,94.26889717998279,94.0,112.6365,2.63289063,1202216.0,4.15067675,2.99770438,2.86335563,133.3,-5.4
2019-09-01,100.4164,101.1522,95.790788037129,2.137529388926037,62.23421,180557.650433893,3172352.8,0.527272727272727,0.61,-0.74627,-0.9424285714285714,-0.03725380952380952,0.46512293261004,0.5,102.7922,94.55970394640839,94.5,111.72,2.63296875,1206252.0,3.58806174,2.64666771,2.72164555,133.2,-7.8
2019-10-01,100.3119,100.9248,95.6492432178733,2.1933090312978583,59.29777,181517.122572749,3173754.7,0.527272727272727,0.61,-0.73297,-0.8086086956521739,0.12205695652173909,0.5444678197517259,0.9,102.5893,93.38205836281172,94.7,110.4244,2.63289063,1209019.0,2.35242824,1.70407977,1.91827558,133.0,-7.9
2019-11-01,100.3259,100.7904,97.4233267995433,2.293522572852182,62.76044,181517.122572749,3173754.7,0.527272727272727,0.61,-0.7065,-0.723047619047619,0.23554761904761906,0.7025676435533448,0.9,102.2142,93.72474665946609,95.0,110.0881,2.63289063,1214240.0,1.28521303,0.82073938,1.41997546,133.3,-7.3
2019-12-01,100.3571,100.8205,97.8089040073968,2.529647764284636,66.04596,181517.122572749,3173754.7,0.3977648304,0.37880104135,-0.65925,-0.7217272727272728,0.1417954545454545,0.7607364610777839,0.9,102.3603,93.59097228124575,95.3,110.5641,2.63296875,1211532.0,0.60009945,0.11742281,0.77829533,133.3,-7.7
2020-01-01,99.8385,100.6029,101.303671160451,2.632394650812582,61.72366,178847.754784924,3080231.0,0.3977648304,0.37880104135,-0.70191,-0.7204347826086956,0.1348665217391305,0.7069674686853609,0.9,102.3791,92.01096708214861,95.0,111.684,2.63296875,1216048.0,-0.11739045,-0.52870068,0.07247216,133.8,-5.2
2020-02-01,100.2114,100.7275,98.99288569131,2.5628749652782234,54.33002,178847.754784924,3080231.0,0.3977648304,0.37880104135,-0.70741,-0.7276,-0.0009400000000000519,0.5411627309921667,0.9,101.4297,92.8722060698198,95.4,112.2287,2.63296875,1220116.0,-0.10828563,-0.72933915,0.06957907,133.6,-4.7
2020-03-01,100.4884,100.8049,80.9794994813015,2.9501057042903174,30.70792,178847.754784924,3080231.0,0.0525,0.581818181818182,-0.66619,-0.8186363636363637,0.08609909090909085,0.7892343262904828,0.9,101.0881,93.18604266971087,88.1,115.1977,2.63296875,1233551.0,1.89819762,0.25800972,1.36203981,133.2,-11.3
2020-04-01,100.2737,100.4382,53.8942706271006,3.337053666108435,17.82923,167288.429811562,2750504.5,0.0525,0.581818181818182,-0.65946,-0.613909090909091,0.28982363636363645,0.8078761486987859,0.9,99.7658,82.59343382201115,76.8,115.0191,2.63296875,1239223.0,2.81721622,0.94589998,2.05990737,132.3,-37.1
2020-05-01,100.3468,100.4803,53.9242138782281,3.3932828235259316,28.47378,167288.429811562,2750504.5,0.0525,0.581818181818182,-0.65962,-0.6477142857142857,0.15433428571428565,0.7511357427569659,0.9,99.2704,83.00560892270002,100.8,114.7093,2.63296875,1245005.0,3.34765642,1.35945315,2.46298768,132.1,-29.3
2020-06-01,100.2508,100.5012,89.4061219692502,3.269100131186866,38.30747,167288.429811562,2750504.5,-0.692848578588235,0.284492416235294,-0.66239,-0.6313636363636363,0.2670263636363637,0.7274592915173739,0.9,99.7738,82.58681136731288,99.4,114.1858,2.63296875,1243965.0,4.43385592,2.07604097,3.06124628,132.7,-21.3
2020-07-01,100.0724,100.3419,111.510408820642,3.238233912859815,40.33315,178750.983244886,3047727.3,-0.692848578588235,0.284492416235294,-0.7037,-0.7223478260869566,0.2600478260869565,0.6649853101863519,1.3,99.8956,89.7937446694349,99.1,115.1864,2.63296875,1243018.0,4.65225268,2.36394926,3.7565518,133.6,-14.7
2020-08-01,100.0871,100.3861,117.477339770642,3.286980350682874,40.70635,178750.983244886,3047727.3,-0.692848578588235,0.284492416235294,-0.70568,-0.769,0.23829904761904763,0.639771953925014,1.3,99.5102,90.1415131313172,98.0,115.7942,2.63296875,1247341.0,5.10074278,2.7008696,3.97374826,134.2,-10.4
2020-09-01,100.1018,100.3431,110.546553451057,3.2314907643880844,37.42775,178750.983244886,3047727.3,-0.7073430474375,0.18504007925,-0.71371,-0.7868636363636363,0.24489181818181815,0.6148636702947539,1.3,99.5915,90.06792748377121,96.6,115.4336,2.63651515,1249650.0,5.709704,3.23934745,4.25101911,135.4,-8.3
2020-10-01,100.1864,100.3492,112.050416348508,3.2436284316371995,36.67047,179397.075083201,3061375.7,-0.7073430474375,0.18504007925,-0.71804,-0.8066363636363636,0.2157672727272727,0.5094605895975517,0.8,99.6227,92.54918808665094,100.2,115.6291,2.63651515,1253785.0,7.18501268,4.42980037,5.53272492,135.4,-5.6
2020-11-01,100.1176,100.1002,104.486573292418,3.3339431169747016,38.89252,179397.075083201,3061375.7,-0.7073430474375,0.18504007925,-0.72109,-0.7821904761904763,0.24794714285714287,0.46585768535555294,0.8,99.4873,92.67514547082894,97.2,114.7641,2.63630769,1259066.0,8.13255366,5.20711056,5.78790457,135.0,-6.7
2020-12-01,100.0,100.0,105.615084826688,3.5574458606748065,44.41363,179397.075083201,3061375.7,-0.655324853466667,0.199112289066667,-0.726264,-0.794913043478261,0.19513356521739122,0.44621818334471863,0.8,100.0,92.2,100.9,115.177,2.64507246,1260402.0,8.99988605,6.03831247,6.47297843,136.1,-3.1
2021-01-01,99.8375,100.0553,101.554571877751,3.6924828468441735,48.55746,180039.483601724,3089279.7,-0.655324853466667,0.199112289066667,-0.725018,-0.783,0.2306846666666667,0.4834432402032497,0.5,100.263,95.74818228060201,94.4,114.5917,2.64507246,1269067.0,9.98038214,6.83366769,7.0417869,137.1,-2.4
2021-02-01,99.9112,100.2198,110.334982262454,3.653329081524447,55.91774,180039.483601724,3089279.7,-0.655324853466667,0.199112289066667,-0.725267,-0.77285,0.389167,0.6043093685662668,0.5,100.2769,95.73491003411554,88.4,113.0688,2.64507246,1276813.0,9.77670757,6.79624874,6.76976047,138.1,0.1
2021-03-01,100.1126,100.5577,116.945065804067,3.4361344444591873,60.81537,180039.483601724,3089279.7,0.345281609846154,0.626518806583333,-0.72334,-0.779,0.43642695652173913,0.6869562381998869,0.5,100.8483,95.19248217372034,108.4,110.2032,2.64307143,1282893.0,8.24648903,6.06821853,5.74649948,139.5,3.6
2021-04-01,100.3058,100.7675,128.871186226309,3.290634702112715,59.74128,184085.475999853,3154909.7,0.345281609846154,0.626518806583333,-0.725071,-0.7796818181818183,0.47066190909090916,0.7431191886118189,-0.8,101.5572,97.58047681503625,106.1,110.7266,2.64307143,1281955.0,7.29829188,5.27163922,4.92151842,139.7,7.2
2021-05-01,100.5206,101.0339,127.328551526873,3.109809562611112,61.86446,184085.475999853,3154909.7,0.345281609846154,0.626518806583333,-0.725578,-0.7553809523809524,0.5670541904761904,0.9172510274973329,-0.8,102.4036,96.7739415411177,103.0,111.4695,2.643,1286013.0,6.56908707,4.48506001,4.19093796,140.8,9.3
2021-06-01,100.5041,101.1087,118.074274066943,2.867382499006473,66.41736,184085.475999853,3154909.7,0.494156675,0.681280819375,-0.722566,-0.7555,0.5438387272727273,0.846873297148943,-0.8,102.7151,96.48045905616603,100.1,111.0354,2.64292857,1291483.0,5.97985558,3.85079735,3.71782839,141.1,11.9
2021-07-01,100.2918,101.023,118.963864196296,2.790336589693989,68.95899,188029.148805192,3208402.7,0.494156675,0.681280819375,-0.721564,-0.7880454545454545,0.40615490909090907,0.708164532874183,0.1,103.1851,97.78543607555741,97.3,111.0739,2.64435714,1292421.0,6.49085121,3.52104119,3.2793018,142.1,14.5
2021-08-01,100.518,101.2711,109.073953261332,2.748485564985571,64.70887,188029.148805192,3208402.7,0.494156675,0.681280819375,-0.72305,-0.789409090909091,0.3372772727272727,0.6070693793304722,0.1,103.8743,97.13663533713344,98.7,111.6931,2.64435714,1297395.0,5.78571379,3.02807274,3.16504015,142.3,14.0
2021-09-01,100.5709,101.2887,108.858532847905,2.616646136317314,68.73811,188029.148805192,3208402.7,0.553846153846154,0.808333333333333,-0.672877,-0.7412727272727273,0.4333769999999999,0.7420811982243599,0.1,104.1098,96.91690887889517,98.9,110.5228,2.64435714,1299401.0,6.2463641,3.28218473,3.34626334,142.5,14.4
2021-10-01,100.7715,101.5954,107.23887327532,2.5391869372597893,77.08185,189308.80212975,3238607.0,0.553846153846154,0.808333333333333,-0.693678,-0.6742380952380953,0.6045351428571428,0.9022978673981188,-0.2,104.7243,99.30837446514323,102.1,110.945,2.6265,1300169.0,5.44661201,2.60213265,2.53876875,142.0,14.9
2021-11-01,100.831,101.6346,103.713267883596,2.52855016434793,74.67096,189308.80212975,3238607.0,0.553846153846154,0.808333333333333,-0.680889,-0.6675454545454546,0.537889,0.8796061866374499,-0.2,105.2264,98.83451301194377,101.6,111.8128,2.6265,1302378.0,4.59473356,1.96273102,1.85783578,142.3,14.0
2021-12-01,100.8179,101.5311,100.291455510841,2.64783863602203,68.30748,189308.80212975,3238607.0,0.642098653666667,0.980963197666667,-0.68483,-0.6810434782608695,0.44913434782608697,0.860432004803968,-0.2,105.0935,98.95949797085451,101.0,112.4329,2.63,1301509.0,4.5012694,1.54598328,1.40783634,142.3,14.5
2022-01-01,100.6351,101.705,101.568467053575,2.6595847656179474,79.50696,189512.607907838,3260762.6,0.642098653666667,0.980963197666667,-0.696923,-0.5587142857142857,0.7036849047619047,1.094643052161387,1.9,105.6858,103.70361959695626,100.4,111.7855,2.629,1309774.0,4.44653325,1.24197549,1.09164271,143.5,13.3
2022-02-01,101.2436,102.3754,99.131237679976,2.566094274871179,89.63422,189512.607907838,3260762.6,0.642098653666667,0.980963197666667,-0.698075,-0.39905,0.938025,1.4756379814391392,1.9,106.1061,103.29283613288962,100.0,110.9326,2.629,1314625.0,3.84107944,0.87499284,0.96899562,145.4,13.6
2022-03-01,101.5212,102.9572,92.5246539520358,2.3818540569500217,108.97076,189512.607907838,3260762.6,1.95107664933333,1.14397435147059,-0.701726,-0.4076521739130435,1.0742912173913044,1.54888656280789,1.9,106.9807,102.44838554991695,101.5,111.4799,2.629,1318321.0,4.20696428,0.72814398,0.72256903,147.3,8.0
2022-04-01,101.7729,103.3351,96.3449963563976,2.2707226197175316,98.82113,190932.99239633,3287956.9,1.95107664933333,1.14397435147059,-0.701592,-0.16623809523809524,1.4770681904761904,2.01577670049276,2.0,108.3966,103.23202019251528,100.4,110.3628,2.63435714,1325579.0,3.6430647,0.33118991,0.13316502,147.8,7.4
2022-05-01,102.2796,104.0068,91.2581178819493,2.131792009108036,111.1216,190932.99239633,3287956.9,1.95107664933333,1.14397435147059,-0.692302,-0.17872727272727273,1.4787565454545453,2.25983073196545,2.0,109.4257,102.26116899412112,100.6,108.008,2.63435714,1327892.0,3.39943681,0.28401309,0.24549635,148.4,6.2
2022-06-01,102.4335,104.5312,95.8362985231577,2.0123077686073376,119.04949,190932.99239633,3287956.9,2.60909090909091,1.7,-0.195447,0.23986363636363636,1.383356090909091,2.6779440003435093,2.0,109.8058,101.90718523065266,100.3,109.07,2.64717391,1330177.0,3.02897511,0.11625438,-0.15848975,150.2,7.4
2022-07-01,102.2711,104.4916,91.9089562652369,1.9897508493648062,108.5797,191260.210977403,3301904.5,2.60909090909091,1.7,-0.18865,-0.041,0.9446976190476191,2.05635536201857,1.1,109.6988,102.73585490452038,99.9,111.4674,2.65375,1332932.0,2.27095618,0.14268671,-0.2097248,150.0,3.7
2022-08-01,102.5772,104.7671,89.3936030252115,1.9875321359966884,96.16691,191260.210977403,3301904.5,2.60909090909091,1.7,-0.200623,0.1986086956521739,0.7831012608695652,1.66185468594624,1.1,109.5726,102.85418069845929,100.3,113.0374,2.65375,1337038.0,2.64494807,0.30857999,-0.19983734,149.3,1.7
2022-09-01,102.5792,104.5831,88.7736914113177,1.9473777744521248,87.36804,191260.210977403,3301904.5,3.05,2.38,0.43653,0.7875,0.6427427272727272,1.8029013028994103,1.1,109.7802,102.65967815689898,100.7,112.8289,2.66110294,1339298.0,1.72069603,-0.4454614,0.09797487,148.5,0.3
2022-10-01,102.6054,104.6392,87.3306379154057,1.9497705045549967,92.85871,191341.929864363,3296813.5,3.05,2.38,0.470718,0.5563809523809524,0.7819010476190476,1.7564570172328298,0.9,109.8055,103.91100627928473,99.8,110.69,2.66110294,1344355.0,-0.06051177,-1.7098971,-0.1055811,148.2,-0.4
2022-11-01,102.7456,104.6432,91.1368150456615,1.9865532918636952,88.30367,191341.929864363,3296813.5,3.05,2.38,0.459251,0.6942727272727273,0.6091126363636361,1.1122516754233802,0.9,109.2312,104.45733453445536,99.7,111.3241,2.65917647,1347582.0,0.54048909,-1.35177597,0.87542012,146.6,-1.4
2022-12-01,102.8008,104.4149,93.4057100973903,2.108669535477553,75.39188,191341.929864363,3296813.5,2.90275528165,2.2517482999,0.942118,1.0290000000000001,0.31079109090909096,0.9360603766952904,0.9,108.465,105.19522426589221,98.0,112.3545,2.66891429,1336849.0,-2.23352496,-3.08053039,0.12861109,148.7,-0.5
2023-01-01,102.8143,105.0435,94.979966237651,2.136362525915182,76.23751,192991.570662178,3298943.2,2.90275528165,2.2517482999,0.946142,1.0545909090909091,0.30613072727272717,0.69917454825526,1.8,109.1901,104.9545700571755,98.4,111.8372,2.67605714,1342130.0,-5.01622236,-4.63212443,-0.05821435,150.2,1.0
2023-02-01,103.634,105.8273,92.2087910935532,2.0870957708323563,76.4598,192991.570662178,3298943.2,2.90275528165,2.2517482999,0.937929,1.11275,0.411721,0.5807431383377102,1.8,109.0183,105.11996609743501,99.2,112.3983,2.69817391,1344502.0,-6.46314578,-5.3029956,0.22867155,150.9,-0.7
2023-03-01,103.7966,105.9896,97.0877385074103,1.966324383695153,72.58724,192991.570662178,3298943.2,2.434,1.34933333333333,1.418617,1.1039999999999999,-0.20305178260869572,0.3225314256176799,1.8,109.2524,104.89472084823765,99.1,112.2571,2.71292647,1346835.0,-9.64054129,-7.38063406,-0.56504323,150.4,-1.5
2023-04-01,104.0193,105.986,92.7084599626003,1.9192411379813163,76.0467,192677.235823768,3302692.3,2.434,1.34933333333333,1.419656,1.0079,-0.30825599999999986,0.026148094409689904,1.8,109.4593,99.6717501390928,96.6,113.7266,2.75880882,1352573.0,-10.23328373,-7.99298305,-0.16430974,151.0,-3.5
2023-05-01,104.267,106.252,89.9263928233416,1.8671337008067952,67.74205,192677.235823768,3302692.3,2.434,1.34933333333333,1.441883,0.926608695652174,-0.4263612608695653,-0.1610874077467801,1.8,109.126,99.97617433059031,99.2,114.386,2.84108824,1356331.0,-12.33189122,-9.48986798,-1.23380832,151.5,-5.9
2023-06-01,104.2404,106.3196,88.4219826670212,1.804023920306979,67.38369,192677.235823768,3302692.3,2.32833333333333,1.61555555555556,1.706544,1.1195000000000002,-0.7675894545454546,-0.3716847847550597,1.8,109.159,99.94595040262368,100.9,114.4726,2.86866176,1357324.0,-13.8784848,-10.50646413,-1.37657013,151.4,-7.2
2023-07-01,103.9956,106.1688,90.8322832458779,1.8570641187653398,69.87589,192948.273044298,3305077.0,2.32833333333333,1.61555555555556,1.702332,1.2181904761904763,-0.7666177142857143,-0.40290247967421067,1.8,109.0148,102.27969046404708,97.6,116.6149,2.91094118,1351942.0,-16.26469024,-11.93738056,-1.55579697,151.7,-9.3
2023-08-01,104.0738,106.3955,91.2655406523433,1.9053981125643258,75.66542,192948.273044298,3305077.0,2.32833333333333,1.61555555555556,1.705343,1.1290869565217392,-0.7128647391304349,-0.4378602041885902,1.8,108.7482,102.5304326876215,98.3,116.9233,2.95726471,1358334.0,-17.90084625,-13.15909764,-2.19725423,152.1,-10.1
2023-09-01,103.9596,106.3136,93.8111953535783,1.9254312810468004,84.31547,192948.273044298,3305077.0,2.195,1.76666666666667,1.714893,1.1605238095238095,-0.6767977619047618,-0.3756889014937399,1.8,108.6489,102.62414069539591,97.8,115.7871,2.96939706,1360826.0,-18.23956793,-13.40608645,-2.80118247,151.5,-8.6
2023-10-01,104.173,106.4112,94.6850977180641,1.9834532727256708,81.85125,193452.667716782,3307294.2,2.195,1.76666666666667,1.704967,1.1761363636363635,-0.6000579090909091,-0.24553163520566024,1.7,108.8474,102.89634846583382,97.8,116.0483,2.98483824,1361119.0,-17.76378031,-13.0567499,-2.54824381,151.0,-9.1
2023-11-01,104.1652,106.1539,98.4828974938069,2.077746958873868,73.83111,193452.667716782,3307294.2,2.195,1.76666666666667,1.701526,1.2212272727272728,-0.6842532727272728,-0.5529117350306705,1.7,107.859,103.83927164168034,98.4,115.6718,2.99207463,1367182.0,-18.51349406,-13.44984134,-3.11045323,150.7,-9.7
2023-12-01,104.3443,106.2055,100.555017628656,2.2653167734060737,67.13611,193452.667716782,3307294.2,2.08857142857143,1.63,1.695237,0.9894285714285713,-1.0343798571428573,-1.0688249991637897,1.7,107.2303,104.44808976567256,98.1,118.0889,2.99953731,1361634.0,-17.4531881,-12.49371844,-1.97749738,151.3,-8.8
2024-01-01,104.0458,106.3866,98.858940795037,2.3992104158772998,68.83575,193719.604605434,3318088.8,2.08857142857143,1.63,1.698236,1.0375652173913044,-0.8795838260869566,-1.0208835194255097,0.6,106.6895,102.44681997759855,98.5,119.2392,3.00326866,1364482.0,-17.02706577,-12.18943571,-2.05249592,152.9,-9.7
2024-02-01,104.7575,107.0638,100.351704851623,2.371736356244192,73.2178,193719.604605434,3318088.8,2.08857142857143,1.63,1.697838,1.027952380952381,-0.837933238095238,-0.89781501286667,0.6,106.8284,102.31361697825672,98.9,117.2831,3.00326866,1368322.0,-16.65655091,-11.99438882,-2.62639002,153.4,-10.0
2024-03-01,104.8502,107.0971,101.409855362959,2.302076047637408,75.89765,193719.604605434,3318088.8,1.45,1.1975,1.464207,0.9421904761904761,-0.7680165238095239,-0.9691020972142299,0.6,106.9123,102.23332581938654,98.9,115.0572,3.00326866,1375522.0,-14.61602122,-10.16726508,-1.48879981,153.4,-9.7
2024-04-01,105.2186,107.4357,100.575125728084,2.2673942871746267,81.83672,194512.14816934,3326986.9,1.45,1.1975,1.444518,0.8715454545454545,-0.738518,-0.8128390317482106,1.1,107.508,101.94590170033857,99.1,113.5726,2.99953731,1378194.0,-13.79218948,-9.0468313,-0.90150757,154.2,-10.7
2024-05-01,105.4713,107.729,105.883461901456,2.235765200004413,74.29428,194512.14816934,3326986.9,1.45,1.1975,1.450122,0.9616956521739131,-0.7108176521739129,-0.6922080491457794,1.1,107.1508,102.28575054969258,99.3,112.8204,2.98287879,1382219.0,-12.66470989,-7.85668648,-0.66809455,154.5,-10.7
2024-06-01,105.4001,107.7316,103.092265390474,2.2156896332817637,73.51234,194512.14816934,3326986.9,1.41857142857143,1.27769230769231,1.215794,0.9257,-0.48274400000000006,-0.5594797682447705,1.1,107.1333,102.30245871265049,97.7,114.9203,2.97,1379582.0,-9.81291277,-5.57501546,0.15107912,154.7,-10.4
2024-07-01,105.1223,107.539,101.377024266059,2.283484419320868,75.92942,195072.075976635,3340492.7,1.41857142857143,1.27769230769231,1.21096,0.7258260869565217,-0.6334817391304348,-0.5718037200763191,1.5,107.1647,101.9925404540861,100.1,114.2479,2.94492308,1379093.0,-8.34867876,-4.22286091,0.30430256,154.1,-11.0
2024-08-01,105.2116,107.5237,104.263761676066,2.360606818198373,68.93968,195072.075976635,3340492.7,1.41857142857143,1.27769230769231,1.217226,0.5213181818181818,-0.8067714545454545,-0.6416875408431202,1.5,107.3892,101.7793223154656,101.1,117.2321,2.94107692,1381006.0,-6.25152156,-2.38150382,1.1503922,154.4,-10.5
2024-09-01,104.98,107.2098,103.477450358047,2.400694354283409,62.70396,195072.075976635,3340492.7,1.24375,1.0,0.957401,0.4808095238095238,-0.5219724285714284,-0.59953513229248,1.5,107.2475,101.9137975244178,99.5,117.6911,2.93723077,1384188.0,-4.06892956,-0.72218755,1.72607893,154.3,-11.5
2024-10-01,105.0436,107.0741,99.6344060881565,2.4685739368028625,65.14546,196172.955256197,3356518.8,1.24375,1.0,0.949059,0.35778260869565215,-0.49897204347826085,-0.3006660494673108,1.8,106.8816,103.29186688822023,99.7,116.8992,2.92646154,1389246.0,-3.03030784,0.28700182,1.36789337,154.4,-12.6
2024-11-01,105.0622,106.9296,102.22254573547,2.5675102302501727,65.48759,196172.955256197,3356518.8,1.24375,1.0,0.942743,0.215,-0.5694572857142857,-0.07766847732150017,1.8,106.261,103.89512615164548,99.7,116.2722,2.91569231,1392453.0,-1.17762965,1.81282877,1.78977974,154.2,-11.1
2024-12-01,105.0278,106.8708,99.6924021898388,2.762096953531266,65.85208,196172.955256197,3356518.8,1.128,0.614,0.451195,0.06945454545454545,-0.18810409090909092,-0.003756970292979833,1.8,106.2686,103.8876958951186,100.5,115.6117,2.89424242,1391747.0,2.31426033,4.65365342,1.90404279,154.1,-14.3
2025-01-01,104.9464,106.8138,102.901832171647,2.8782681316095307,72.10667,197612.106650344,3372997.0,1.128,0.614,0.430306,0.1011304347826087,-0.028871217391304327,0.3848559525017703,1.8,106.3916,108.65519458303099,101.0,113.9791,2.87227273,1397876.0,4.07301614,5.94625588,1.68389354,152.7,-12.4
2025-02-01,105.7251,107.4115,102.383780421195,2.871336019340992,68.15267,197612.106650344,3372997.0,1.128,0.614,0.428856,0.14545,-0.0008559999999999679,0.4637543734134102,1.8,106.7021,108.33901113473867,100.6,113.8132,2.84530769,1401452.0,5.77714008,7.18117559,2.4578903,153.3,-11.1
2025-03-01,105.8368,107.4637,103.181491500208,2.810346150849903,64.26329,197612.106650344,3372997.0,0.5,0.776923076923077,0.206315,0.2343333333333333,0.43911357142857144,0.8713723598705689,1.8,106.7908,108.24902519692708,100.4,113.8346,2.83761538,1405744.0,8.54687946,9.14276826,2.80557037,152.8,-10.7
2025-04-01,105.896,107.4725,97.148902346679,2.758026722474509,56.80683,197858.183540925,3380429.2,0.5,0.776923076923077,0.197924,0.0085,0.2178487272727273,0.8490206745738398,2.3,106.9311,107.07829621129868,100.2,117.8876,2.83330769,1407120.0,11.43431691,10.89138438,3.05752014,152.7,-11.0
