Date,Target_date,Actual_direct,Forecast_median_direct,CRPS_direct_parametric,CRPS_direct_empirical,LogS_direct,RMSE_direct,PIT_direct,df_skewt_direct,nc_skewt_direct,loc_skewt_direct,scale_skewt_direct,Actual_YoY,Forecast_median_YoY,q05_YoY,q16_YoY,q84_YoY,q95_YoY,BaseEffect_YoY_expost,CRPS_YoY_timesafe_parametric,CRPS_YoY_timesafe_empirical,q05_YoY_timesafe,q16_YoY_timesafe,q84_YoY_timesafe,q95_YoY_timesafe,Violation90_YoY_timesafe,UpperViolation95_YoY_timesafe,SHAP_Shap_PPI,SHAP_Shap_real_turnover,SHAP_Shap_retail_turnover,SHAP_Shap_Manufacturing_EU,SHAP_Shap_Vol_loans,SHAP_Shap_Exchange_Rate_CHF,SHAP_Shap_gdp_index_ch,SHAP_Shap_gdp_index_eu,SHAP_Shap_variable_mortgages,SHAP_Shap_fin_spread,SHAP_Shap_CH_2int,SHAP_Shap_Wage_change,SHAP_Shap_Saron_Rate,SHAP_Shap_M3_change,SHAP_Shap_unemployment_rate,SHAP_Shap_M1_change,SHAP_Shap_kofbarometer,SHAP_Shap_EU_fin_spread,SHAP_Shap_M2_change,SHAP_Shap_infl_e_next_year,SHAP_Shap_infl_e_current_year,SHAP_Shap_Business_Confidence_EU,SHAP_Shap_oilprices,SHAP_Shap_headline_1m,SHAP_Shap_core_1m,SHAP_Shap_headline_lag_1,SHAP_Shap_core_lag_1,SHAP_Shap_headline_lag_2,SHAP_Shap_core_lag_2,SHAP_Shap_sin_cycle_1,SHAP_Shap_cos_cycle_1,SHAP_Shap_sin_cycle_2,SHAP_Shap_cos_cycle_2,SHAP_Shap_Constant
2012-09-01,2012-12-01,-0.3776404355736673,1.1044046095631526,0.8373757714635165,0.8626260692602046,-1.9818647164137573,2.1964575158145987,0.1364278782315577,6.561751560951642,-2.632627897986607,3.1534915802695966,0.7798289283102423,-0.5585614490200008,-0.18805018773579585,-0.8370137653731347,-0.5227705366613467,-0.004997734453730751,0.173573335354976,-0.464151340126584,0.18248609343757588,0.18834707141430557,-0.8296175977112998,-0.5502717237648428,-0.055313525439527764,0.12965449261888004,0,0,0.0,0.0,0.0,0.0,0.027138697394007132,0.0,0.0,0.0,0.0,0.0,-0.04117217925299193,0.0,-0.03720609647647857,0.0,0.0,0.0,0.033320576629325395,0.0,0.0,0.0,0.0,0.0,-0.03823273387558459,-0.0325739183221245,0.0,0.0,0.0,0.050372819318926565,0.04041488068432414,0.040472109013922314,0.0,0.0,0.03811660977242796,0.12838161893498298
2012-12-01,2013-03-01,0.0964442201421889,-0.3279657597303307,0.29994267807756664,0.29683134397582583,-0.7388509266257117,0.1801238310153925,0.7302151814619494,4.798436237762544,-1.5773464076032808,0.7492303871578395,0.6620615789539213,-0.5559402157513382,-0.6620427107194682,-1.120092615056676,-0.9184985307995182,-0.4946673586798625,-0.349618354799986,-0.5800512707868855,0.08984756837546454,0.09295153222123567,-0.8487320591735241,-0.6430572277873384,-0.23234278952158008,-0.10911831409525508,0,0,0.006632655146174252,0.0020720722097914593,0.0,0.0,0.0,0.0,0.005175966321654845,0.0,0.0,0.0,0.0,0.0,0.0,0.004391690788045008,0.011935762282401468,0.01778250053174435,0.0,0.0,0.010195176053366554,0.0,0.020864588314823372,0.0,0.0,0.0,0.0,0.0,0.012069318779328505,0.0,0.0,0.0,0.0,0.0,-0.02727463462239579,0.12743246911876882
2013-03-01,2013-06-01,1.152727611006199,0.6678186037041629,0.3226456394974011,0.34024083665738886,-0.9190747490613802,0.23513674536264612,0.7059220677312696,6.35207769430886,-1.1111130385810553,1.6439807957473713,0.8393184820602526,-0.2379100909859488,-0.35913734281145787,-0.8135579392742969,-0.6088962353384901,-0.1282132409841394,0.017954058590927913,-0.5260919937374986,0.4654043557628338,0.4696286318976064,-1.2244697335643038,-1.0750381800772417,-0.5991994603760628,-0.4957175129785915,1,1,0.0,0.0,0.0,0.0,0.0,0.0,-0.006687771441222512,0.0,-0.0242205878166946,-0.010887080838072894,-0.07600181314710154,0.0,-0.03853044600422974,0.0,0.0,0.0,0.0,0.0,0.0,0.0,0.0,-0.011076095596154417,-0.03149579113383057,-0.007268813869379258,-0.02494870536099865,0.0,0.0,0.0,0.08402299375539075,0.0,0.0,0.0,0.0,0.0715548405468309
2013-06-01,2013-09-01,-1.146325498309153,-1.5263275163740908,0.29490772405160853,0.30067471442230004,-0.8921796271150404,0.14440153373342526,0.6713542215299556,14.10914387873271,-2.97647371291859,0.9006807866823757,0.8082882332892319,-0.0686985256836081,-0.16369903019984255,-0.6788795228824709,-0.4385555413605635,0.040539262814350746,0.17616863695976043,0.21788284889368015,0.14287038946641967,0.14568018089617985,-0.7532190361492993,-0.5606077222870928,-0.1025329447678186,0.04721376227222357,0,0,0.0,0.0,0.0,-0.07884239617544565,0.0,0.0,0.0,0.0,-0.023885494994606644,0.0,-0.03864379627325305,0.0,-0.0344680904144925,0.0,0.03937299575803395,0.0,0.03854241850500222,0.0,0.0,0.0,0.040273923891255926,0.0,-0.0354180908420353,0.0,0.0,0.0,0.0,0.0,0.0,0.0,-0.012888709613400995,0.0,-0.055158156221322044,0.11470546765697218
2013-09-01,2013-12-01,-0.1680894260466914,0.8883726905655205,0.5943708190781879,0.5783676122202429,-1.5836674313524908,1.1161122038367548,0.20190071711685878,9.112404709643487,-2.2270490178851525,2.998315860316426,0.9364249955787065,-0.0163107733018641,0.24780475585118883,-0.3321727220545328,-0.04142973694854607,0.4964069825473309,0.6295124235275953,0.025711583209808708,0.06877896751816134,0.07157138503285855,-0.5391533581002499,-0.24841037299426322,0.288734870501365,0.41195319381788037,0,0,0.0,0.0,0.0,0.0,0.0,0.0,0.0,0.0,-0.04033219505582265,0.0,-0.07251677449656269,0.0,-0.0568345167266072,0.0,0.0,0.0,0.0,-0.05500494714094218,0.0,0.0,0.0,0.0,-0.03218461588534697,-0.06445389193174823,-0.031483571634554806,0.0,0.0,0.054881673236124626,0.11123895496882838,0.0,0.0,0.0,0.04790410917161603,0.06938034093222173
2013-12-01,2014-03-01,0.4504806836468589,-0.35913099819198774,0.4832651781994551,0.5195614070994333,-1.2081742128832245,0.6554710753699258,0.7725787626964656,47.7384728625962,-9.999999999999996,7.408959315609782,0.7702784534422622,0.0721983425743033,-0.1302045778854083,-0.6462748014561792,-0.41827155477235667,0.17815482186068549,0.26681836799270053,-0.04042182833741137,0.06538105544145448,0.059638022389103595,-0.4205402919647183,-0.20706087674625506,0.38265554718120476,0.4723867841466446,0,0,0.0,-0.0202765753123184,0.0,0.0,0.0,0.0,0.0,0.0,-0.023925802553342534,0.0,-0.02816061858518171,0.0,-0.03219026578604339,0.0,0.0,-0.015721266102398185,0.036545587077775055,-0.03250584972630752,-0.016000400161396186,0.0,0.0,0.0,-0.028510023937438476,0.0,0.0,0.0,0.0,0.0,0.0,0.0,0.0,0.0,-0.05811250187570874,0.11007645230534313
2014-03-01,2014-06-01,0.7031114483968537,0.8381983256357715,0.25313038548063166,0.24056625753160055,-0.9669957707071979,0.01824846440216244,0.41143072730196145,6.107317590908689,-1.6531957036193332,2.349992482876916,0.8250923905202797,-0.0402056980780329,-0.006433978768303539,-0.5942039720091138,-0.2652857541396151,0.2526708191282002,0.4111023776360866,-0.2159835601772464,0.4711421355956459,0.4762022213131202,-1.2284660698522072,-0.9053886143663138,-0.39294920545255824,-0.24101063939963988,1,1,0.0,0.0,0.0,0.0,0.0,0.0,0.0,0.0,-0.026857445452895375,0.0,-0.06246384240304668,0.0,-0.05151546642145705,0.0,0.041021207705363716,0.0,0.0,-0.07629991160375106,0.0,0.0,0.0,0.0,-0.03597638218794495,-0.05865775266910635,-0.04903678164884654,0.0,0.0,0.0,0.07552575631442673,0.0,0.0,0.0,0.0418753203635934,0.15624631005091966
2014-06-01,2014-09-01,-0.9931052262324158,-1.1116165440951005,0.26382655804317073,0.25404062355388,-1.0023385215964293,0.014044932461550278,0.542644164624508,34.04906344679157,-9.999999999995005,5.861779135983297,0.6910314989235438,-0.0019006300588486,-0.031528459524519825,-0.6054794440159607,-0.3127171412787242,0.23436034230716218,0.38009261265879374,0.2463756764992553,0.07253633783631082,0.06972370072217791,-0.5926209057553836,-0.3566326485499325,0.17288907483519186,0.33608463825730994,0,0,0.0,0.0,0.0,0.0,0.0,0.0,0.0,0.0,-0.008396734793188301,0.0,-0.027423100784247312,0.0,-0.031173346464638246,0.0,0.0,-0.013985326024914623,0.0,0.0,-0.009417851078517411,0.0,0.03651567448720014,0.0,-0.007720846055313234,0.0,0.0,-0.02226689236041555,0.0,0.0,0.0,0.0,-0.0708640874556807,0.0,-0.0647614060115585,0.15382637315067307
2014-09-01,2014-12-01,0.860168108157211,0.9856639514783649,0.2663764153466781,0.25994968254952394,-1.0421850216584063,0.015749206690887616,0.45254270597718416,9.494884440638721,-3.200357630159789,3.7680138059889767,0.8420448673096924,0.2551637534921269,0.2865377143224154,-0.3385282606955125,-0.01061648865440512,0.5342695258638923,0.7096312215082712,0.04012172645282419,0.0790188167578064,0.07860794419649945,-0.4628930007217411,-0.140244644219925,0.4013867631059697,0.5504165510357638,0,0,0.0,0.0,0.0,0.0,0.0,0.0,0.0,0.0,-0.025689065592461733,0.0,-0.029212921169473983,0.0,-0.042424221494794634,0.0,-0.03774706840361893,0.0,-0.05952121119129418,0.025416560381107338,0.0,0.04041623632925564,0.02831884739116645,0.0,-0.011342457750966012,0.0,0.0,0.0,0.0,0.0,0.0,0.0,0.0,0.0,0.025274913433330576,0.126300299468053
2014-12-01,2015-03-01,-1.2841372129205553,-0.21512549921335383,0.6336178854806559,0.6575997212498356,-1.5712864600765437,1.1427860440432078,0.16332282802233858,25.677027760443632,-5.078183632190296,3.920061365639091,0.8057485931562768,-0.1784907206497266,0.08876220777707376,-0.4480035951685898,-0.20375370400740916,0.33900842762407163,0.46005886132988577,0.14254358258041222,0.20429127241645278,0.2098401117161861,-0.37395761186627546,-0.12471269649898709,0.396347117739076,0.5156892727911068,0,0,0.0,0.0,0.0,0.027111922608589287,0.0,0.0,0.0,0.0,0.0,0.0,0.0,0.0,-0.03899685549242158,0.0,-0.04406065283607887,0.0,-0.02950354149689799,0.01726122672994546,0.0,0.029568541987144804,0.0,0.0,0.01779452450926338,0.02151818131577168,0.0,0.0,0.0,0.0,0.03773040465790489,0.0,0.0,0.0,-0.0647547003371898,0.0369164376020271
2015-03-01,2015-06-01,-0.0308443696408033,0.8906745136824135,0.5856512417544626,0.5876355733300174,-1.5721109182794455,0.8491970523212683,0.19473186964635672,7.177128727008831,-1.646109733275521,2.520235156223637,0.9079977993234016,-0.3619796751591408,-0.13159995432833665,-0.6955177535957549,-0.4196360753648914,0.15662806148510255,0.2497130790755545,-0.35426858274894,0.0974613043407561,0.09675726429492323,-0.7560759316712597,-0.5131105522693562,0.053941079722316036,0.15174196768452938,0,0,0.0,0.0,0.0,-0.03101141945992859,0.0,0.0,0.0,0.0,-0.033688957404380514,0.0,-0.016257129830775555,0.0,-0.027239987276612608,0.0,0.03897875423388495,0.0,-0.0385462411897198,0.0,0.0,0.0,0.0,0.0,0.04219183953140199,-0.02965501049612564,-0.019604863348365534,0.0,0.0,0.062342146914844465,0.0,0.0,0.0,0.0,0.0,0.06064034263199376
2015-06-01,2015-09-01,-2.1904128510406906,-0.4314595631356246,1.156245331536185,1.179471751339385,-2.201212056956278,3.093916669032042,0.08387195014555618,80.08478601227228,-9.999999999999998,9.106898905604195,0.9472858312277203,-0.6613065813612096,-0.22156825938494307,-0.7600142379787836,-0.4845713286553104,0.08340734405087186,0.24634253359081798,-0.11370336860103691,0.1978892931051367,0.2046174183309909,-0.8737306227988004,-0.6007704762436612,-0.0387804532339569,0.11672054193762303,0,0,0.0,0.0,0.0,0.0,0.0,0.0,0.0,-0.012038912253780839,-0.041578913196752866,0.0,-0.04078996853974994,0.0,-0.06321843350838106,0.03480435843344426,-0.010270703799208034,0.0,-0.07186216629750532,-0.011202140648442035,0.0,0.0,0.0,0.0,0.0,0.0,0.0,0.0,0.0,0.0,0.0,0.0,-0.11071310757202998,0.0,-0.08230108046926145,0.13567472357129134
2015-09-01,2015-12-01,-0.0330302539186533,1.0454632776399972,0.6567894094676635,0.6648095872226897,-1.5599299399159152,1.16314829761385,0.1671698721380017,95.35602557785023,-9.999999998021256,9.948672345748076,0.885256082766682,-0.8846061718801757,-0.6149827889905131,-1.1447718627849282,-0.9259023473208431,-0.32906751996504113,-0.17960532903454007,-0.8763486084005123,0.12034873360093232,0.12520659489794791,-1.1159959812499147,-0.9970491207278801,-0.41272371014973,-0.25283946545775704,0,0,0.0,0.02922188539281861,0.0,-0.06625120732069406,0.0,0.0,0.0,0.0,-0.0342382288257141,0.0,-0.05847989953286914,0.0,-0.04433634660864677,0.0,-0.04940710920874871,0.0,0.0,0.0,0.0,0.0,0.0,0.0,0.0,0.0,-0.025615527125371577,0.0,0.0,0.11845511816790077,0.10204412683225907,0.0,0.0,0.0,0.027242743703497833,0.15924839494032186
2015-12-01,2016-03-01,0.3201174337380763,-0.7852721202220254,0.7167604783076462,0.7121155047286593,-1.5113029800169175,1.2218860660041126,0.880699389404465,49.568970488060295,-9.999999999999986,6.515224885186517,0.7294389335932209,-0.4835425102155177,-0.7598898987055431,-1.2863616687441533,-1.0618387198435162,-0.5078440040715938,-0.37585200240383043,-0.5635718686500368,0.07496441912493479,0.07712762644022572,-1.0916412815517953,-0.8660716539964102,-0.31715263891755896,-0.2046513199727295,0,0,0.01241610521295306,0.0,0.0,-0.043094391139802554,0.0,0.0,0.0,0.0,-0.01445715143576507,0.0,-0.023659189609324834,0.0,-0.022982266481555765,0.0,0.022116499703172792,0.0,0.03252426987532176,0.0,0.0,0.0,0.010560042682587804,0.014340027368783306,0.0,0.0,0.0,0.0,0.0,0.0,0.0,0.0,0.0,0.0,-0.029429622794398987,0.13332154842830973
2016-03-01,2016-06-01,0.9796975052822176,0.28825066439348196,0.41282977331690573,0.4391697469412944,-1.1915558183127497,0.47809873377501233,0.7182694545073489,99.99999999999397,-5.606299285915283,6.280843733158173,1.0588831299450356,-0.2309070414847625,-0.4037687517069464,-0.8779854982744311,-0.6509427921210142,-0.082765889014425,0.0813406779713084,-0.4758314178053169,0.5104070586532317,0.5152690936970847,-1.3595258927957656,-1.151717172842497,-0.591552503332539,-0.448977801788704,1,1,0.0,0.0,0.0,-0.05040817116541519,0.0,0.0,0.0,-0.02800957447328787,-0.058970252623387856,0.0,-0.0852061998936404,0.0,-0.07985057799287855,0.0,0.0,0.0,0.11109305457506552,-0.025129532390370385,0.0,0.0,0.0,0.0,0.0,0.0,-0.03904688868314931,0.0,0.0,0.0,0.0632989074821639,0.0,0.0,0.0,0.05877707328062756,0.003911456041078018
2016-06-01,2016-09-01,-1.815359700584196,-1.3068420760702721,0.3738848377205257,0.3858509868317569,-1.2070180097241148,0.258590174441284,0.29645726620713286,37.34877194695951,-9.999999999999998,5.670927591809172,0.6839869677335314,-0.1371437538706388,-0.01001434774215787,-0.5471116622822922,-0.2820545763403952,0.28419968332685214,0.3680184241317998,0.31669617127541017,0.13200772558157814,0.13601435461907838,-0.46597436272807985,-0.19971235383040292,0.35687683583054536,0.4421127945192474,0,0,0.0,0.0,0.0,0.0,0.0,0.0,0.0,0.0,0.0,0.0,-0.038608693829239454,0.0,-0.02318558711496323,0.0,0.04305872372646871,0.0,0.055117190768754896,0.0,0.0,0.01705977422144485,0.029798975362861007,0.024490649184203038,0.019493717956304887,0.0,0.0,0.0,0.0,0.0,0.0,0.0,-0.07408161857790727,0.0,-0.08030372782321013,0.13682492907858626
2016-09-01,2016-12-01,-0.7824456943136937,0.7548830190994686,0.9885041423855632,0.9922538368024962,-1.9432468372050233,2.3633795730845693,0.08154494215339018,99.99999999999349,6.857774798386963,-6.242405563970095,1.0151117138598507,-0.3244976139693989,0.059834564383891675,-0.3935130599897041,-0.2289963468229283,0.3452246090005604,0.5504412765855167,-0.12888619039097549,0.27249904262104185,0.2742005492084312,-0.3318919059112334,-0.1992541409519754,0.3638286609381326,0.5799487587167366,0,0,0.0,0.0,0.0,0.0,0.0,0.0,0.0,0.0,-0.08514523523622461,0.0,-0.0651487625521548,0.0,-0.10693250551105281,0.0,0.0,0.0,0.04775769192107712,0.06476195332360696,0.0,0.04470269211038496,0.03125926673880955,0.03913797794332875,0.0,0.0,0.0,0.0,0.0,0.06671927586296118,0.053630315784593006,0.0,0.0,0.0,0.0,0.060794480943783716
2016-12-01,2017-03-01,2.0911708156543085,-0.2559291237559795,1.8060011500577502,1.818104771404123,-4.29552316795485,5.508878125579777,0.9967832083378698,39.25448960158358,-9.999999999999995,6.500783457100811,0.6667377718378696,0.1182657315096591,-0.4685092533429129,-0.9940136749796163,-0.7509561857816334,-0.18146203677009448,-0.09529329394686042,-0.404526972403918,0.2142655872468179,0.21047265907653115,-0.7079932514360294,-0.4989168379297669,0.06024214727093465,0.1554602328299764,0,0,0.0,0.0,-0.016624582905341575,0.0,0.0,0.0,-0.008759103902869379,0.0,-0.01562315068083476,0.0,-0.031055382449925038,0.0,-0.01946504385644464,0.0,0.029287978162072476,-0.005915705653225203,0.0452590901457014,-0.007410309359201176,0.0,0.0,0.0,0.0,0.0,0.0,0.0,0.0,0.0,0.0,0.0,0.0,0.0,0.0,-0.03386805444624369,0.11599415364555385
2017-03-01,2017-06-01,1.3545437525600337,0.214946084785949,0.7167032842846196,0.7388658021471982,-1.555622391056197,1.2986828443961331,0.843155294105752,54.698268477182246,-4.251864994490005,4.9293255352350425,1.1126867676957197,0.211977293329113,-0.07292212361440803,-0.5890184258698814,-0.3671201580487819,0.23419334598115155,0.43262498093204094,-0.12665864481089528,0.97214979821504,0.9788889709211858,-1.4120104991053402,-1.2045098210051024,-0.6280166050959377,-0.44863125802585957,1,1,0.0,0.0,0.0,-0.022059964231130814,0.0,0.0,0.0,-0.027544984605293945,-0.09029380275677092,0.0,-0.05730229078484036,0.0,-0.09598848191629365,0.0,0.06396399327427417,0.0,0.0,0.0,0.0,0.0,0.0,-0.025827448190679857,0.0,0.0,-0.03528416277888192,0.0,0.0,0.0,0.05468003052752431,0.0,0.0,0.0,0.039163677033558775,0.09084183329495046
2017-06-01,2017-09-01,-0.6207146680448972,-1.3102578895472905,0.4204586435343355,0.4305038640395276,-1.3054617279128045,0.4754698543198987,0.6922120544215935,99.99999999999797,7.229352659341692,-9.339893908994602,1.1144548408963015,0.5106385514639378,0.33825274608833944,-0.15293616279980005,0.0722197506454203,0.7017695960769881,0.9203845854773249,0.6658172184751621,0.10907366122162868,0.11116739664314972,-0.15187994317110334,0.06877693239723504,0.6636914305129955,0.8901814798648671,0,0,0.0,0.0,0.0,0.0,0.0,0.0,0.0,-0.03148112588931717,-0.055977478796975275,0.0,-0.04030452763154916,0.0,-0.03595434047944879,0.0,0.0,0.0,0.0,0.0,0.0,0.0,0.0,0.0,0.0,0.0,0.0,-0.004153417301557605,-0.010967942917843953,-0.024375148299791,-0.054686037170021996,0.0,-0.24450367106417206,0.0,-0.05537627439094402,0.08923754019956798
2017-09-01,2017-12-01,-0.0016051622019119,0.3890160307196123,0.3482684113770376,0.3664950956072698,-1.2295608488632976,0.15258491635943466,0.40694857991507316,34.20764754213636,3.690230974123185,-4.250405704140589,1.2274142925306093,0.7058486844918832,0.8035039827222643,0.2600118627021957,0.4828740040930235,1.1340001619046878,1.4488575152928105,0.7062499750423612,0.0840278566248497,0.08551087908961628,0.13386074864953407,0.3592710421621443,0.9939314239923059,1.233758806690639,0,0,0.0,0.0,0.0,0.0,0.0,0.0,0.0,0.0,-0.21007636163308216,0.0,-0.10260671327662753,0.0,-0.13869769585561592,0.0,-0.22562275513341556,0.0,0.08427966107984888,0.0,0.0,0.0,0.0,0.08837347481169909,0.061530111984608046,0.0,0.0,0.0,0.0,0.0798739476294895,0.05208217064375187,0.0,0.0,0.0,0.09389450258192232,0.03651214332938552
2017-12-01,2018-03-01,1.5759727900821474,-0.2496718551647917,1.1483479728642232,1.1592208947231424,-2.201761598593185,3.332978370718822,0.903135016618195,41.082485882083304,9.999999999814309,-8.651218284410618,0.8353416215467334,0.5770491780988429,0.12063801678710814,-0.33748898843806374,-0.15306630461791448,0.4634409888143939,0.7029107707418601,0.18305598057830608,0.23612322701589952,0.23999405814799907,-0.2201757154159295,-0.08716273828774622,0.5044879130175464,0.7600288694127455,0,0,0.0,0.0,0.0,0.0,0.0,0.0,0.0,0.0,-0.10105860669999032,0.0,-0.10159671520228922,0.0335353618149809,-0.10741071424113618,0.0,-0.23962080569494928,0.0,0.04992642538744169,0.0,0.0,-0.023614665029466367,0.0,0.06884450911605204,0.0,0.0,0.0,0.0,0.0,0.0,0.0,0.0,0.09251494607989029,0.0,-0.0729786919149925,-0.009163473966883303
2018-03-01,2018-06-01,0.9553723500452804,1.0275772779551604,0.2944843369034732,0.2935593189308377,-1.1436887763031023,0.005213551614470965,0.4727348090038227,99.99999999999993,-1.6212559810610474,3.0502987095485077,1.23638863917022,0.4772563274701547,0.49530755944762467,-0.04927544327819361,0.1707757331717139,0.8564710254751462,1.0292336454130748,0.23841323995883457,0.7374847176225369,0.7435148243998879,-0.9266725279562809,-0.7622510008940611,-0.10985318640318814,0.025696531658004295,1,1,0.0,0.0,0.0,0.0,0.0,0.0,0.0,0.0,-0.029695321643147875,0.0,-0.043913283201458785,0.0,-0.04647033622804298,0.0,0.10711607523726561,0.0,0.05546230823459748,0.0,0.0,0.0,0.0,0.0,0.0,-0.028794031997293204,-0.05785999378404892,0.0,0.0,0.0,0.11586173323013906,0.030004578495336817,0.0,0.0,0.03732085956729816,0.048261606147057955
2018-06-01,2018-09-01,-1.052914313060782,-1.0790427592153076,0.29506474652020076,0.28261290904010705,-1.1282073253776237,0.0006826956984499371,0.472237016812287,31.12163570351889,7.526191929754572,-7.711959516288091,0.8878867925214033,0.3692064162161834,0.3626743046775521,-0.0851045804054541,0.12065957090909563,0.7108029213834666,0.9750968220251093,0.632434994481379,0.07554064262272163,0.07134988430947997,-0.06377320336426473,0.14465048666682276,0.7308738026006313,0.9883376213533847,0,0,0.0,0.0,0.0,0.0,0.0,0.0,0.0,0.0,-0.02978457070666844,0.0,-0.02359356945058128,0.0,-0.01735582240439726,0.0,-0.15377610385940543,0.0,-0.10368099264239244,0.0,0.0,0.0,0.0,0.0,0.0,0.0,0.0,-0.022181773459975716,0.0,-0.035083460397560745,-0.024663802223875708,0.0,-0.6107453962158657,0.0,-0.050957784436903714,0.018056269099110137
2018-09-01,2018-12-01,-0.2399584943781008,0.1171248060185035,0.37409413310004525,0.3653349443490006,-1.2990641714255324,0.12750848342213153,0.39019119390316503,99.99999999918018,1.6205453650818582,-2.1206463437197645,1.3994916802675443,0.3096180831721362,0.3988889082712873,-0.1638004444148745,0.09888829440227481,0.8154575722182155,0.988724949818574,0.36960770676666144,0.09673450835971094,0.0937031793737938,-0.14653091270200946,0.12328755431945698,0.8034784615566603,0.9733532608010417,0,0,0.09343703874465167,0.0,0.0,0.0,-0.01527713206066017,0.0,0.0,0.0,-0.03762464854723504,0.0,-0.05421196802372989,0.0,-0.05464011603643766,0.0,-0.15491722333166236,0.0,-0.24229309408056846,0.0,0.0,0.0,-0.026596912251395585,0.07082335630491803,0.0,0.0,0.0,0.0,0.0,0.0,0.0,-0.016722794449010477,0.0,0.0,0.0,0.009560136752279987
2018-12-01,2019-03-01,2.32035246439466,-0.43050916980803494,1.8284062664870702,1.833795336413724,-2.931881023719457,7.56723973052832,0.9613838119150219,99.99999999309576,6.340747042948157,-8.364291738416394,1.269989198277164,0.4957130017502642,-0.19200240680040936,-0.7370374281688721,-0.46801682117073795,0.23802678989071713,0.4397436559836987,-0.08437511434840061,0.31722575917751694,0.3171278989635023,-0.5766407615909359,-0.29487741763594794,0.3855377758211081,0.5849138257893762,0,0,0.0,0.0,0.0,-0.07996536826565145,0.0,0.0,0.0,0.0,-0.04294305144120848,0.0,-0.04495886865436082,0.0,-0.07010432042675672,0.0,-0.16228806784900437,0.0,-0.2330823806579497,0.0,0.0,0.0,-0.04004749455388514,0.0,0.0,0.0,0.0,0.0,0.0,-0.03107303465525343,0.0,0.0,0.13787165773774845,0.0,-0.03652194810860123,-0.0073990440900647755
2019-03-01,2019-06-01,1.7648368491855138,0.1367707288850536,0.9348101133534201,0.9530361315328099,-1.8742426020660132,2.6505992920701926,0.8581019779176071,99.99999999988425,2.766266678507167,-3.60078273012763,1.3802490884666183,0.6980791265353226,0.2910625964602075,-0.2923551102483577,-0.06111031058707311,0.6869186674247427,0.9144863572542101,0.2568699142389441,1.144803238404263,1.1531650614643578,-1.2231523071894097,-0.9632847304764969,-0.28235273967008157,-0.07357056975537442,1,1,0.0,0.0,-0.009966316203005587,0.0,0.0,0.0,0.0,0.0,-0.051840895296273184,0.0,-0.049315803945190716,0.0626588904367322,-0.04122019446338833,0.0,-0.15651536545127512,0.0,-0.2670139086070148,0.0,0.0,0.0,-0.03551403014146282,0.0,0.0,0.0,-0.0147381209915128,0.0,0.0,0.0,0.0,0.09682361460339661,0.0,0.0,0.0,-0.08088599509257505
2019-06-01,2019-09-01,-2.3722442701160418,-0.8832199800541635,1.0565155341983148,1.0684309591242112,-1.9758081577311326,2.2171933363942804,0.09006902417734035,99.99999999999999,9.308526760230334,-10.695100694773542,1.067484448632803,0.3682466372715076,0.7405027097869772,0.2519206603982531,0.48556000627777884,1.1664486143267212,1.3556580322440768,0.9613077048005181,0.1335057282005935,0.1323555870849929,0.0735814136401085,0.29441630926462603,0.9746478378971933,1.1221795045343512,0,0,-0.03389223869310024,0.0,0.0,0.0,0.0,0.0,0.0,0.0,-0.02121947257127455,-0.010625847945149139,-0.021344010167105826,0.08655653651297246,-0.016150281610650716,0.0,-0.08775810126320799,0.0,-0.02085924389306242,0.0,0.0,0.0,0.0,-0.015654817908204253,0.0,0.0,0.0,0.0,0.0,0.0,0.0,0.0,-0.4299715411434028,0.0,0.0,-0.12731511001323165
2019-09-01,2019-12-01,-0.2362861701342922,0.7607816187840234,0.681634882774091,0.6239676403235104,-1.6103076594504369,0.9941441756984587,0.2386526007921685,99.99999999999999,6.80812174443295,-9.004044886340637,1.4490226470846648,0.3691647183324598,0.6184316655620387,-0.01474484023846423,0.28776772181946,1.1139460275434676,1.3019882313758275,0.42823626086603284,0.19704420900304512,0.1851467695683553,0.11705826547240772,0.3447685348942502,1.1559693051973359,1.3413808919974186,0,0,0.0,0.0,0.0,-0.05743184875405053,0.0,0.0,-0.044253766824324525,0.0,0.0,0.0,-0.05411380340524146,0.0,0.0,0.0,-0.09812828754344591,0.0,-0.12448075328769218,0.0,0.0,0.0,0.0,-0.07234432994001228,0.0,0.0,0.08523783433554094,0.0,0.0,0.27101447595788014,0.3003514258136532,-0.12866100724882892,0.0,0.0,0.0,-0.13379725354003785
2019-12-01,2020-03-01,0.5229891382363405,0.32429923962940516,0.312701743796374,0.3385522272802153,-1.2031120350700348,0.039477675808434254,0.5369985552692529,99.99999999999999,6.296648402155669,-7.165959052077644,1.198488491751516,-0.0801761132071199,-0.12984858785885378,-0.6289279211833934,-0.4587678321593298,0.26589242735275564,0.47338405153765795,-0.21092339776620506,0.08392613287820849,0.09216234409204911,-0.6385729509602271,-0.49206902975715827,0.22084311653298871,0.42612218261819734,0,0,0.0,0.0,0.0,0.0,0.0,0.0,0.0,0.0,-0.03552483375931089,0.0,0.0,0.07995551849213695,-0.0636230124134274,0.0,-0.06132743490680297,-0.027258870043213285,-0.09924983409431846,0.0,-0.027532186038952633,0.0,0.0,-0.06462748890822377,0.0,0.0,0.0,0.0,0.0,0.0,0.0,0.0,0.06729183798403215,0.0,-0.05481893360896133,-0.15988665312192518
2020-03-01,2020-06-01,-0.9469006988442884,0.6796329972377763,0.9711677992112017,0.9800223489947995,-1.835688018894995,2.645611864490382,0.12099141396001066,74.26212421105896,9.999999999999996,-10.21867661719995,1.0785353199711678,-0.7581105002145705,-0.3514770761940543,-0.9105167088548949,-0.6879117606441245,-0.002949188250327972,0.2872407192997649,-0.5213853255034984,0.15424611926935317,0.16172487888309756,-1.5593584570579277,-1.3229451253531508,-0.6566399412435782,-0.36177061973915725,0,0,-0.04046687187125535,0.0,0.0,-0.04483162124589729,0.0,0.0,0.0,0.0,-0.041025109973571845,0.0,-0.03274568276971476,0.0,-0.05368982406722819,0.0,-0.050238434728673356,0.0,-0.10152086094369356,0.0,0.0,0.0,0.0,-0.11628851403392611,0.0,0.0,0.0,0.0,0.0,0.0,0.1687579563159108,0.36841628082354505,0.0,0.0,0.0,-0.23615992615475082
2020-06-01,2020-09-01,-0.5949512108923471,-0.5381074845493724,0.29713730496858104,0.2935803733461735,-1.1430055374353927,0.0032312092245550005,0.4749154060618597,55.61624682920292,9.999999999999806,-9.625396757119617,0.9061906142733045,-0.3137872354086468,-0.2995763038229031,-0.7772885221500277,-0.645513992537984,0.11095111819314785,0.31117223569670893,-0.16504943268556005,0.07609618052720557,0.07566958986159072,-0.7162271088383164,-0.594447577191028,0.10383791377680134,0.27334287481918357,0,0,-0.007481589581398884,0.0,0.0,-0.012015513675085455,0.0,0.0,0.0,0.0,-0.017384631647238098,0.0,-0.02905667235729399,0.0,-0.06757773546438625,0.0,0.0,0.0,-0.1360387093972909,0.0,-0.009560343823427579,0.0,0.0,-0.03172540977420919,0.0,0.0,0.0,0.0,0.0,0.0,0.0,0.0,-0.24446297573797077,0.0,-0.013598456029453268,-0.13159889183262033
2020-09-01,2020-12-01,-0.4069928757562735,0.11544709901953887,0.4003675243824911,0.40542071512082994,-1.247488762513772,0.2729435272437515,0.33183952751241724,99.99999999999999,9.609349806605021,-10.209422260943564,1.0752111876215036,-0.3564639118141421,-0.22585391812018907,-0.7049081762188121,-0.5435836904458462,0.15153268668981007,0.3655839108931833,-0.2547156928750738,0.0912145320578277,0.09355617021201017,-0.7048502303404922,-0.559995275302151,0.10861539212823602,0.2939935781522258,0,0,-0.05148670610737715,0.0,0.0,0.0,-0.052492608582130014,0.0,0.0,0.0,-0.06999565075783144,0.0,0.0,-0.02838415994292795,-0.10079497102981812,0.0,0.13397387752971668,0.0,0.08298969447644582,0.0,0.0,0.0,0.0,-0.042307971099695384,0.0,0.0,0.0,0.0,0.0,0.05262503635264065,0.0,-0.06902753020054422,0.0,0.0,0.0,-0.1633109566882863
2020-12-01,2021-03-01,0.4501466149896771,0.28308383580932056,0.3252875830079499,0.38077268788572477,-1.23027659283031,0.027909972187464577,0.5497280369057341,99.99999999999999,0.7661137482001736,-0.7542096892870636,1.3478020277144611,-0.374674542625808,-0.41644023742089714,-0.9467750213083022,-0.786339346374155,-0.07837093382382104,0.12277110259511081,-0.4872111963732273,0.10330205319785014,0.11194266995122577,-0.7499667278068616,-0.5979729730103713,0.09415294414549119,0.2862018958546915,0,0,0.0,0.0,0.0,0.0,0.0,0.0,0.0,0.0,0.0,0.0,0.0,0.0,-0.0821353625021046,0.0,0.0898763729573239,0.027300097360779565,0.03167160673222712,-0.053046942309075806,0.0,0.0,0.0,-0.08620279885821815,0.042658264080623835,0.0,0.0,0.03834492823168448,0.0406268715574577,0.0,0.0,0.0,0.18931364660669278,0.0,0.0,-0.2329939196712172
2021-03-01,2021-06-01,1.5611880645320042,0.4138251076480002,0.7368109297294653,0.7523066426800203,-1.7187520297726286,1.3164417548296048,0.8264451152746071,21.584150953843167,3.2146379816983814,-3.238633648595567,1.0921109748407045,0.2523476482182651,-0.03449309100273584,-0.48660264832954225,-0.3598966603496697,0.2582328677281577,0.5699971099529947,-0.1379493679147359,0.40420031607091095,0.41015169897134685,-0.7427532003676053,-0.623636962461658,-0.02157012843970564,0.2095669123653372,1,1,0.0,0.0,0.0,0.023216927401826307,0.020612477487195534,0.0,0.0,0.0,0.0,0.0,0.0,0.0,0.0,0.0,0.0706581273201344,0.018243495239006792,0.015291612408787736,0.0,0.0,0.0,0.01592719754422433,0.0,0.0,0.023541954829902047,0.0,0.0,0.0,0.0,0.029916891543937556,0.18477719034536103,0.0,0.0,0.0630083446847805,-0.41137741614898743
2021-06-01,2021-09-01,0.2657714880815121,-0.8607715715632329,0.6149210324209982,0.6203760108348696,-1.5518725375078102,1.2690992652337434,0.7926683313639187,58.47068681319952,9.999999999999972,-9.735160256231636,0.8909321499861648,0.4675283229617299,0.18589255805054372,-0.2393862009839911,-0.09734411187019198,0.5250764804902022,0.7839109259202139,0.40108545094135195,0.2964951089377329,0.29802223434125996,-0.43649901105932265,-0.2898411912601427,0.3242448443422563,0.5559031745229328,0,0,0.03385399552836752,0.0,0.0,0.0,-0.023469549151922994,0.0,0.0,0.0,0.0,0.0,0.0,0.051901608703118274,-0.022903920079429485,0.0,0.0727105008932438,0.02604668948021496,0.0,0.0,0.0,0.0,0.0,0.08718740027857537,0.0,0.0,0.0,0.0,0.0,0.0,-0.02560740574558043,0.0,-0.46337158895442515,0.0,-0.02280065414850295,-0.36013265226366875
2021-09-01,2021-12-01,0.9811871319595156,0.04252032803622785,0.4733134761751748,0.492210701414516,-1.400043005149213,0.8810953687875599,0.7158933567698005,67.85627183518861,9.999998814231683,-9.570655286848355,0.9750081102470942,0.8145733248906772,0.5799066239098554,0.10852651227149174,0.3614908518314635,0.9723810765469326,1.2174807450295677,0.5692765419007983,0.29970243827598375,0.30285731327604715,-0.11733467729323105,0.09438394493816943,0.6944796248365942,0.919491982308187,0,0,0.06899960295771639,0.05707695234435181,0.0,0.0,0.0,0.0,0.0,0.0,-0.115827105646361,0.0,0.0,0.053289501837801345,0.0,0.0,-0.08291563845456217,0.0,0.0,0.0,0.0,0.0,0.0,0.1017656189298369,0.0,0.0,-0.10221755193407041,0.0,0.0,0.059035275114273526,0.0,-0.28059854775386855,0.0,0.0,0.04848276748580492,-0.17671739727017446
2021-12-01,2022-03-01,2.780689772097489,0.10397235820668888,1.965575778987027,1.9661622623121258,-3.1380176117814047,7.164816113826252,0.9693932002583132,99.99999999999999,9.99999999999997,-11.043038640256244,1.1042849895083222,1.3972091141676302,0.7280297606949302,0.16982512782730474,0.3874932903636081,1.0672335481994122,1.278298794207204,0.702036671143258,0.5349512116077655,0.5355212931705374,0.13489393144383638,0.3448602050874076,1.0199876675798396,1.2158525782263048,1,1,0.0747802309820987,0.0,0.0,0.0,0.0,0.0,0.0,0.0,0.031951826934569265,0.0,0.0,0.036783230225080996,0.03359718492781298,0.0,0.0,0.0,0.0,0.0,0.0,0.0,0.0,0.1818668039145747,0.0,0.0,0.02473280556394092,0.0,0.0,-0.11176324302424931,-0.12325074039167011,0.0,0.156956048836562,0.0,-0.07858924777356813,-0.1808140582006324
2022-03-01,2022-06-01,3.5784655497131723,0.5394060348903109,2.3467934027820796,2.3588032837316817,-3.6369703779496376,9.235882734635368,0.9800364278628931,39.86943876004541,9.999999999999998,-8.152226936046574,0.8506862934154109,1.9015284854629224,1.1417636067572068,0.6492077411597013,0.8000128646470921,1.422066406623748,1.7765844487214897,1.006912098034629,1.4561958064997358,1.465773962573831,-0.20624533211571733,-0.07256905127241188,0.5454123771530233,0.8499753982485065,1,1,0.047729009873469966,0.021021252989041138,0.0,0.0,0.0,0.0,0.0,0.0,0.036792742638483304,0.0,0.0,0.031746624946325,0.0,0.0,-0.07640249516353742,0.0,0.0,0.0,0.0,0.0,0.0,0.13691823756506244,0.0,0.0,0.0,0.0,0.0,-0.06646566985098024,0.06028750020168675,0.20135473509180438,0.0,0.0,0.15009508353522213,-0.3312283671473301
2022-06-01,2022-09-01,0.5685502391997943,-0.9694657382426122,0.8442385442465449,0.8463383790299318,-1.884715431031241,2.365493146868121,0.8213047776526018,27.585762946953217,9.999999999998458,-9.303685771507196,0.8339697621605969,1.9772231732424927,1.592719178881891,1.091016315625364,1.2859988944198544,1.9861588793594136,2.354837256607635,1.8350856134425442,0.7711313588803873,0.7769008258278151,0.4481264931519983,0.6390041827916196,1.3378995385935242,1.6455767945557418,1,1,0.13465877676430213,0.0,0.0,0.0,0.0,0.0,0.0,0.0,0.0,-0.0630231958268078,0.0,0.0,0.0,0.0,-0.029206954239495708,0.0,-0.08015849766439276,0.0,0.0,0.0,-0.04293018594047802,0.12124310171702493,0.0,0.0,0.0,0.0,0.0,-0.046463609004585314,-0.12690800853829154,0.0,-0.6491597059604035,0.0,-0.03473293722150762,-0.21733393272759044
2022-09-01,2022-12-01,0.8631807809706515,-0.005594196580341326,0.46030636585764984,0.5494296157160385,-1.5594617948236595,0.7547699616187281,0.5922697538179087,54.01640424499392,9.999999999971585,-12.453850682836435,1.282312245961453,1.9477215854952767,1.7305278411075284,1.187775412460075,1.4554498116263164,2.483259777720294,2.6240196371316515,1.7319263902526139,0.2389823434881851,0.26161915719793183,0.9207715975061412,1.1596701034320398,2.1711834940690355,2.3083083206313173,0,0,0.23939129933435263,0.0,0.0,-0.06512831196307912,0.0,0.0,0.0,0.0,-0.10667657309987892,0.0,-0.10133007778229662,-0.05743034889351891,-0.06408666277648482,0.0,-0.04447490834970741,0.0,-0.11468788845158563,0.0,0.0,0.0,0.0,0.0,0.0,0.0,0.0,0.0,0.0,0.0,0.0,-0.06866683303874256,0.0,0.0,0.1918967546479367,-0.19569713490696777
2022-12-01,2023-03-01,3.856031921887748,-0.33520872387704537,2.91989617329448,2.913737228628922,-3.694433797601329,17.56649815071088,0.9729388206985882,33.17392609368003,9.999999999999998,-11.05382237570319,1.0795187670253936,2.2165571229428416,1.1687469615016433,0.6260290153679344,0.836937559145051,1.7787825502764107,2.0827427245180132,1.2525491424709045,0.9128575617414191,0.9181644042865612,0.442059052882002,0.6498633467296713,1.5640490679260093,1.8825594703557047,1,1,-0.05842752984124752,0.0,0.0,-0.029599414086337116,0.0,0.0,0.0,0.0,0.0,0.0,0.0,-0.012369233674134839,0.0,0.0,-0.02698092587596352,-0.0358479549734706,-0.08155155006935116,0.0,0.0,0.0,-0.03336158285843842,0.0,0.0,0.0,0.0,0.0,-0.051801743636649904,0.0,0.0,0.0,0.1188165892807997,0.0,-0.04374771942804389,-0.3912759766896247
2023-03-01,2023-06-01,1.706622084439502,0.5052294830150421,0.6797482424599184,0.7759336169845293,-1.7499365619859222,1.443344182757431,0.7017749082580698,99.99999999999999,1.5520637331836864,-2.390998830692432,1.95816821718989,1.748596256624424,1.448248106268309,0.7401664969538514,0.9588764608933675,2.1061865101453927,2.2380899613886025,1.3219407355145485,0.9325417535927616,0.9348107406373762,-0.21071015219134226,0.022464529984708177,1.155309861000199,1.2870790160066206,1,1,0.0,0.0,0.0,0.0,0.0,0.0,0.0,0.0,-0.09134946709319065,0.0,0.0,0.0,0.0,0.0,0.0,0.0,-0.08717855350777873,0.0,0.15225134540703333,0.050613718251717205,0.0,0.1275708272665149,0.0,0.0,0.0,-0.04631127172112348,-0.1003705353294184,-0.165659233800749,0.0,0.39044918506106807,0.0,0.0,0.27654380012285423,-0.3234458448475024
2023-06-01,2023-09-01,-1.0789631902348162,-0.7188079893960189,0.5773406137212465,0.5410597699907633,-1.640900147629666,0.12971176869123446,0.3727988344230667,23.058573082278613,9.99999999999868,-12.091042449736527,1.1512551447255792,1.3367178992657711,1.4267566994754706,0.789252389640756,1.029325651940938,2.2892417448157043,2.50991737842627,1.6064586968244754,0.12530024120885155,0.14305644454137723,0.5931070702664581,0.8315094065003549,2.048740153229726,2.268558224530798,0,0,0.21767936467646148,0.0,0.0,0.0,0.0,0.0,0.0,0.0,0.0,0.0,0.0,0.0,0.10042847090290949,0.125062015818918,0.0,0.0,0.0,0.0,0.10611297760630692,0.0,0.0,-0.05239941688923366,0.0,0.0,0.0,-0.05066408898478784,-0.04588044507412614,0.0,-0.2278556142289866,0.0,-0.8919331899933634,0.0,-0.07913528342330846,-0.21954305954413594
2023-09-01,2023-12-01,1.4774584148348424,1.9770730003456622,0.4594776276572625,0.5995305301112637,-1.5835503578068735,0.2496147340551483,0.4374843691530202,43.37655573109442,-9.999999999999998,14.522518903047196,1.2659831129595975,1.490287307731819,1.615190954109524,0.725197463032156,0.9815438336580071,2.009941117719988,2.1688368614906937,1.1209227040231085,0.12017495741414258,0.154447886631692,0.7830616383859613,1.0225784205269468,2.0356873365560926,2.198571501272254,0,0,0.0,0.0,0.0,0.0,0.0,0.0,0.0,0.0,0.06903319579117051,0.0,0.27397157339852557,0.0,0.3578476865139659,0.14146546258162992,0.0,0.0,0.0,0.0,0.0870323230388325,0.13543342368730568,0.07859422927605046,0.0,0.0,0.0,0.0,0.0,0.0,0.1921385205847831,0.21870865056330027,0.0,0.0,0.0,0.23226664036562392,-0.263441583907774
2023-12-01,2024-03-01,1.9346626654904495,-0.060868047278385407,1.0234747190711946,1.1143065987629193,-2.0694089462281697,3.982142825603694,0.8063542127207308,37.597034636951356,9.999999999999742,-12.093057551162032,1.2182132156967511,1.0099449936324945,0.5110623154402857,-0.08217375475842614,0.14060256883030225,1.2291226810414972,1.440002347907453,0.526279327259882,0.36878059930862195,0.37469583379331617,-0.21452448778270333,-0.00253875072204514,1.0583613487112604,1.2447462076834261,0,0,0.0,0.0,0.0,0.0,0.0,0.0,0.0,0.0,0.0,0.0,0.057906411852440665,0.0,0.14220045916417606,0.16676760692059073,0.03616491840680211,0.0,0.0,0.0,0.046934322205006436,0.0,0.0,-0.12584582465298727,0.0,0.0,0.0,0.04390872795787839,0.0,0.0,-0.3612229508587508,0.0,0.036593995063079206,0.0,-0.13474000976441997,-0.2858095298996752
2024-03-01,2024-06-01,2.092368016167967,1.6767410864439096,0.494281514985379,0.5523278298111357,-1.5456677846124458,0.1727457447118465,0.611532503954058,54.62121147288327,-9.999999999999984,14.984197964707715,1.3338784060916071,1.1063814765646107,1.0024747441335964,0.13476464521630516,0.40513837557039,1.4677469636758724,1.57048982361884,0.583289472522619,0.6666124260565763,0.6661822438333719,-0.5934613451376131,-0.35420206062051346,0.6893098625959408,0.8003420219104748,1,1,0.0,0.0,0.0,0.0,0.0,0.0,0.0,0.0,0.008890348809240889,0.0,0.1325673087102269,0.0,0.18610183110571946,0.05726320163651875,0.0,0.0,0.0,0.0,0.014134445316309188,0.1485423345325783,0.0372206112009476,0.0,0.0,0.0,0.0,0.0,0.0,0.0,0.21144208890854782,0.41422488167202565,0.0,0.0,0.2540932663489427,-0.2506936015839361
2024-06-01,2024-09-01,-1.5974916197048827,-0.9882143013871172,0.5468088969624876,0.5195849716299178,-1.445804697626927,0.3712188506164878,0.3207177996303332,14.386009118383962,9.999999999838979,-8.916014795571336,0.78972685765775,0.976749369197094,1.1290686987765355,0.5600474970958274,0.7800912431745588,1.7303791569750542,2.2182261012664597,1.3761222741233148,0.10321886705931291,0.09781585177890822,0.49076519146125797,0.6166454163581007,1.5350256482385647,2.0228314429929606,0,0,0.0,0.0,0.0,0.0,0.0,0.0,0.0,0.0,0.0,0.0,0.0,0.0,0.07793491909348002,0.14713119972549682,0.09692168512860533,0.0,0.0,0.0,0.12052088469488799,0.0,0.0,-0.059279424280659854,0.0,0.0,0.0,-0.04101043886318545,0.0,-0.10551738474165158,-0.3202393968362622,0.0,-0.8632975733896258,0.0,-0.08023246781844506,-0.26573732915041676
2024-09-01,2024-12-01,0.1820884779537124,2.047911980521382,1.0639414641548266,1.0873434734651324,-2.0760336775035335,3.4812973427338862,0.162799469938261,44.851411893959735,-9.99999999999991,13.590556413103624,1.1540647247716267,0.6529068849768116,1.119362760618729,0.35372402318262486,0.5483531963120244,1.5022076404457647,1.697598624373827,0.6073847654883835,0.365610106317528,0.3599652917506577,0.5033877145073125,0.6999557235144706,1.6310946932769141,1.8002089119725424,0,0,0.1032381656626844,0.0,0.0,0.0,0.0,0.0,0.0,0.0,0.0,0.0,0.08410975751877392,0.0,0.30442236773588655,0.12653792109252351,0.0,0.0,0.0,0.0,0.1688291136758716,0.14090583835618964,0.13331109405210712,0.0,0.0,0.0,0.0,0.0,0.0,0.208959542049797,0.21217362135783036,0.0,0.0,0.0,0.2231029930169777,-0.14926384033579182
2024-12-01,2025-03-01,3.069283205859108,0.8191184327161298,1.25998755609187,1.2203909928019843,-2.1622437182050454,5.063241506293589,0.862738060985214,99.99999999999999,0.9491222201004351,-0.7658122006915078,1.863103871298145,0.9365620200689762,0.3740208267832316,-0.26232259010767883,-0.11104881184718735,0.9827607422614688,1.1306929965254393,0.16924121860419916,0.30418925922634515,0.2957949509096456,-0.22015050423237098,-0.09509850082724085,0.9955317974974932,1.112895556616738,0,0,0.0,0.0,0.0,0.0,0.0,0.03378014767693198,0.0,0.0,0.0,0.0,-0.13877459342762935,0.0,0.15750434585910744,0.06748357296004952,0.05891725919568155,0.0,0.0,0.0,0.0,0.0,0.08089737920976044,0.0,0.0,0.0,0.0907844202234544,0.020083443614797303,0.0,0.21785240477867174,0.0,0.0,0.13874183377661575,0.0,0.0,-0.2968116976420612
