"CubeId";"snbmonagg"
"PublishingDate";"2025-08-21 09:00"

"Date";"D0";"D1";"Value"
"1990-07";"VV";"GM1";"-5.12471456"
"1990-07";"VV";"GM2";"-7.37297811"
"1990-07";"VV";"GM3";"0.63182359"
"1990-08";"VV";"GM1";"-5.73413047"
"1990-08";"VV";"GM2";"-7.951759"
"1990-08";"VV";"GM3";"0.89313327"
"1990-09";"VV";"GM1";"-5.10624476"
"1990-09";"VV";"GM2";"-7.09027973"
"1990-09";"VV";"GM3";"1.77302346"
"1990-10";"VV";"GM1";"-3.81588176"
"1990-10";"VV";"GM2";"-6.343078"
"1990-10";"VV";"GM3";"1.45599147"
"1990-11";"VV";"GM1";"-3.72004142"
"1990-11";"VV";"GM2";"-5.6788039"
"1990-11";"VV";"GM3";"1.5257783"
"1990-12";"VV";"GM1";"-0.30764086"
"1990-12";"VV";"GM2";"-3.4914969"
"1990-12";"VV";"GM3";"2.36799114"
"1991-01";"VV";"GM1";"-0.05484833"
"1991-01";"VV";"GM2";"-2.24355559"
"1991-01";"VV";"GM3";"2.19019557"
"1991-02";"VV";"GM1";"1.08048531"
"1991-02";"VV";"GM2";"-0.47374191"
"1991-02";"VV";"GM3";"2.29013892"
"1991-03";"VV";"GM1";"0.08528593"
"1991-03";"VV";"GM2";"0.09300457"
"1991-03";"VV";"GM3";"2.56771492"
"1991-04";"VV";"GM1";"2.23619145"
"1991-04";"VV";"GM2";"1.46378092"
"1991-04";"VV";"GM3";"2.98061879"
"1991-05";"VV";"GM1";"3.00991854"
"1991-05";"VV";"GM2";"2.15675007"
"1991-05";"VV";"GM3";"3.3408923"
"1991-06";"VV";"GM1";"1.66862139"
"1991-06";"VV";"GM2";"2.18306455"
"1991-06";"VV";"GM3";"3.16170544"
"1991-07";"VV";"GM1";"3.1807452"
"1991-07";"VV";"GM2";"2.66168248"
"1991-07";"VV";"GM3";"3.59321048"
"1991-08";"VV";"GM1";"3.67568878"
"1991-08";"VV";"GM2";"3.49208075"
"1991-08";"VV";"GM3";"2.98178743"
"1991-09";"VV";"GM1";"2.04827959"
"1991-09";"VV";"GM2";"2.5234854"
"1991-09";"VV";"GM3";"1.7890236"
"1991-10";"VV";"GM1";"2.65024666"
"1991-10";"VV";"GM2";"2.97298863"
"1991-10";"VV";"GM3";"2.56792055"
"1991-11";"VV";"GM1";"2.71399843"
"1991-11";"VV";"GM2";"3.05795639"
"1991-11";"VV";"GM3";"2.18369192"
"1991-12";"VV";"GM1";"1.25616342"
"1991-12";"VV";"GM2";"2.63729195"
"1991-12";"VV";"GM3";"2.35174523"
"1992-01";"VV";"GM1";"2.47838056"
"1992-01";"VV";"GM2";"3.36298622"
"1992-01";"VV";"GM3";"1.7308359"
"1992-02";"VV";"GM1";"3.54643524"
"1992-02";"VV";"GM2";"3.92336843"
"1992-02";"VV";"GM3";"2.21869084"
"1992-03";"VV";"GM1";"3.41480917"
"1992-03";"VV";"GM2";"3.42924697"
"1992-03";"VV";"GM3";"1.78479204"
"1992-04";"VV";"GM1";"3.09396111"
"1992-04";"VV";"GM2";"3.12649643"
"1992-04";"VV";"GM3";"2.65919879"
"1992-05";"VV";"GM1";"0.73115071"
"1992-05";"VV";"GM2";"2.19213411"
"1992-05";"VV";"GM3";"2.54673286"
"1992-06";"VV";"GM1";"1.25583346"
"1992-06";"VV";"GM2";"1.48448856"
"1992-06";"VV";"GM3";"2.52745686"
"1992-07";"VV";"GM1";"-0.50510941"
"1992-07";"VV";"GM2";"0.50652879"
"1992-07";"VV";"GM3";"1.9847572"
"1992-08";"VV";"GM1";"-0.37963638"
"1992-08";"VV";"GM2";"0.6680208"
"1992-08";"VV";"GM3";"1.99699596"
"1992-09";"VV";"GM1";"2.39730259"
"1992-09";"VV";"GM2";"2.0333647"
"1992-09";"VV";"GM3";"2.09182191"
"1992-10";"VV";"GM1";"2.43098186"
"1992-10";"VV";"GM2";"3.02564724"
"1992-10";"VV";"GM3";"1.39072361"
"1992-11";"VV";"GM1";"2.62441051"
"1992-11";"VV";"GM2";"4.40357599"
"1992-11";"VV";"GM3";"2.48170745"
"1992-12";"VV";"GM1";"2.74037267"
"1992-12";"VV";"GM2";"5.33160162"
"1992-12";"VV";"GM3";"1.75198306"
"1993-01";"VV";"GM1";"5.87595118"
"1993-01";"VV";"GM2";"8.66043403"
"1993-01";"VV";"GM3";"2.99196499"
"1993-02";"VV";"GM1";"6.11712917"
"1993-02";"VV";"GM2";"10.13589391"
"1993-02";"VV";"GM3";"3.12250752"
"1993-03";"VV";"GM1";"9.63206467"
"1993-03";"VV";"GM2";"13.42162424"
"1993-03";"VV";"GM3";"4.28158492"
"1993-04";"VV";"GM1";"9.36861605"
"1993-04";"VV";"GM2";"14.36579765"
"1993-04";"VV";"GM3";"3.45322283"
"1993-05";"VV";"GM1";"11.000061"
"1993-05";"VV";"GM2";"16.09552643"
"1993-05";"VV";"GM3";"2.73739627"
"1993-06";"VV";"GM1";"11.40657501"
"1993-06";"VV";"GM2";"17.09352091"
"1993-06";"VV";"GM3";"2.88095665"
"1993-07";"VV";"GM1";"12.99482407"
"1993-07";"VV";"GM2";"19.43446568"
"1993-07";"VV";"GM3";"3.89172267"
"1993-08";"VV";"GM1";"13.7135736"
"1993-08";"VV";"GM2";"19.97416965"
"1993-08";"VV";"GM3";"4.14573713"
"1993-09";"VV";"GM1";"10.483579"
"1993-09";"VV";"GM2";"18.84084457"
"1993-09";"VV";"GM3";"4.05736769"
"1993-10";"VV";"GM1";"13.42893836"
"1993-10";"VV";"GM2";"19.99378279"
"1993-10";"VV";"GM3";"5.515335"
"1993-11";"VV";"GM1";"12.25146611"
"1993-11";"VV";"GM2";"18.53419452"
"1993-11";"VV";"GM3";"5.14645127"
"1993-12";"VV";"GM1";"10.10325732"
"1993-12";"VV";"GM2";"16.96664135"
"1993-12";"VV";"GM3";"4.98492557"
"1994-01";"VV";"GM1";"10.94387339"
"1994-01";"VV";"GM2";"17.43205467"
"1994-01";"VV";"GM3";"6.07110971"
"1994-02";"VV";"GM1";"10.71968896"
"1994-02";"VV";"GM2";"16.52422305"
"1994-02";"VV";"GM3";"6.83040911"
"1994-03";"VV";"GM1";"6.62990419"
"1994-03";"VV";"GM2";"13.14122945"
"1994-03";"VV";"GM3";"5.59784254"
"1994-04";"VV";"GM1";"6.25420469"
"1994-04";"VV";"GM2";"12.40661726"
"1994-04";"VV";"GM3";"5.94181904"
"1994-05";"VV";"GM1";"5.85381554"
"1994-05";"VV";"GM2";"11.43239586"
"1994-05";"VV";"GM3";"6.26024917"
"1994-06";"VV";"GM1";"5.30992648"
"1994-06";"VV";"GM2";"10.34165795"
"1994-06";"VV";"GM3";"6.00680447"
"1994-07";"VV";"GM1";"5.13530552"
"1994-07";"VV";"GM2";"9.29535615"
"1994-07";"VV";"GM3";"4.83439408"
"1994-08";"VV";"GM1";"3.99291631"
"1994-08";"VV";"GM2";"8.17738632"
"1994-08";"VV";"GM3";"4.28270469"
"1994-09";"VV";"GM1";"4.67730862"
"1994-09";"VV";"GM2";"8.09339718"
"1994-09";"VV";"GM3";"4.46028051"
"1994-10";"VV";"GM1";"1.56621504"
"1994-10";"VV";"GM2";"6.15941522"
"1994-10";"VV";"GM3";"3.65340747"
"1994-11";"VV";"GM1";"3.66224035"
"1994-11";"VV";"GM2";"6.49299273"
"1994-11";"VV";"GM3";"3.67828367"
"1994-12";"VV";"GM1";"3.52214242"
"1994-12";"VV";"GM2";"4.83250226"
"1994-12";"VV";"GM3";"3.72725296"
"1995-01";"VV";"GM1";"3.94793926"
"1995-01";"VV";"GM2";"2.63871347"
"1995-01";"VV";"GM3";"2.58578007"
"1995-02";"VV";"GM1";"2.55948751"
"1995-02";"VV";"GM2";"1.45316064"
"1995-02";"VV";"GM3";"1.42613826"
"1995-03";"VV";"GM1";"3.065805"
"1995-03";"VV";"GM2";"1.22988536"
"1995-03";"VV";"GM3";"1.0828166"
"1995-04";"VV";"GM1";"3.93224531"
"1995-04";"VV";"GM2";"1.7613392"
"1995-04";"VV";"GM3";"0.73476816"
"1995-05";"VV";"GM1";"5.41514639"
"1995-05";"VV";"GM2";"2.72615393"
"1995-05";"VV";"GM3";"1.78315438"
"1995-06";"VV";"GM1";"5.55052857"
"1995-06";"VV";"GM2";"3.38956924"
"1995-06";"VV";"GM3";"1.57113505"
"1995-07";"VV";"GM1";"7.35061938"
"1995-07";"VV";"GM2";"5.16500289"
"1995-07";"VV";"GM3";"2.38180196"
"1995-08";"VV";"GM1";"9.31340731"
"1995-08";"VV";"GM2";"6.66496904"
"1995-08";"VV";"GM3";"3.06039941"
"1995-09";"VV";"GM1";"8.2531472"
"1995-09";"VV";"GM2";"6.54416484"
"1995-09";"VV";"GM3";"2.83477835"
"1995-10";"VV";"GM1";"11.14892985"
"1995-10";"VV";"GM2";"8.59423951"
"1995-10";"VV";"GM3";"3.16456007"
"1995-11";"VV";"GM1";"11.32353885"
"1995-11";"VV";"GM2";"9.43590042"
"1995-11";"VV";"GM3";"2.9275794"
"1995-12";"VV";"GM1";"9.7819015"
"1995-12";"VV";"GM2";"9.25810056"
"1995-12";"VV";"GM3";"2.88708978"
"1996-01";"VV";"GM1";"10.89598483"
"1996-01";"VV";"GM2";"13.31565944"
"1996-01";"VV";"GM3";"4.92778455"
"1996-02";"VV";"GM1";"13.40782923"
"1996-02";"VV";"GM2";"14.92043597"
"1996-02";"VV";"GM3";"5.79226907"
"1996-03";"VV";"GM1";"16.02559949"
"1996-03";"VV";"GM2";"16.32283327"
"1996-03";"VV";"GM3";"7.29581891"
"1996-04";"VV";"GM1";"15.6857405"
"1996-04";"VV";"GM2";"16.42083864"
"1996-04";"VV";"GM3";"7.75926615"
"1996-05";"VV";"GM1";"11.82727618"
"1996-05";"VV";"GM2";"13.46020883"
"1996-05";"VV";"GM3";"6.78777252"
"1996-06";"VV";"GM1";"11.03723219"
"1996-06";"VV";"GM2";"12.23857303"
"1996-06";"VV";"GM3";"7.21975735"
"1996-07";"VV";"GM1";"11.61156207"
"1996-07";"VV";"GM2";"11.17236824"
"1996-07";"VV";"GM3";"7.38384983"
"1996-08";"VV";"GM1";"9.69562757"
"1996-08";"VV";"GM2";"9.88478018"
"1996-08";"VV";"GM3";"6.88438159"
"1996-09";"VV";"GM1";"11.70614156"
"1996-09";"VV";"GM2";"11.06808598"
"1996-09";"VV";"GM3";"7.33740834"
"1996-10";"VV";"GM1";"10.06271647"
"1996-10";"VV";"GM2";"9.69726601"
"1996-10";"VV";"GM3";"7.0954102"
"1996-11";"VV";"GM1";"9.51155166"
"1996-11";"VV";"GM2";"8.31149051"
"1996-11";"VV";"GM3";"7.73800532"
"1996-12";"VV";"GM1";"9.49972944"
"1996-12";"VV";"GM2";"7.51319938"
"1996-12";"VV";"GM3";"6.70769692"
"1997-01";"VV";"GM1";"10.91301103"
"1997-01";"VV";"GM2";"7.20970163"
"1997-01";"VV";"GM3";"7.15263164"
"1997-02";"VV";"GM1";"10.83165428"
"1997-02";"VV";"GM2";"6.78257203"
"1997-02";"VV";"GM3";"7.76760984"
"1997-03";"VV";"GM1";"6.79965254"
"1997-03";"VV";"GM2";"4.54570829"
"1997-03";"VV";"GM3";"5.62666377"
"1997-04";"VV";"GM1";"8.17339264"
"1997-04";"VV";"GM2";"5.03694629"
"1997-04";"VV";"GM3";"5.76340326"
"1997-05";"VV";"GM1";"12.07929139"
"1997-05";"VV";"GM2";"7.85658923"
"1997-05";"VV";"GM3";"6.29979543"
"1997-06";"VV";"GM1";"11.39698959"
"1997-06";"VV";"GM2";"7.73835431"
"1997-06";"VV";"GM3";"5.30421568"
"1997-07";"VV";"GM1";"12.93633196"
"1997-07";"VV";"GM2";"8.0753805"
"1997-07";"VV";"GM3";"5.0218626"
"1997-08";"VV";"GM1";"13.15578312"
"1997-08";"VV";"GM2";"8.4255723"
"1997-08";"VV";"GM3";"4.59729876"
"1997-09";"VV";"GM1";"9.81126958"
"1997-09";"VV";"GM2";"6.43178063"
"1997-09";"VV";"GM3";"3.81994655"
"1997-10";"VV";"GM1";"9.24476952"
"1997-10";"VV";"GM2";"5.56152279"
"1997-10";"VV";"GM3";"3.88488729"
"1997-11";"VV";"GM1";"7.06751178"
"1997-11";"VV";"GM2";"4.88851099"
"1997-11";"VV";"GM3";"2.74649322"
"1997-12";"VV";"GM1";"8.69381056"
"1997-12";"VV";"GM2";"6.06851195"
"1997-12";"VV";"GM3";"3.35985989"
"1998-01";"VV";"GM1";"8.4992092"
"1998-01";"VV";"GM2";"4.91013899"
"1998-01";"VV";"GM3";"1.62071667"
"1998-02";"VV";"GM1";"11.54486186"
"1998-02";"VV";"GM2";"6.2572556"
"1998-02";"VV";"GM3";"1.08707187"
"1998-03";"VV";"GM1";"12.52258481"
"1998-03";"VV";"GM2";"6.53410153"
"1998-03";"VV";"GM3";"2.30500816"
"1998-04";"VV";"GM1";"9.90911017"
"1998-04";"VV";"GM2";"4.63919022"
"1998-04";"VV";"GM3";"1.54808275"
"1998-05";"VV";"GM1";"6.25564804"
"1998-05";"VV";"GM2";"2.31492451"
"1998-05";"VV";"GM3";"0.27325864"
"1998-06";"VV";"GM1";"5.80094776"
"1998-06";"VV";"GM2";"1.61095692"
"1998-06";"VV";"GM3";"0.8145638"
"1998-07";"VV";"GM1";"5.13771246"
"1998-07";"VV";"GM2";"1.84149942"
"1998-07";"VV";"GM3";"1.18550694"
"1998-08";"VV";"GM1";"6.3044506"
"1998-08";"VV";"GM2";"2.21440059"
"1998-08";"VV";"GM3";"1.5907496"
"1998-09";"VV";"GM1";"6.57386619"
"1998-09";"VV";"GM2";"1.87768269"
"1998-09";"VV";"GM3";"0.62979868"
"1998-10";"VV";"GM1";"9.15253295"
"1998-10";"VV";"GM2";"3.61007233"
"1998-10";"VV";"GM3";"0.66317851"
"1998-11";"VV";"GM1";"9.03669399"
"1998-11";"VV";"GM2";"3.50161089"
"1998-11";"VV";"GM3";"1.99420055"
"1998-12";"VV";"GM1";"5.28953621"
"1998-12";"VV";"GM2";"0.69947091"
"1998-12";"VV";"GM3";"0.42275981"
"1999-01";"VV";"GM1";"6.69695155"
"1999-01";"VV";"GM2";"1.42977738"
"1999-01";"VV";"GM3";"0.85097665"
"1999-02";"VV";"GM1";"5.30833291"
"1999-02";"VV";"GM2";"0.86089647"
"1999-02";"VV";"GM3";"1.50809581"
"1999-03";"VV";"GM1";"4.81351067"
"1999-03";"VV";"GM2";"1.36179555"
"1999-03";"VV";"GM3";"0.75388286"
"1999-04";"VV";"GM1";"9.28096129"
"1999-04";"VV";"GM2";"3.58115537"
"1999-04";"VV";"GM3";"1.09791957"
"1999-05";"VV";"GM1";"11.18888138"
"1999-05";"VV";"GM2";"4.73402144"
"1999-05";"VV";"GM3";"1.96273187"
"1999-06";"VV";"GM1";"11.5351022"
"1999-06";"VV";"GM2";"5.07870286"
"1999-06";"VV";"GM3";"1.4753629"
"1999-07";"VV";"GM1";"12.13472835"
"1999-07";"VV";"GM2";"5.56319751"
"1999-07";"VV";"GM3";"1.45200802"
"1999-08";"VV";"GM1";"11.0140508"
"1999-08";"VV";"GM2";"4.71254021"
"1999-08";"VV";"GM3";"1.37879876"
"1999-09";"VV";"GM1";"9.85558692"
"1999-09";"VV";"GM2";"4.44705154"
"1999-09";"VV";"GM3";"1.95663353"
"1999-10";"VV";"GM1";"7.48131581"
"1999-10";"VV";"GM2";"2.66598834"
"1999-10";"VV";"GM3";"1.21068721"
"1999-11";"VV";"GM1";"7.54247305"
"1999-11";"VV";"GM2";"2.54846783"
"1999-11";"VV";"GM3";"0.40450453"
"1999-12";"VV";"GM1";"6.37831947"
"1999-12";"VV";"GM2";"2.08892564"
"1999-12";"VV";"GM3";"1.44837444"
"2000-01";"VV";"GM1";"5.66852305"
"2000-01";"VV";"GM2";"1.00993489"
"2000-01";"VV";"GM3";"0.51436171"
"2000-02";"VV";"GM1";"1.86978459"
"2000-02";"VV";"GM2";"-1.54744009"
"2000-02";"VV";"GM3";"-1.15434176"
"2000-03";"VV";"GM1";"1.77136749"
"2000-03";"VV";"GM2";"-2.3917956"
"2000-03";"VV";"GM3";"-1.32524969"
"2000-04";"VV";"GM1";"-1.46385657"
"2000-04";"VV";"GM2";"-4.37249999"
"2000-04";"VV";"GM3";"-1.7368508"
"2000-05";"VV";"GM1";"-1.73836615"
"2000-05";"VV";"GM2";"-4.9503483"
"2000-05";"VV";"GM3";"-1.38525422"
"2000-06";"VV";"GM1";"-3.64235406"
"2000-06";"VV";"GM2";"-5.83442871"
"2000-06";"VV";"GM3";"-2.44220505"
"2000-07";"VV";"GM1";"-5.40507106"
"2000-07";"VV";"GM2";"-7.18797251"
"2000-07";"VV";"GM3";"-2.28314703"
"2000-08";"VV";"GM1";"-4.70504077"
"2000-08";"VV";"GM2";"-6.97040834"
"2000-08";"VV";"GM3";"-1.80892259"
"2000-09";"VV";"GM1";"-4.89201045"
"2000-09";"VV";"GM2";"-7.6291668"
"2000-09";"VV";"GM3";"-2.29336012"
"2000-10";"VV";"GM1";"-4.46216121"
"2000-10";"VV";"GM2";"-7.66651628"
"2000-10";"VV";"GM3";"-1.76647644"
"2000-11";"VV";"GM1";"-2.94623105"
"2000-11";"VV";"GM2";"-6.76802714"
"2000-11";"VV";"GM3";"-1.31439231"
"2000-12";"VV";"GM1";"-1.98219791"
"2000-12";"VV";"GM2";"-5.68519695"
"2000-12";"VV";"GM3";"-1.03794545"
"2001-01";"VV";"GM1";"-3.13920742"
"2001-01";"VV";"GM2";"-6.03207965"
"2001-01";"VV";"GM3";"0.19669084"
"2001-02";"VV";"GM1";"-2.76510425"
"2001-02";"VV";"GM2";"-5.75389697"
"2001-02";"VV";"GM3";"1.01234992"
"2001-03";"VV";"GM1";"-3.20856909"
"2001-03";"VV";"GM2";"-5.8387708"
"2001-03";"VV";"GM3";"1.21242462"
"2001-04";"VV";"GM1";"-1.60512945"
"2001-04";"VV";"GM2";"-4.63200344"
"2001-04";"VV";"GM3";"2.40491066"
"2001-05";"VV";"GM1";"-0.04158085"
"2001-05";"VV";"GM2";"-3.36381275"
"2001-05";"VV";"GM3";"2.71901553"
"2001-06";"VV";"GM1";"1.09466444"
"2001-06";"VV";"GM2";"-2.63679723"
"2001-06";"VV";"GM3";"4.08833459"
"2001-07";"VV";"GM1";"1.34649143"
"2001-07";"VV";"GM2";"-2.17378059"
"2001-07";"VV";"GM3";"3.28833358"
"2001-08";"VV";"GM1";"1.01689487"
"2001-08";"VV";"GM2";"-2.07487118"
"2001-08";"VV";"GM3";"3.00977279"
"2001-09";"VV";"GM1";"3.50991274"
"2001-09";"VV";"GM2";"-0.16008638"
"2001-09";"VV";"GM3";"3.92094447"
"2001-10";"VV";"GM1";"3.56916055"
"2001-10";"VV";"GM2";"1.06722133"
"2001-10";"VV";"GM3";"5.10692163"
"2001-11";"VV";"GM1";"3.84857166"
"2001-11";"VV";"GM2";"1.92012309"
"2001-11";"VV";"GM3";"5.593004"
"2001-12";"VV";"GM1";"8.5816407"
"2001-12";"VV";"GM2";"4.62417817"
"2001-12";"VV";"GM3";"5.69212365"
"2002-01";"VV";"GM1";"4.43694787"
"2002-01";"VV";"GM2";"3.09046136"
"2002-01";"VV";"GM3";"3.71003462"
"2002-02";"VV";"GM1";"6.49073312"
"2002-02";"VV";"GM2";"5.02989986"
"2002-02";"VV";"GM3";"3.73641079"
"2002-03";"VV";"GM1";"8.6146199"
"2002-03";"VV";"GM2";"7.57920165"
"2002-03";"VV";"GM3";"4.4266639"
"2002-04";"VV";"GM1";"6.62410922"
"2002-04";"VV";"GM2";"6.79640679"
"2002-04";"VV";"GM3";"3.48162158"
"2002-05";"VV";"GM1";"4.58111638"
"2002-05";"VV";"GM2";"6.04786871"
"2002-05";"VV";"GM3";"2.68779084"
"2002-06";"VV";"GM1";"8.49141692"
"2002-06";"VV";"GM2";"8.54025865"
"2002-06";"VV";"GM3";"3.91376021"
"2002-07";"VV";"GM1";"10.75586878"
"2002-07";"VV";"GM2";"10.4502387"
"2002-07";"VV";"GM3";"5.19532706"
"2002-08";"VV";"GM1";"11.92236049"
"2002-08";"VV";"GM2";"11.60843207"
"2002-08";"VV";"GM3";"5.20399555"
"2002-09";"VV";"GM1";"11.50849307"
"2002-09";"VV";"GM2";"11.48500699"
"2002-09";"VV";"GM3";"5.55230158"
"2002-10";"VV";"GM1";"10.64746065"
"2002-10";"VV";"GM2";"11.16899723"
"2002-10";"VV";"GM3";"4.28632749"
"2002-11";"VV";"GM1";"10.59244301"
"2002-11";"VV";"GM2";"10.82942186"
"2002-11";"VV";"GM3";"3.82061759"
"2002-12";"VV";"GM1";"9.14200874"
"2002-12";"VV";"GM2";"10.55558783"
"2002-12";"VV";"GM3";"4.79534355"
"2003-01";"VV";"GM1";"11.39146964"
"2003-01";"VV";"GM2";"11.89932924"
"2003-01";"VV";"GM3";"6.24691714"
"2003-02";"VV";"GM1";"11.68751725"
"2003-02";"VV";"GM2";"12.13699901"
"2003-02";"VV";"GM3";"7.12538416"
"2003-03";"VV";"GM1";"21.83323281"
"2003-03";"VV";"GM2";"17.6662099"
"2003-03";"VV";"GM3";"8.31921986"
"2003-04";"VV";"GM1";"25.97715888"
"2003-04";"VV";"GM2";"20.25826513"
"2003-04";"VV";"GM3";"9.79767904"
"2003-05";"VV";"GM1";"26.2882092"
"2003-05";"VV";"GM2";"20.40648845"
"2003-05";"VV";"GM3";"9.52869422"
"2003-06";"VV";"GM1";"23.28569686"
"2003-06";"VV";"GM2";"19.08964993"
"2003-06";"VV";"GM3";"9.12266942"
"2003-07";"VV";"GM1";"22.81795288"
"2003-07";"VV";"GM2";"18.62583817"
"2003-07";"VV";"GM3";"8.25007581"
"2003-08";"VV";"GM1";"24.00607289"
"2003-08";"VV";"GM2";"18.98526252"
"2003-08";"VV";"GM3";"9.22266685"
"2003-09";"VV";"GM1";"23.52255258"
"2003-09";"VV";"GM2";"18.69578058"
"2003-09";"VV";"GM3";"9.88733245"
"2003-10";"VV";"GM1";"26.25064399"
"2003-10";"VV";"GM2";"19.58374327"
"2003-10";"VV";"GM3";"10.11171735"
"2003-11";"VV";"GM1";"24.16475858"
"2003-11";"VV";"GM2";"18.5223065"
"2003-11";"VV";"GM3";"8.57862618"
"2003-12";"VV";"GM1";"20.85846694"
"2003-12";"VV";"GM2";"15.10686177"
"2003-12";"VV";"GM3";"7.47072671"
"2004-01";"VV";"GM1";"24.06173463"
"2004-01";"VV";"GM2";"16.61216213"
"2004-01";"VV";"GM3";"7.9910395"
"2004-02";"VV";"GM1";"23.6168364"
"2004-02";"VV";"GM2";"16.14975377"
"2004-02";"VV";"GM3";"7.0635934"
"2004-03";"VV";"GM1";"11.37353896"
"2004-03";"VV";"GM2";"8.48807606"
"2004-03";"VV";"GM3";"4.83761026"
"2004-04";"VV";"GM1";"8.9637926"
"2004-04";"VV";"GM2";"6.98173761"
"2004-04";"VV";"GM3";"3.62937151"
"2004-05";"VV";"GM1";"9.13645536"
"2004-05";"VV";"GM2";"6.67134861"
"2004-05";"VV";"GM3";"4.08166962"
"2004-06";"VV";"GM1";"6.57389864"
"2004-06";"VV";"GM2";"4.98185965"
"2004-06";"VV";"GM3";"3.72300265"
"2004-07";"VV";"GM1";"3.68683939"
"2004-07";"VV";"GM2";"3.22181967"
"2004-07";"VV";"GM3";"3.04968886"
"2004-08";"VV";"GM1";"1.12044318"
"2004-08";"VV";"GM2";"1.64094315"
"2004-08";"VV";"GM3";"2.93531908"
"2004-09";"VV";"GM1";"-1.58324406"
"2004-09";"VV";"GM2";"-0.17841863"
"2004-09";"VV";"GM3";"1.55864966"
"2004-10";"VV";"GM1";"-4.53440324"
"2004-10";"VV";"GM2";"-1.97533416"
"2004-10";"VV";"GM3";"1.31574985"
"2004-11";"VV";"GM1";"-4.93394264"
"2004-11";"VV";"GM2";"-2.32674898"
"2004-11";"VV";"GM3";"2.65263837"
"2004-12";"VV";"GM1";"-4.89635897"
"2004-12";"VV";"GM2";"-2.06394887"
"2004-12";"VV";"GM3";"2.52355382"
"2005-01";"VV";"GM1";"-4.41615659"
"2005-01";"VV";"GM2";"-2.22400465"
"2005-01";"VV";"GM3";"2.98571888"
"2005-02";"VV";"GM1";"-5.19754814"
"2005-02";"VV";"GM2";"-2.93438087"
"2005-02";"VV";"GM3";"2.38722865"
"2005-03";"VV";"GM1";"-5.09602334"
"2005-03";"VV";"GM2";"-2.73668581"
"2005-03";"VV";"GM3";"2.7200858"
"2005-04";"VV";"GM1";"-7.18507542"
"2005-04";"VV";"GM2";"-4.0986075"
"2005-04";"VV";"GM3";"2.7881151"
"2005-05";"VV";"GM1";"-7.08902133"
"2005-05";"VV";"GM2";"-4.00226059"
"2005-05";"VV";"GM3";"3.14118083"
"2005-06";"VV";"GM1";"-2.72141125"
"2005-06";"VV";"GM2";"-1.4218571"
"2005-06";"VV";"GM3";"4.86305169"
"2005-07";"VV";"GM1";"-0.31633989"
"2005-07";"VV";"GM2";"-0.05065613"
"2005-07";"VV";"GM3";"6.89605262"
"2005-08";"VV";"GM1";"-0.1090732"
"2005-08";"VV";"GM2";"0.06290329"
"2005-08";"VV";"GM3";"5.49871719"
"2005-09";"VV";"GM1";"2.96308005"
"2005-09";"VV";"GM2";"1.83601136"
"2005-09";"VV";"GM3";"6.02312898"
"2005-10";"VV";"GM1";"3.68904279"
"2005-10";"VV";"GM2";"2.21259929"
"2005-10";"VV";"GM3";"5.76171192"
"2005-11";"VV";"GM1";"4.00596098"
"2005-11";"VV";"GM2";"2.44542519"
"2005-11";"VV";"GM3";"5.82396199"
"2005-12";"VV";"GM1";"5.06845894"
"2005-12";"VV";"GM2";"2.68157693"
"2005-12";"VV";"GM3";"4.86886021"
"2006-01";"VV";"GM1";"1.65406444"
"2006-01";"VV";"GM2";"0.83790241"
"2006-01";"VV";"GM3";"3.14062741"
"2006-02";"VV";"GM1";"1.06473445"
"2006-02";"VV";"GM2";"0.32256392"
"2006-02";"VV";"GM3";"3.43894065"
"2006-03";"VV";"GM1";"1.13478321"
"2006-03";"VV";"GM2";"0.05195987"
"2006-03";"VV";"GM3";"4.06242322"
"2006-04";"VV";"GM1";"3.00810948"
"2006-04";"VV";"GM2";"0.83003776"
"2006-04";"VV";"GM3";"4.262045"
"2006-05";"VV";"GM1";"1.67767661"
"2006-05";"VV";"GM2";"-0.19785515"
"2006-05";"VV";"GM3";"3.18658677"
"2006-06";"VV";"GM1";"-1.21212764"
"2006-06";"VV";"GM2";"-1.98565648"
"2006-06";"VV";"GM3";"1.43187298"
"2006-07";"VV";"GM1";"-1.28667191"
"2006-07";"VV";"GM2";"-2.26685871"
"2006-07";"VV";"GM3";"1.35866379"
"2006-08";"VV";"GM1";"-0.69402481"
"2006-08";"VV";"GM2";"-2.198229"
"2006-08";"VV";"GM3";"2.13471406"
"2006-09";"VV";"GM1";"-2.06135928"
"2006-09";"VV";"GM2";"-3.28583283"
"2006-09";"VV";"GM3";"1.90028122"
"2006-10";"VV";"GM1";"-2.27012908"
"2006-10";"VV";"GM2";"-3.4255623"
"2006-10";"VV";"GM3";"2.63653453"
"2006-11";"VV";"GM1";"-3.80333604"
"2006-11";"VV";"GM2";"-4.62553728"
"2006-11";"VV";"GM3";"1.39421657"
"2006-12";"VV";"GM1";"-4.11056111"
"2006-12";"VV";"GM2";"-4.99691122"
"2006-12";"VV";"GM3";"2.93102682"
"2007-01";"VV";"GM1";"-3.40694334"
"2007-01";"VV";"GM2";"-4.54681311"
"2007-01";"VV";"GM3";"3.74767405"
"2007-02";"VV";"GM1";"-2.98461795"
"2007-02";"VV";"GM2";"-4.49759948"
"2007-02";"VV";"GM3";"3.70929931"
"2007-03";"VV";"GM1";"-4.64586832"
"2007-03";"VV";"GM2";"-5.80299721"
"2007-03";"VV";"GM3";"2.6646927"
"2007-04";"VV";"GM1";"-4.33382889"
"2007-04";"VV";"GM2";"-5.69431914"
"2007-04";"VV";"GM3";"2.408148"
"2007-05";"VV";"GM1";"-4.04346467"
"2007-05";"VV";"GM2";"-5.50916945"
"2007-05";"VV";"GM3";"2.79447189"
"2007-06";"VV";"GM1";"-4.44532709"
"2007-06";"VV";"GM2";"-6.06845328"
"2007-06";"VV";"GM3";"2.98634897"
"2007-07";"VV";"GM1";"-6.18035788"
"2007-07";"VV";"GM2";"-7.17352939"
"2007-07";"VV";"GM3";"1.54604829"
"2007-08";"VV";"GM1";"-7.5936845"
"2007-08";"VV";"GM2";"-8.14246499"
"2007-08";"VV";"GM3";"1.11457717"
"2007-09";"VV";"GM1";"-6.71537839"
"2007-09";"VV";"GM2";"-7.52599232"
"2007-09";"VV";"GM3";"1.91623408"
"2007-10";"VV";"GM1";"-6.55597659"
"2007-10";"VV";"GM2";"-7.43424336"
"2007-10";"VV";"GM3";"1.38790001"
"2007-11";"VV";"GM1";"-4.04711194"
"2007-11";"VV";"GM2";"-5.91005958"
"2007-11";"VV";"GM3";"2.38174931"
"2007-12";"VV";"GM1";"-2.58542649"
"2007-12";"VV";"GM2";"-4.91799192"
"2007-12";"VV";"GM3";"2.45554628"
"2008-01";"VV";"GM1";"-4.31330111"
"2008-01";"VV";"GM2";"-6.12433643"
"2008-01";"VV";"GM3";"1.68967136"
"2008-02";"VV";"GM1";"-4.91248065"
"2008-02";"VV";"GM2";"-6.35966966"
"2008-02";"VV";"GM3";"1.74258336"
"2008-03";"VV";"GM1";"-1.04251241"
"2008-03";"VV";"GM2";"-3.76117068"
"2008-03";"VV";"GM3";"3.05225873"
"2008-04";"VV";"GM1";"-0.64511863"
"2008-04";"VV";"GM2";"-3.35826858"
"2008-04";"VV";"GM3";"4.4214226"
"2008-05";"VV";"GM1";"-1.77875343"
"2008-05";"VV";"GM2";"-3.72480666"
"2008-05";"VV";"GM3";"3.60255878"
"2008-06";"VV";"GM1";"-2.61085459"
"2008-06";"VV";"GM2";"-4.00302887"
"2008-06";"VV";"GM3";"2.64608582"
"2008-07";"VV";"GM1";"-2.37535304"
"2008-07";"VV";"GM2";"-3.8431899"
"2008-07";"VV";"GM3";"2.12493563"
"2008-08";"VV";"GM1";"-0.46171679"
"2008-08";"VV";"GM2";"-2.35550524"
"2008-08";"VV";"GM3";"2.9621766"
"2008-09";"VV";"GM1";"-0.42963693"
"2008-09";"VV";"GM2";"-2.29867922"
"2008-09";"VV";"GM3";"1.93844774"
"2008-10";"VV";"GM1";"4.63025484"
"2008-10";"VV";"GM2";"1.02881891"
"2008-10";"VV";"GM3";"2.8054845"
"2008-11";"VV";"GM1";"11.32603509"
"2008-11";"VV";"GM2";"6.67136979"
"2008-11";"VV";"GM3";"2.0858645"
"2008-12";"VV";"GM1";"21.23420277"
"2008-12";"VV";"GM2";"15.53808103"
"2008-12";"VV";"GM3";"2.37281947"
"2009-01";"VV";"GM1";"28.67692769"
"2009-01";"VV";"GM2";"22.3851683"
"2009-01";"VV";"GM3";"3.57847395"
"2009-02";"VV";"GM1";"34.35211464"
"2009-02";"VV";"GM2";"27.58967795"
"2009-02";"VV";"GM3";"4.24032232"
"2009-03";"VV";"GM1";"36.98210332"
"2009-03";"VV";"GM2";"30.60051292"
"2009-03";"VV";"GM3";"3.85507628"
"2009-04";"VV";"GM1";"38.94772262"
"2009-04";"VV";"GM2";"32.96853746"
"2009-04";"VV";"GM3";"3.20940733"
"2009-05";"VV";"GM1";"41.6872701"
"2009-05";"VV";"GM2";"35.26946268"
"2009-05";"VV";"GM3";"4.1057943"
"2009-06";"VV";"GM1";"43.93137153"
"2009-06";"VV";"GM2";"37.31538148"
"2009-06";"VV";"GM3";"5.82040636"
"2009-07";"VV";"GM1";"48.66141671"
"2009-07";"VV";"GM2";"41.22266771"
"2009-07";"VV";"GM3";"7.39178519"
"2009-08";"VV";"GM1";"48.20994723"
"2009-08";"VV";"GM2";"41.54224655"
"2009-08";"VV";"GM3";"7.32095963"
"2009-09";"VV";"GM1";"47.70907166"
"2009-09";"VV";"GM2";"42.01151899"
"2009-09";"VV";"GM3";"7.55296751"
"2009-10";"VV";"GM1";"41.73954028"
"2009-10";"VV";"GM2";"38.94933106"
"2009-10";"VV";"GM3";"7.3701682"
"2009-11";"VV";"GM1";"31.84808097"
"2009-11";"VV";"GM2";"31.36382902"
"2009-11";"VV";"GM3";"8.22548214"
"2009-12";"VV";"GM1";"20.65599601"
"2009-12";"VV";"GM2";"21.50598434"
"2009-12";"VV";"GM3";"6.92252232"
"2010-01";"VV";"GM1";"16.27299873"
"2010-01";"VV";"GM2";"17.02605384"
"2010-01";"VV";"GM3";"6.36752896"
"2010-02";"VV";"GM1";"11.86419757"
"2010-02";"VV";"GM2";"13.05008116"
"2010-02";"VV";"GM3";"6.26048122"
"2010-03";"VV";"GM1";"9.63695936"
"2010-03";"VV";"GM2";"10.84703806"
"2010-03";"VV";"GM3";"6.39856039"
"2010-04";"VV";"GM1";"8.58497018"
"2010-04";"VV";"GM2";"9.65068775"
"2010-04";"VV";"GM3";"6.04039499"
"2010-05";"VV";"GM1";"11.15296221"
"2010-05";"VV";"GM2";"11.01743635"
"2010-05";"VV";"GM3";"7.96148468"
"2010-06";"VV";"GM1";"12.379581"
"2010-06";"VV";"GM2";"11.71146634"
"2010-06";"VV";"GM3";"7.7348765"
"2010-07";"VV";"GM1";"10.80298872"
"2010-07";"VV";"GM2";"10.58297072"
"2010-07";"VV";"GM3";"7.16035874"
"2010-08";"VV";"GM1";"10.43229035"
"2010-08";"VV";"GM2";"10.21606282"
"2010-08";"VV";"GM3";"7.0931783"
"2010-09";"VV";"GM1";"10.09158351"
"2010-09";"VV";"GM2";"9.89826388"
"2010-09";"VV";"GM3";"7.26357399"
"2010-10";"VV";"GM1";"9.47650059"
"2010-10";"VV";"GM2";"9.20321225"
"2010-10";"VV";"GM3";"6.84799599"
"2010-11";"VV";"GM1";"9.07830316"
"2010-11";"VV";"GM2";"8.94779582"
"2010-11";"VV";"GM3";"6.61956863"
"2010-12";"VV";"GM1";"9.10025992"
"2010-12";"VV";"GM2";"8.9450912"
"2010-12";"VV";"GM3";"7.54025165"
"2011-01";"VV";"GM1";"8.33598234"
"2011-01";"VV";"GM2";"8.28746239"
"2011-01";"VV";"GM3";"7.29520971"
"2011-02";"VV";"GM1";"9.21253918"
"2011-02";"VV";"GM2";"8.81347054"
"2011-02";"VV";"GM3";"7.68742791"
"2011-03";"VV";"GM1";"8.48654177"
"2011-03";"VV";"GM2";"8.29520583"
"2011-03";"VV";"GM3";"7.13848967"
"2011-04";"VV";"GM1";"8.24173535"
"2011-04";"VV";"GM2";"8.03376206"
"2011-04";"VV";"GM3";"7.17956839"
"2011-05";"VV";"GM1";"6.08619072"
"2011-05";"VV";"GM2";"6.59056782"
"2011-05";"VV";"GM3";"6.34464574"
"2011-06";"VV";"GM1";"4.30659659"
"2011-06";"VV";"GM2";"5.41967058"
"2011-06";"VV";"GM3";"5.46369616"
"2011-07";"VV";"GM1";"4.74213023"
"2011-07";"VV";"GM2";"5.72762884"
"2011-07";"VV";"GM3";"6.3003713"
"2011-08";"VV";"GM1";"9.95449872"
"2011-08";"VV";"GM2";"8.87193164"
"2011-08";"VV";"GM3";"8.06251894"
"2011-09";"VV";"GM1";"10.93054576"
"2011-09";"VV";"GM2";"9.55906709"
"2011-09";"VV";"GM3";"8.02762034"
"2011-10";"VV";"GM1";"11.24268097"
"2011-10";"VV";"GM2";"9.82484528"
"2011-10";"VV";"GM3";"8.2135424"
"2011-11";"VV";"GM1";"9.77131408"
"2011-11";"VV";"GM2";"8.89033225"
"2011-11";"VV";"GM3";"7.3507396"
"2011-12";"VV";"GM1";"11.44779044"
"2011-12";"VV";"GM2";"9.67922582"
"2011-12";"VV";"GM3";"7.58264687"
"2012-01";"VV";"GM1";"11.58274129"
"2012-01";"VV";"GM2";"9.80927517"
"2012-01";"VV";"GM3";"7.63939733"
"2012-02";"VV";"GM1";"10.6540983"
"2012-02";"VV";"GM2";"9.32255461"
"2012-02";"VV";"GM3";"6.82111775"
"2012-03";"VV";"GM1";"10.38354526"
"2012-03";"VV";"GM2";"9.18587886"
"2012-03";"VV";"GM3";"6.94952393"
"2012-04";"VV";"GM1";"9.49527014"
"2012-04";"VV";"GM2";"8.70806647"
"2012-04";"VV";"GM3";"6.69021112"
"2012-05";"VV";"GM1";"9.98452501"
"2012-05";"VV";"GM2";"9.03203803"
"2012-05";"VV";"GM3";"6.60667875"
"2012-06";"VV";"GM1";"13.63028263"
"2012-06";"VV";"GM2";"11.53307589"
"2012-06";"VV";"GM3";"8.85340154"
"2012-07";"VV";"GM1";"15.37204745"
"2012-07";"VV";"GM2";"12.62948107"
"2012-07";"VV";"GM3";"9.53995947"
"2012-08";"VV";"GM1";"11.38980908"
"2012-08";"VV";"GM2";"10.30404747"
"2012-08";"VV";"GM3";"8.55175276"
"2012-09";"VV";"GM1";"10.99931961"
"2012-09";"VV";"GM2";"9.95384953"
"2012-09";"VV";"GM3";"8.98215928"
"2012-10";"VV";"GM1";"10.69307222"
"2012-10";"VV";"GM2";"9.63225556"
"2012-10";"VV";"GM3";"9.00365614"
"2012-11";"VV";"GM1";"11.52609153"
"2012-11";"VV";"GM2";"10.15994724"
"2012-11";"VV";"GM3";"9.46749313"
"2012-12";"VV";"GM1";"11.32580132"
"2012-12";"VV";"GM2";"10.29465398"
"2012-12";"VV";"GM3";"9.81499691"
"2013-01";"VV";"GM1";"10.80218156"
"2013-01";"VV";"GM2";"9.79619525"
"2013-01";"VV";"GM3";"9.23143859"
"2013-02";"VV";"GM1";"11.5065514"
"2013-02";"VV";"GM2";"10.08640495"
"2013-02";"VV";"GM3";"9.51339851"
"2013-03";"VV";"GM1";"12.0436124"
"2013-03";"VV";"GM2";"10.47553572"
"2013-03";"VV";"GM3";"9.65818828"
"2013-04";"VV";"GM1";"12.99692514"
"2013-04";"VV";"GM2";"10.87590771"
"2013-04";"VV";"GM3";"10.02841313"
"2013-05";"VV";"GM1";"12.09376545"
"2013-05";"VV";"GM2";"10.18668417"
"2013-05";"VV";"GM3";"9.51140269"
"2013-06";"VV";"GM1";"8.08016383"
"2013-06";"VV";"GM2";"7.21224658"
"2013-06";"VV";"GM3";"6.69648006"
"2013-07";"VV";"GM1";"7.27920351"
"2013-07";"VV";"GM2";"6.47899011"
"2013-07";"VV";"GM3";"6.27840699"
"2013-08";"VV";"GM1";"6.98565314"
"2013-08";"VV";"GM2";"6.1044617"
"2013-08";"VV";"GM3";"5.96962523"
"2013-09";"VV";"GM1";"5.44543455"
"2013-09";"VV";"GM2";"5.0545159"
"2013-09";"VV";"GM3";"4.98439495"
"2013-10";"VV";"GM1";"5.19389097"
"2013-10";"VV";"GM2";"4.74753157"
"2013-10";"VV";"GM3";"4.49754121"
"2013-11";"VV";"GM1";"5.40569012"
"2013-11";"VV";"GM2";"4.76304064"
"2013-11";"VV";"GM3";"4.56488071"
"2013-12";"VV";"GM1";"3.26081491"
"2013-12";"VV";"GM2";"3.10279469"
"2013-12";"VV";"GM3";"3.30730873"
"2014-01";"VV";"GM1";"4.8679942"
"2014-01";"VV";"GM2";"4.11465901"
"2014-01";"VV";"GM3";"4.14995349"
"2014-02";"VV";"GM1";"4.78607187"
"2014-02";"VV";"GM2";"4.08710884"
"2014-02";"VV";"GM3";"4.23518089"
"2014-03";"VV";"GM1";"5.31493208"
"2014-03";"VV";"GM2";"4.28401344"
"2014-03";"VV";"GM3";"4.617895"
"2014-04";"VV";"GM1";"3.7986868"
"2014-04";"VV";"GM2";"3.4248349"
"2014-04";"VV";"GM3";"3.64575398"
"2014-05";"VV";"GM1";"4.08492995"
"2014-05";"VV";"GM2";"3.56903254"
"2014-05";"VV";"GM3";"3.68921462"
"2014-06";"VV";"GM1";"4.60820428"
"2014-06";"VV";"GM2";"4.08906289"
"2014-06";"VV";"GM3";"4.07187124"
"2014-07";"VV";"GM1";"3.53982463"
"2014-07";"VV";"GM2";"3.39393855"
"2014-07";"VV";"GM3";"3.5279596"
"2014-08";"VV";"GM1";"2.67480099"
"2014-08";"VV";"GM2";"2.83322905"
"2014-08";"VV";"GM3";"3.29510638"
"2014-09";"VV";"GM1";"2.7250763"
"2014-09";"VV";"GM2";"2.79487493"
"2014-09";"VV";"GM3";"3.34048365"
"2014-10";"VV";"GM1";"2.83100888"
"2014-10";"VV";"GM2";"2.91174786"
"2014-10";"VV";"GM3";"3.36638922"
"2014-11";"VV";"GM1";"3.04555935"
"2014-11";"VV";"GM2";"3.04214975"
"2014-11";"VV";"GM3";"3.55804145"
"2014-12";"VV";"GM1";"2.30507423"
"2014-12";"VV";"GM2";"2.55881905"
"2014-12";"VV";"GM3";"3.25692991"
"2015-01";"VV";"GM1";"1.02872885"
"2015-01";"VV";"GM2";"1.73984871"
"2015-01";"VV";"GM3";"2.82833288"
"2015-02";"VV";"GM1";"0.85960852"
"2015-02";"VV";"GM2";"1.47196109"
"2015-02";"VV";"GM3";"2.29265126"
"2015-03";"VV";"GM1";"1.12578538"
"2015-03";"VV";"GM2";"1.5839417"
"2015-03";"VV";"GM3";"2.23482044"
"2015-04";"VV";"GM1";"-0.11953245"
"2015-04";"VV";"GM2";"0.79998293"
"2015-04";"VV";"GM3";"1.52302756"
"2015-05";"VV";"GM1";"-0.05484789"
"2015-05";"VV";"GM2";"0.77832983"
"2015-05";"VV";"GM3";"1.49216507"
"2015-06";"VV";"GM1";"0.82916886"
"2015-06";"VV";"GM2";"1.21048797"
"2015-06";"VV";"GM3";"2.12118454"
"2015-07";"VV";"GM1";"0.76177493"
"2015-07";"VV";"GM2";"1.14012616"
"2015-07";"VV";"GM3";"1.92820559"
"2015-08";"VV";"GM1";"0.55025853"
"2015-08";"VV";"GM2";"0.91675208"
"2015-08";"VV";"GM3";"1.41032929"
"2015-09";"VV";"GM1";"0.69409936"
"2015-09";"VV";"GM2";"0.96387569"
"2015-09";"VV";"GM3";"1.29102508"
"2015-10";"VV";"GM1";"-2.68150173"
"2015-10";"VV";"GM2";"0.99980597"
"2015-10";"VV";"GM3";"1.44890301"
"2015-11";"VV";"GM1";"-2.82721008"
"2015-11";"VV";"GM2";"0.74300033"
"2015-11";"VV";"GM3";"2.10140559"
"2015-12";"VV";"GM1";"-1.40036565"
"2015-12";"VV";"GM2";"1.41233126"
"2015-12";"VV";"GM3";"1.6543087"
"2016-01";"VV";"GM1";"-0.95316879"
"2016-01";"VV";"GM2";"1.56667689"
"2016-01";"VV";"GM3";"1.42073789"
"2016-02";"VV";"GM1";"-0.57511442"
"2016-02";"VV";"GM2";"1.75801655"
"2016-02";"VV";"GM3";"1.60102456"
"2016-03";"VV";"GM1";"0.15903608"
"2016-03";"VV";"GM2";"2.16518589"
"2016-03";"VV";"GM3";"1.80445667"
"2016-04";"VV";"GM1";"1.24953224"
"2016-04";"VV";"GM2";"2.66215474"
"2016-04";"VV";"GM3";"2.39055028"
"2016-05";"VV";"GM1";"1.39850915"
"2016-05";"VV";"GM2";"2.5897153"
"2016-05";"VV";"GM3";"2.26002938"
"2016-06";"VV";"GM1";"1.62833783"
"2016-06";"VV";"GM2";"2.76454317"
"2016-06";"VV";"GM3";"2.38142174"
"2016-07";"VV";"GM1";"2.40105989"
"2016-07";"VV";"GM2";"3.15226347"
"2016-07";"VV";"GM3";"2.73238153"
"2016-08";"VV";"GM1";"2.64153383"
"2016-08";"VV";"GM2";"3.27103476"
"2016-08";"VV";"GM3";"2.88759034"
"2016-09";"VV";"GM1";"2.97134207"
"2016-09";"VV";"GM2";"3.49595266"
"2016-09";"VV";"GM3";"3.05412282"
"2016-10";"VV";"GM1";"6.37270099"
"2016-10";"VV";"GM2";"3.40373617"
"2016-10";"VV";"GM3";"2.9886725"
"2016-11";"VV";"GM1";"5.53732633"
"2016-11";"VV";"GM2";"3.11590094"
"2016-11";"VV";"GM3";"1.93163239"
"2016-12";"VV";"GM1";"6.30898356"
"2016-12";"VV";"GM2";"3.86930163"
"2016-12";"VV";"GM3";"3.07793079"
"2017-01";"VV";"GM1";"6.14445452"
"2017-01";"VV";"GM2";"3.80016756"
"2017-01";"VV";"GM3";"3.03223441"
"2017-02";"VV";"GM1";"6.04635676"
"2017-02";"VV";"GM2";"3.82918826"
"2017-02";"VV";"GM3";"3.24878381"
"2017-03";"VV";"GM1";"5.2393344"
"2017-03";"VV";"GM2";"3.29616921"
"2017-03";"VV";"GM3";"3.01121582"
"2017-04";"VV";"GM1";"5.57520689"
"2017-04";"VV";"GM2";"3.61355324"
"2017-04";"VV";"GM3";"3.21139086"
"2017-05";"VV";"GM1";"6.72333192"
"2017-05";"VV";"GM2";"4.37626201"
"2017-05";"VV";"GM3";"3.91429635"
"2017-06";"VV";"GM1";"6.64184091"
"2017-06";"VV";"GM2";"4.32965491"
"2017-06";"VV";"GM3";"4.03304025"
"2017-07";"VV";"GM1";"6.1799618"
"2017-07";"VV";"GM2";"4.2033719"
"2017-07";"VV";"GM3";"3.89467804"
"2017-08";"VV";"GM1";"6.50078221"
"2017-08";"VV";"GM2";"4.44988907"
"2017-08";"VV";"GM3";"4.0627641"
"2017-09";"VV";"GM1";"6.76706605"
"2017-09";"VV";"GM2";"4.49469441"
"2017-09";"VV";"GM3";"4.23958828"
"2017-10";"VV";"GM1";"7.09129728"
"2017-10";"VV";"GM2";"4.4585076"
"2017-10";"VV";"GM3";"4.10898604"
"2017-11";"VV";"GM1";"7.75366345"
"2017-11";"VV";"GM2";"4.59302888"
"2017-11";"VV";"GM3";"4.18449541"
"2017-12";"VV";"GM1";"7.14876798"
"2017-12";"VV";"GM2";"3.9720944"
"2017-12";"VV";"GM3";"3.53835451"
"2018-01";"VV";"GM1";"7.4433228"
"2018-01";"VV";"GM2";"4.23036563"
"2018-01";"VV";"GM3";"3.90548004"
"2018-02";"VV";"GM1";"7.40046095"
"2018-02";"VV";"GM2";"4.13747446"
"2018-02";"VV";"GM3";"3.61842795"
"2018-03";"VV";"GM1";"6.9645924"
"2018-03";"VV";"GM2";"3.86325684"
"2018-03";"VV";"GM3";"3.22638744"
"2018-04";"VV";"GM1";"6.84603965"
"2018-04";"VV";"GM2";"3.6527696"
"2018-04";"VV";"GM3";"3.23289407"
"2018-05";"VV";"GM1";"5.75235191"
"2018-05";"VV";"GM2";"3.03422064"
"2018-05";"VV";"GM3";"2.81045102"
"2018-06";"VV";"GM1";"5.0408204"
"2018-06";"VV";"GM2";"2.64764854"
"2018-06";"VV";"GM3";"2.25456135"
"2018-07";"VV";"GM1";"5.09513487"
"2018-07";"VV";"GM2";"2.67204949"
"2018-07";"VV";"GM3";"2.36471564"
"2018-08";"VV";"GM1";"4.96127872"
"2018-08";"VV";"GM2";"2.62806469"
"2018-08";"VV";"GM3";"2.44963459"
"2018-09";"VV";"GM1";"4.8201124"
"2018-09";"VV";"GM2";"2.5904117"
"2018-09";"VV";"GM3";"2.28424314"
"2018-10";"VV";"GM1";"4.87919495"
"2018-10";"VV";"GM2";"2.76247386"
"2018-10";"VV";"GM3";"2.50659746"
"2018-11";"VV";"GM1";"4.92379064"
"2018-11";"VV";"GM2";"2.93064019"
"2018-11";"VV";"GM3";"2.76052677"
"2018-12";"VV";"GM1";"5.44209038"
"2018-12";"VV";"GM2";"3.51717851"
"2018-12";"VV";"GM3";"3.16117698"
"2019-01";"VV";"GM1";"4.94974368"
"2019-01";"VV";"GM2";"3.14029004"
"2019-01";"VV";"GM3";"3.31762792"
"2019-02";"VV";"GM1";"5.1190304"
"2019-02";"VV";"GM2";"3.32076052"
"2019-02";"VV";"GM3";"3.56711743"
"2019-03";"VV";"GM1";"5.20013192"
"2019-03";"VV";"GM2";"3.58426346"
"2019-03";"VV";"GM3";"3.73949163"
"2019-04";"VV";"GM1";"5.09744224"
"2019-04";"VV";"GM2";"3.65204267"
"2019-04";"VV";"GM3";"3.66359516"
"2019-05";"VV";"GM1";"5.16034336"
"2019-05";"VV";"GM2";"3.70324532"
"2019-05";"VV";"GM3";"3.49953626"
"2019-06";"VV";"GM1";"5.15561586"
"2019-06";"VV";"GM2";"3.78016427"
"2019-06";"VV";"GM3";"3.71409811"
"2019-07";"VV";"GM1";"4.71775808"
"2019-07";"VV";"GM2";"3.40931815"
"2019-07";"VV";"GM3";"3.27937864"
"2019-08";"VV";"GM1";"4.15067675"
"2019-08";"VV";"GM2";"2.99770438"
"2019-08";"VV";"GM3";"2.86335563"
"2019-09";"VV";"GM1";"3.58806174"
"2019-09";"VV";"GM2";"2.64666771"
"2019-09";"VV";"GM3";"2.72164555"
"2019-10";"VV";"GM1";"2.35242824"
"2019-10";"VV";"GM2";"1.70407977"
"2019-10";"VV";"GM3";"1.91827558"
"2019-11";"VV";"GM1";"1.28521303"
"2019-11";"VV";"GM2";"0.82073938"
"2019-11";"VV";"GM3";"1.41997546"
"2019-12";"VV";"GM1";"0.60009945"
"2019-12";"VV";"GM2";"0.11742281"
"2019-12";"VV";"GM3";"0.77829533"
"2020-01";"VV";"GM1";"-0.11739045"
"2020-01";"VV";"GM2";"-0.52870068"
"2020-01";"VV";"GM3";"0.07247216"
"2020-02";"VV";"GM1";"-0.10828563"
"2020-02";"VV";"GM2";"-0.72933915"
"2020-02";"VV";"GM3";"0.06957907"
"2020-03";"VV";"GM1";"1.89819762"
"2020-03";"VV";"GM2";"0.25800972"
"2020-03";"VV";"GM3";"1.36203981"
"2020-04";"VV";"GM1";"2.81721622"
"2020-04";"VV";"GM2";"0.94589998"
"2020-04";"VV";"GM3";"2.05990737"
"2020-05";"VV";"GM1";"3.34765642"
"2020-05";"VV";"GM2";"1.35945315"
"2020-05";"VV";"GM3";"2.46298768"
"2020-06";"VV";"GM1";"4.43385592"
"2020-06";"VV";"GM2";"2.07604097"
"2020-06";"VV";"GM3";"3.06124628"
"2020-07";"VV";"GM1";"4.65225268"
"2020-07";"VV";"GM2";"2.36394926"
"2020-07";"VV";"GM3";"3.7565518"
"2020-08";"VV";"GM1";"5.10074278"
"2020-08";"VV";"GM2";"2.7008696"
"2020-08";"VV";"GM3";"3.97374826"
"2020-09";"VV";"GM1";"5.709704"
"2020-09";"VV";"GM2";"3.23934745"
"2020-09";"VV";"GM3";"4.25101911"
"2020-10";"VV";"GM1";"7.18501268"
"2020-10";"VV";"GM2";"4.42980037"
"2020-10";"VV";"GM3";"5.53272492"
"2020-11";"VV";"GM1";"8.13255366"
"2020-11";"VV";"GM2";"5.20711056"
"2020-11";"VV";"GM3";"5.78790457"
"2020-12";"VV";"GM1";"8.99988605"
"2020-12";"VV";"GM2";"6.03831247"
"2020-12";"VV";"GM3";"6.47297843"
"2021-01";"VV";"GM1";"9.98038214"
"2021-01";"VV";"GM2";"6.83366769"
"2021-01";"VV";"GM3";"7.0417869"
"2021-02";"VV";"GM1";"9.77670757"
"2021-02";"VV";"GM2";"6.79624874"
"2021-02";"VV";"GM3";"6.76976047"
"2021-03";"VV";"GM1";"8.24648903"
"2021-03";"VV";"GM2";"6.06821853"
"2021-03";"VV";"GM3";"5.74649948"
"2021-04";"VV";"GM1";"7.29829188"
"2021-04";"VV";"GM2";"5.27163922"
"2021-04";"VV";"GM3";"4.92151842"
"2021-05";"VV";"GM1";"6.56908707"
"2021-05";"VV";"GM2";"4.48506001"
"2021-05";"VV";"GM3";"4.19093796"
"2021-06";"VV";"GM1";"5.97985558"
"2021-06";"VV";"GM2";"3.85079735"
"2021-06";"VV";"GM3";"3.71782839"
"2021-07";"VV";"GM1";"6.49085121"
"2021-07";"VV";"GM2";"3.52104119"
"2021-07";"VV";"GM3";"3.2793018"
"2021-08";"VV";"GM1";"5.78571379"
"2021-08";"VV";"GM2";"3.02807274"
"2021-08";"VV";"GM3";"3.16504015"
"2021-09";"VV";"GM1";"6.2463641"
"2021-09";"VV";"GM2";"3.28218473"
"2021-09";"VV";"GM3";"3.34626334"
"2021-10";"VV";"GM1";"5.44661201"
"2021-10";"VV";"GM2";"2.60213265"
"2021-10";"VV";"GM3";"2.53876875"
"2021-11";"VV";"GM1";"4.59473356"
"2021-11";"VV";"GM2";"1.96273102"
"2021-11";"VV";"GM3";"1.85783578"
"2021-12";"VV";"GM1";"4.5012694"
"2021-12";"VV";"GM2";"1.54598328"
"2021-12";"VV";"GM3";"1.40783634"
"2022-01";"VV";"GM1";"4.44653325"
"2022-01";"VV";"GM2";"1.24197549"
"2022-01";"VV";"GM3";"1.09164271"
"2022-02";"VV";"GM1";"3.84107944"
"2022-02";"VV";"GM2";"0.87499284"
"2022-02";"VV";"GM3";"0.96899562"
"2022-03";"VV";"GM1";"4.20696428"
"2022-03";"VV";"GM2";"0.72814398"
"2022-03";"VV";"GM3";"0.72256903"
"2022-04";"VV";"GM1";"3.6430647"
"2022-04";"VV";"GM2";"0.33118991"
"2022-04";"VV";"GM3";"0.13316502"
"2022-05";"VV";"GM1";"3.39943681"
"2022-05";"VV";"GM2";"0.28401309"
"2022-05";"VV";"GM3";"0.24549635"
"2022-06";"VV";"GM1";"3.02897511"
"2022-06";"VV";"GM2";"0.11625438"
"2022-06";"VV";"GM3";"-0.15848975"
"2022-07";"VV";"GM1";"2.27095618"
"2022-07";"VV";"GM2";"0.14268671"
"2022-07";"VV";"GM3";"-0.2097248"
"2022-08";"VV";"GM1";"2.64494807"
"2022-08";"VV";"GM2";"0.30857999"
"2022-08";"VV";"GM3";"-0.19983734"
"2022-09";"VV";"GM1";"1.72069603"
"2022-09";"VV";"GM2";"-0.4454614"
"2022-09";"VV";"GM3";"0.09797487"
"2022-10";"VV";"GM1";"-0.06051177"
"2022-10";"VV";"GM2";"-1.7098971"
"2022-10";"VV";"GM3";"-0.1055811"
"2022-11";"VV";"GM1";"0.54048909"
"2022-11";"VV";"GM2";"-1.35177597"
"2022-11";"VV";"GM3";"0.87542012"
"2022-12";"VV";"GM1";"-2.23352496"
"2022-12";"VV";"GM2";"-3.08053039"
"2022-12";"VV";"GM3";"0.12861109"
"2023-01";"VV";"GM1";"-5.01622236"
"2023-01";"VV";"GM2";"-4.63212443"
"2023-01";"VV";"GM3";"-0.05821435"
"2023-02";"VV";"GM1";"-6.46314578"
"2023-02";"VV";"GM2";"-5.3029956"
"2023-02";"VV";"GM3";"0.22867155"
"2023-03";"VV";"GM1";"-9.64054129"
"2023-03";"VV";"GM2";"-7.38063406"
"2023-03";"VV";"GM3";"-0.56504323"
"2023-04";"VV";"GM1";"-10.23328373"
"2023-04";"VV";"GM2";"-7.99298305"
"2023-04";"VV";"GM3";"-0.16430974"
"2023-05";"VV";"GM1";"-12.33189122"
"2023-05";"VV";"GM2";"-9.48986798"
"2023-05";"VV";"GM3";"-1.23380832"
"2023-06";"VV";"GM1";"-13.8784848"
"2023-06";"VV";"GM2";"-10.50646413"
"2023-06";"VV";"GM3";"-1.37657013"
"2023-07";"VV";"GM1";"-16.26469024"
"2023-07";"VV";"GM2";"-11.93738056"
"2023-07";"VV";"GM3";"-1.55579697"
"2023-08";"VV";"GM1";"-17.90084625"
"2023-08";"VV";"GM2";"-13.15909764"
"2023-08";"VV";"GM3";"-2.19725423"
"2023-09";"VV";"GM1";"-18.23956793"
"2023-09";"VV";"GM2";"-13.40608645"
"2023-09";"VV";"GM3";"-2.80118247"
"2023-10";"VV";"GM1";"-17.76378031"
"2023-10";"VV";"GM2";"-13.0567499"
"2023-10";"VV";"GM3";"-2.54824381"
"2023-11";"VV";"GM1";"-18.51349406"
"2023-11";"VV";"GM2";"-13.44984134"
"2023-11";"VV";"GM3";"-3.11045323"
"2023-12";"VV";"GM1";"-17.4531881"
"2023-12";"VV";"GM2";"-12.49371844"
"2023-12";"VV";"GM3";"-1.97749738"
"2024-01";"VV";"GM1";"-17.02706577"
"2024-01";"VV";"GM2";"-12.18943571"
"2024-01";"VV";"GM3";"-2.05249592"
"2024-02";"VV";"GM1";"-16.65655091"
"2024-02";"VV";"GM2";"-11.99438882"
"2024-02";"VV";"GM3";"-2.62639002"
"2024-03";"VV";"GM1";"-14.61602122"
"2024-03";"VV";"GM2";"-10.16726508"
"2024-03";"VV";"GM3";"-1.48879981"
"2024-04";"VV";"GM1";"-13.79218948"
"2024-04";"VV";"GM2";"-9.0468313"
"2024-04";"VV";"GM3";"-0.90150757"
"2024-05";"VV";"GM1";"-12.66470989"
"2024-05";"VV";"GM2";"-7.85668648"
"2024-05";"VV";"GM3";"-0.66809455"
"2024-06";"VV";"GM1";"-9.81291277"
"2024-06";"VV";"GM2";"-5.57501546"
"2024-06";"VV";"GM3";"0.15107912"
"2024-07";"VV";"GM1";"-8.34867876"
"2024-07";"VV";"GM2";"-4.22286091"
"2024-07";"VV";"GM3";"0.30430256"
"2024-08";"VV";"GM1";"-6.25152156"
"2024-08";"VV";"GM2";"-2.38150382"
"2024-08";"VV";"GM3";"1.1503922"
"2024-09";"VV";"GM1";"-4.06892956"
"2024-09";"VV";"GM2";"-0.72218755"
"2024-09";"VV";"GM3";"1.72607893"
"2024-10";"VV";"GM1";"-3.03030784"
"2024-10";"VV";"GM2";"0.28700182"
"2024-10";"VV";"GM3";"1.36789337"
"2024-11";"VV";"GM1";"-1.17762965"
"2024-11";"VV";"GM2";"1.81282877"
"2024-11";"VV";"GM3";"1.78977974"
"2024-12";"VV";"GM1";"2.31426033"
"2024-12";"VV";"GM2";"4.65365342"
"2024-12";"VV";"GM3";"1.90404279"
"2025-01";"VV";"GM1";"4.07301614"
"2025-01";"VV";"GM2";"5.94625588"
"2025-01";"VV";"GM3";"1.68389354"
"2025-02";"VV";"GM1";"5.77714008"
"2025-02";"VV";"GM2";"7.18117559"
"2025-02";"VV";"GM3";"2.4578903"
"2025-03";"VV";"GM1";"8.54687946"
"2025-03";"VV";"GM2";"9.14276826"
"2025-03";"VV";"GM3";"2.80557037"
"2025-04";"VV";"GM1";"11.43431691"
"2025-04";"VV";"GM2";"10.89138438"
"2025-04";"VV";"GM3";"3.05752014"
"2025-05";"VV";"GM1";"13.03808523"
"2025-05";"VV";"GM2";"11.78856044"
"2025-05";"VV";"GM3";"3.53822196"
"2025-06";"VV";"GM1";"17.77299866"
"2025-06";"VV";"GM2";"14.83196573"
"2025-06";"VV";"GM3";"4.29613335"
"2025-07";"VV";"GM1";"21.13418891"
"2025-07";"VV";"GM2";"16.36616896"
"2025-07";"VV";"GM3";"4.70123975"
