Date,Target_date,Actual_direct,Forecast_median_direct,CRPS_direct_parametric,CRPS_direct_empirical,LogS_direct,RMSE_direct,PIT_direct,df_skewt_direct,nc_skewt_direct,loc_skewt_direct,scale_skewt_direct,Actual_YoY,Forecast_median_YoY,q05_YoY,q16_YoY,q84_YoY,q95_YoY,BaseEffect_YoY_expost,CRPS_YoY_timesafe_parametric,CRPS_YoY_timesafe_empirical,q05_YoY_timesafe,q16_YoY_timesafe,q84_YoY_timesafe,q95_YoY_timesafe,Violation90_YoY_timesafe,UpperViolation95_YoY_timesafe,SHAP_Shap_target_headline_3m_lag2,SHAP_Shap_PPI_lag2,SHAP_Shap_real_turnover_lag2,SHAP_Shap_retail_turnover_lag2,SHAP_Shap_Manufacturing_EU_lag2,SHAP_Shap_Vol_loans_lag2,SHAP_Shap_Exchange_Rate_CHF_lag2,SHAP_Shap_gdp_index_ch_lag2,SHAP_Shap_gdp_index_eu_lag2,SHAP_Shap_variable_mortgages_lag2,SHAP_Shap_fin_spread_lag2,SHAP_Shap_CH_2int_lag2,SHAP_Shap_Wage_change_lag2,SHAP_Shap_Saron_Rate_lag2,SHAP_Shap_M3_change_lag2,SHAP_Shap_unemployment_rate_lag2,SHAP_Shap_M1_change_lag2,SHAP_Shap_kofbarometer_lag2,SHAP_Shap_EU_fin_spread_lag2,SHAP_Shap_M2_change_lag2,SHAP_Shap_infl_e_next_year_lag2,SHAP_Shap_infl_e_current_year_lag2,SHAP_Shap_Business_Confidence_EU_lag2,SHAP_Shap_oilprices_lag2,SHAP_Shap_headline_1m_lag2,SHAP_Shap_core_1m_lag2,SHAP_Shap_sin_cycle_1_lag2,SHAP_Shap_cos_cycle_1_lag2,SHAP_Shap_sin_cycle_2_lag2,SHAP_Shap_cos_cycle_2_lag2,SHAP_Shap_target_headline_3m_lag3,SHAP_Shap_PPI_lag3,SHAP_Shap_real_turnover_lag3,SHAP_Shap_retail_turnover_lag3,SHAP_Shap_Manufacturing_EU_lag3,SHAP_Shap_Vol_loans_lag3,SHAP_Shap_Exchange_Rate_CHF_lag3,SHAP_Shap_gdp_index_ch_lag3,SHAP_Shap_gdp_index_eu_lag3,SHAP_Shap_variable_mortgages_lag3,SHAP_Shap_fin_spread_lag3,SHAP_Shap_CH_2int_lag3,SHAP_Shap_Wage_change_lag3,SHAP_Shap_Saron_Rate_lag3,SHAP_Shap_M3_change_lag3,SHAP_Shap_unemployment_rate_lag3,SHAP_Shap_M1_change_lag3,SHAP_Shap_kofbarometer_lag3,SHAP_Shap_EU_fin_spread_lag3,SHAP_Shap_M2_change_lag3,SHAP_Shap_infl_e_next_year_lag3,SHAP_Shap_infl_e_current_year_lag3,SHAP_Shap_Business_Confidence_EU_lag3,SHAP_Shap_oilprices_lag3,SHAP_Shap_headline_1m_lag3,SHAP_Shap_core_1m_lag3,SHAP_Shap_sin_cycle_1_lag3,SHAP_Shap_cos_cycle_1_lag3,SHAP_Shap_sin_cycle_2_lag3,SHAP_Shap_cos_cycle_2_lag3,SHAP_Shap_Constant
2012-09-01,2012-12-01,-1.6759017886272431,0.6256660656321923,1.3602286035521798,1.387857112061702,-2.322579130349637,5.297214587760382,0.23374999098934468,20.399107086269947,0.3603334112681204,-0.5368662743795491,3.062200943724858,-0.4353856468247485,0.1400063167401103,-1.154330872825416,-0.6722139553066014,0.9149873776884666,1.4820860870332484,-0.016410199667937775,0.22401738220133882,0.22814977827705574,-1.4353033524961318,-0.9531864349773173,0.6340148980177508,1.2011136073625326,0,0,0.0015913924481705925,-0.0011307454242633882,-7.378595034568726e-07,5.963896727857792e-05,0.0002204861910584957,0.00015191330309983475,0.0001475950153089253,-1.585354845543549e-05,4.398068907040017e-05,0.027367485289440642,-0.0009449694546402471,-0.0041800018778973946,-0.009099621253276777,0.00025554167812054585,-0.006090661229938782,-0.014051859596148386,0.0005717594996245322,0.03829737765264508,-0.026126879491911004,-0.003266543910988305,0.002551787471995531,9.523025636601285e-05,-0.005636045152983369,-0.03847435205607705,0.0009351127598264526,0.0008737925277300676,0.00079225185872735,-0.003428464316121176,-0.0007490405313011872,0.0017725303900293686,-0.00150113486046894,2.951972326479865e-07,1.233888100290733e-05,-9.450729840072327e-06,6.75643572003597e-05,1.3539710552808971e-05,-2.9296837206457253e-06,4.990331970234323e-05,-4.038165365619994e-05,-0.00257759823570211,-0.0011264370488002337,-5.13333295942407e-05,-0.0033021819381901835,4.201670835775151e-05,-0.0030440065461127108,0.002864963656482649,-0.0003501635751953057,0.004054890157215137,-0.012412669183823636,-0.0017780087284878438,0.001654808865574817,0.00010203807652748669,0.0007011239274807728,-0.01873444245615861,-0.00015068474268875633,-0.00011010397570811965,-3.198150698001564e-19,8.009310143377959e-06,4.861346490021777e-19,0.0010909532682469066,0.6410320316538946
2012-12-01,2013-03-01,1.0026598726764036,0.5297855104820147,0.7725840914586705,0.7752510827814444,-2.0830187267981275,0.22361016242075002,0.567677627537426,99.99999999999999,2.346381204234168,-6.8105428295122925,3.093226725911036,-0.5953826692453035,-0.7136012597939008,-2.0003641566626946,-1.5135064258514004,0.04418561736974298,0.5899727131582315,-0.8460476374144044,0.2670263753401875,0.2711719351969989,-1.4579828303370699,-0.9711250995257753,0.586566943695368,1.1323540394838565,0,0,-0.0021736600322796724,0.00024101965404942432,2.8740705488445413e-05,-1.589833854771191e-05,0.0003084636098562014,0.0001368723755083361,1.4098532536533788e-05,1.076886909112355e-05,3.8115299506779326e-05,0.005572645362147782,-0.000320110992322338,-0.002288803827463978,-0.007693870135268605,0.0001917957513600255,-0.009419885795302188,-0.009678347906978753,-0.0014063470283651926,0.02866298896295496,-0.023305210211727382,0.00026823426657810313,0.004095594624556376,0.00018478118828019923,-0.0008414417991201693,-0.046547938214367805,-0.0001978778277540085,-0.0003136175543088024,0.0030262353704268116,0.0016027877216108996,0.0006539552029530694,-0.002195605003877751,-0.002792390598937334,5.1138735025689445e-06,0.0002549753940846745,7.47755939917235e-06,4.6963411584273585e-05,-8.268948347404427e-06,1.0454519519636066e-05,5.183351239443434e-05,7.812487028832476e-06,0.014574538113526764,0.00012997824318277908,-0.0014339171831701254,-0.003968590224247834,-0.00010804308342970682,-0.005276059731911352,0.004240837175047187,-0.002656614528522749,0.005852979628863408,-0.012279940641889675,-0.0009905557778936071,0.0017336207741269582,-3.565507655344718e-05,-0.0001856016069229775,-0.016536428500904626,0.00021378463821391407,0.0002557176690132824,0.0014420015796411407,-1.1729592974333937e-19,-6.118364933549923e-19,-0.0008636643322030732,0.6041541787944111
2013-03-01,2013-06-01,0.9673552161846288,0.40437877457351956,0.797697367011673,0.8121068821466269,-2.1126931979909593,0.31694247380910673,0.5683793020570416,99.9999999999923,1.3092575979465748,-3.8194034344470134,3.2208534073541633,-0.1279526276012355,-0.2686967380040128,-1.577734154536705,-1.0877875341644834,0.5253639705591705,1.1059133285406793,-0.3697914316473927,0.38760230013441543,0.3882388688408411,-2.0897469966484135,-1.599800376276192,0.013351128447461785,0.5939004864289706,0,0,0.0018829885682627994,-0.0007760920736907953,3.2898382159323013e-06,-3.250459890741556e-05,0.0017976698691254745,0.00014062467926785973,-2.503365614375467e-06,0.0008843304482601646,6.945988806212664e-05,0.052120814901480676,-0.0002068102106579975,-0.002711172527558417,-0.007596474139080347,0.00021243617671072533,-0.010961717143766519,0.005239415970861436,0.0009219337823110234,0.0375707149180223,-0.02379193784911806,-0.0024987327493218065,0.00261170500479852,0.00031152626390318003,-0.007073032716650207,-0.04490461364859807,0.0005249064458881189,0.0009518734581293659,-0.0008521408812403564,0.0033670065768688635,-0.0010910097181412587,0.002041644544892164,0.0016883402488231238,0.00010579715646478261,2.5633431129082728e-05,6.0512606254789235e-05,-0.0,2.2116331568611464e-05,6.43482500548887e-08,0.00022076515684158146,3.4917222902620785e-06,0.025293513308700805,-0.00023862275983676617,-0.0006278619838819255,-0.0018256992273329112,0.00020730652234244627,-0.0021375682911096766,-0.005915363182881992,-0.0004063534277608378,0.006472589701769556,-0.010416500420106464,-0.0011085286082671486,-0.00015244055703188868,0.00018931209792933415,-0.0017487060502276823,-0.016970597202149298,-0.00016113381397597206,-0.0003265995543565249,7.070040553678054e-19,0.0013124065441321843,7.148979409470973e-19,0.0002952239846323969,0.491644326082243
2013-06-01,2013-09-01,-0.5156316360427127,0.3785564593595371,0.8431121352018381,0.8590570141850369,-2.1104878894556363,0.7995723499591029,0.38770711282285086,99.99999999999903,0.6706682198841747,-1.7336156776738822,3.153548100948796,-0.0553795839522308,0.16816743989833158,-1.0761905143088555,-0.6371784693650214,0.9849872266343112,1.4837965498734704,0.07352832505844731,0.18543446177408499,0.19006300017850086,-1.284364351781214,-0.8453523068373799,0.7768133891619526,1.275622712401112,0,0,-0.0006123663122189252,4.637830494233067e-05,8.591626913590543e-06,2.208982765706514e-05,0.00043595195670863285,0.00012756629669522844,-2.6459414724935145e-05,-3.00798973268994e-05,-0.0001924919198515438,0.025202100198996265,0.002159410488866085,0.0003917554153443469,-0.0043697971407242,-0.00016966377308922243,-0.00860488906624949,-0.00755597534915126,-0.0004116850176623804,0.042450427648287346,-0.02992751446193396,-0.003227517136738353,0.001902077057833418,0.0009011757769894882,-0.0037738013588333196,-0.04957543499110513,-7.10198543718127e-05,-0.00029976032345208764,-0.0028435306616731728,-0.001776156606513144,0.0008658538168453907,-0.0022148850234086827,0.0017022555071406638,2.2225269856178596e-05,0.00015328266648506123,-5.194069957378354e-05,-0.00020023405508475016,-3.7438500963934127e-07,0.00011698039725538632,-9.43497181291754e-05,-5.474666189857528e-05,0.028142940925813882,1.7569914638227777e-05,0.0002643291980541535,-0.001499347697755705,-0.00018738655846340266,-0.002945673034361623,-5.830389864827558e-05,-0.0006172769508984796,0.01648509306795953,-0.013241224074223306,-0.0017498795536178204,0.0007961841407767969,-6.355412905342664e-06,-0.00034444610743395365,-0.019741288538783954,0.00016741123595539423,0.00045008158433095126,-0.0021148970399927016,7.513899102251162e-20,-2.4051047666097053e-19,-0.0005492488934164395,0.4879529834391786
2013-09-01,2013-12-01,-1.1860208515447113,0.613109601238035,1.1043755364483716,1.116393539323432,-2.1876989497542425,3.2368703861302497,0.2773982547094337,99.99999999999999,0.6530167302502412,-1.3725283718737875,2.98034283523295,0.0670906503184021,0.5168732635140887,-0.7343743960819409,-0.2388741249389597,1.2776483433124757,1.7460454004744148,0.3635958632045799,0.19910026517474766,0.20323353657447185,-0.9627433317993677,-0.4672430606563865,1.049279407595049,1.517676464756988,0,0,0.0007250858138170205,-0.00022390206383744217,-3.630168517053648e-05,-9.676025443872123e-05,0.00018689304406757274,0.00011114429273022516,0.0001175127115009572,0.0006381163865558499,0.00013493271277784585,0.031226524472399333,0.0016324008449556501,-0.00016481786971363197,-0.003819412830536824,4.656423963628021e-05,-0.009982451687208224,0.00012791701155234105,-0.00045464517778983146,0.04140292861521998,-0.030613985743556053,-0.0008067412033748507,0.002161558499249927,-0.00022097391786471396,-0.006209807338224803,-0.04923911886876182,0.0009702293132814903,0.0010306995751684007,0.0015438621002948172,-0.004629525722092716,-0.0011972962008130125,0.0022003960272091016,-0.0009608681356235798,-1.242356015673127e-05,-7.002131023664933e-05,-8.418141923038275e-05,0.0001274272065865127,1.2541737619810124e-06,-2.6009644996540354e-05,0.000488348607339367,-0.00024407018843182463,0.00202415926319737,0.0010664813300740516,-0.00041709357140806686,-0.0016287102039354883,-0.00013066103987048174,-0.007826572853694314,0.0016641580406073077,-0.0006764481963179659,0.012206853844042565,-0.014656575886801937,-0.0014501600012249891,0.0003016577079878705,7.333448241974449e-05,-0.0015746468681696562,-0.01934836285128091,6.150808775162851e-05,-2.6531539812739153e-05,-2.717255129992299e-19,-0.0008628309005656072,4.527799068955914e-19,0.00040601519880241216,0.5200090110303262
2013-12-01,2014-03-01,0.7453886205475158,0.4565851685059683,0.736023382618732,0.7465285197668928,-2.0545767500751304,0.0834074339111144,0.5370043982466394,99.99999999999999,0.642467727122744,-1.5305586943480816,3.086758976645114,0.0027728372861801,-0.0694280257242067,-1.3740583355480704,-0.8322262136200738,0.7191219355134707,1.2174325762270863,-0.18357431785069878,0.19255733226148858,0.19543946317825242,-1.1543441331793889,-0.6125120112513922,0.9388361378821523,1.437146778595768,0,0,-0.001855779172946489,0.00041046337107485164,6.959534395278814e-05,-0.00014828377772111183,-0.0002315163313045396,5.2377984706100877e-05,-1.9308580285562632e-05,-0.00040658942202397876,0.000393801799075484,0.050239923379702386,0.0020401510056641276,9.300819027069989e-05,-0.004063071970356335,-1.312159040945471e-05,-0.008267702362361686,0.008005914084264909,-0.0005095829257002934,0.037159674562911416,-0.03979441177698609,-0.0005585778790646418,0.00467182690052544,3.7874762160731577e-06,-0.0011535788253439492,-0.05174041445306107,0.00018952996337947325,-0.00018129921994573328,0.0035921755484353,0.002712144212069851,0.0005709346479540251,-0.002208686068771228,-0.0022508092404943244,-0.00011583909745350612,0.00011370610211515864,-6.3975006717351845e-06,0.00016712795106261613,4.172718640683371e-06,3.750766148925158e-05,0.00045967619548297915,0.00018742685239382396,0.02510479604240027,0.0009908524557457673,0.00015793681392171173,-0.0009423004693279493,4.1647156663742833e-05,-0.002972671002656129,0.0003724732193536174,-0.00040942829152443717,0.009833894326670168,-0.015656959923745155,-0.0006065169591596854,-8.66449276402784e-05,-1.3435356181161153e-05,-0.0017767467065825952,-0.01785437585342542,0.0003125159205302554,0.00022347191822123173,0.0027155114310424334,-3.125633643555494e-19,-6.204799175370805e-19,-0.0007265249128898978,0.4548425364641757
2014-03-01,2014-06-01,1.1545891680473377,0.37229863228533683,0.7850023260169874,0.7892693395724675,-2.0534700445872534,0.6119784823427984,0.6062520739324188,87.2360241671556,1.4903418350923836,-4.069326069570706,2.9557291461799116,0.0495813252518573,-0.14599130868864285,-1.3673863820590297,-0.8947360612378661,0.5920206433599849,1.0776518234447932,-0.23906596675997704,0.39366008872020225,0.39517732564499375,-1.8277387019179996,-1.355088381096836,0.13166832350101512,0.6172995035858232,0,0,0.0020712966031297096,-7.34476973986919e-05,-2.0895102373959183e-05,-2.6727702165494406e-05,0.0002024802905929582,8.206816186988435e-05,7.359524237141238e-05,0.0007709826786173005,0.0004269112945942884,0.031382150242176436,0.0005759344252915889,-0.0019628117308820837,-0.003540695152702959,0.000934764330181991,-0.006724650665178527,0.009190700808478258,-0.0005848266164367013,0.042789136096001046,-0.04209683037230782,-0.0010736396754714302,0.002098616901960928,0.00012418175655762285,-0.0012119954933683995,-0.04431435616389002,0.0006722677641029208,0.001098171600461359,-0.0018942597357342766,0.005095078193213574,-0.0013162477228123865,0.0022962404953060646,0.001437260162257566,1.9459795909293033e-05,-0.0001420871494653826,0.0,-0.00022912414963127217,2.3230979178408524e-05,-5.643091491866667e-05,0.00019443150919107853,0.00018894541983387975,0.02727573830846747,-0.0004133273175261846,-0.00044125360759704945,-0.001422872974542254,-0.0001324121958179088,-0.0022426815698661433,0.006962680819905842,-0.00022354671861523227,0.01053857086071536,-0.01663581809973214,-0.0005647713339662188,0.001335918487463858,7.385326174805514e-05,-0.00021992508359747851,-0.01698158094728445,-0.0001503914264640878,-0.00035417943717482665,6.607070877446752e-19,0.00103931835426415,1.0517268995738744e-18,0.0007465817212025549,0.4272912244130256
2014-06-01,2014-09-01,-1.064681367721576,0.41721652074747695,1.0039188547833418,1.0044264442037711,-2.152918722857862,2.196021351849038,0.30931884453502334,27.82971077267995,0.09773703522308504,0.14533779337633412,2.992227882918884,-0.0876811076678585,0.2827933644494047,-0.972625993556632,-0.47870100729222226,1.0588989544993719,1.5571249388490662,0.1784892342625355,0.19060539961386969,0.19214294352232186,-1.1923731701871234,-0.6984481839227138,0.8391517778688802,1.3373777622185747,0,0,-0.00044863497755755324,0.000246706296941872,-6.738361173340439e-06,-0.00022975191366458089,-0.0001274987874229781,5.2646202329152365e-05,-0.00012957278699492599,0.0001246570171571985,6.0908693212893006e-05,0.05384341553091582,0.0016489808443086596,-0.0007745179064208417,-0.0034683287680369926,-3.4732461422766028e-06,-0.005574035904895223,-0.002438368317871855,-0.0003294437732408965,0.04016127244915559,-0.035432544559520884,-0.0006920892704884379,0.0023573624841156824,2.8277817325672817e-05,-0.0014740229238635256,-0.053672189272163245,-0.00010152065377342062,-0.0002723268310195327,-0.00307820781497143,-0.002351202258525373,0.0008134447939265413,-0.002406316835266566,0.0020185087148229756,5.38004051059235e-06,-0.00013503383880987817,9.807052062100742e-05,-0.0,5.2726386388669195e-06,6.65511488971585e-05,6.641553402296186e-05,-8.200371971646157e-06,0.026177687356383303,-0.0004841082222692984,-0.000631232957149795,-0.0015078222987040888,-0.00016118596661193814,-0.002382492428364616,0.004217992501578481,3.437850342715547e-05,0.010733289778995878,-0.01249715345068992,-0.0007524376562286956,0.0012193974299722142,-0.00023010032768619663,-0.000423607929125589,-0.0220495478867027,0.0005373050923248629,0.00031119208628339494,-0.002795756031385191,7.708796756683683e-20,-2.377477727430226e-19,-0.0006158076092162127,0.4347929258258673
2014-09-01,2014-12-01,-2.1510413154555152,0.4580163378821508,1.57223270699811,1.5745116244801045,-2.3799374011800127,6.807181838439849,0.18442276652919723,99.99999999999999,4.146978962513726,-11.327329774032966,2.838047887947848,-0.3289362236455595,0.32332818968885696,-0.8636453929415108,-0.3779266328071912,1.0978367332959038,1.6275995822431863,0.2088241052183193,0.3289782208117781,0.3278714451372909,-0.9724134127941116,-0.48669465265979206,0.9890687134433029,1.5188315623905855,0,0,0.00027942930987416364,0.000544518080699725,0.00010988955563013158,3.396091706210914e-05,-5.889035678624798e-05,2.2500909575564663e-06,4.296031224222876e-05,0.00010530986674917011,-3.530590887788526e-05,0.05127930859357465,0.0006250828349860845,-0.000582590406147343,-0.003925667306252885,-0.00035399885190740834,-0.0036245963401966884,-0.007515744370530725,-0.00011363698422820926,0.03362067590499315,-0.022656992733913087,-0.0010354122875118536,0.0027758324840346875,0.00038435891686791553,-0.0012868322809731084,-0.05884651594273311,0.0008498813231045793,0.0007524273278651281,0.001709754966550573,-0.0044951325742057825,-0.0012146778847758413,0.0023381346293748543,-0.0021653456687024232,2.599653116534161e-06,3.509955062080304e-05,-5.376509704980728e-05,-0.00010577926211237785,8.234663731453539e-05,7.766084801369869e-05,-5.245203329029078e-07,0.0002923264644062109,0.01636198271294776,0.001480912533944623,1.0184792376621312e-05,-0.00171299925229159,-0.0001526688420924564,-0.0024475089305282254,0.005059050720204722,-0.0004948075668289252,0.009754056505414605,-0.013311966580010237,-0.0005162903777514535,0.0006507198017574344,3.912625844456512e-05,-9.410740860489658e-05,-0.021562006427504388,-3.7767686019413564e-05,-0.0001902917301059806,-2.791224324887825e-19,-0.0018642194538308614,4.731516976439057e-19,0.0007223069450489791,0.46829572498333183
2014-12-01,2015-03-01,-1.4527353949258526,0.4799774115139276,1.150532034211694,1.1586684126141678,-2.2176013160936225,3.7353787921763315,0.26117990403531155,30.716969389539738,-0.8007818059260503,2.7451907404740887,2.868617118164747,-0.8784672275139016,-0.39528902590395654,-1.6267514220866086,-1.1358559098766243,0.302440507241337,0.7995224592289971,-0.5152833787824385,0.6465120999524672,0.6515530785351886,-1.090773222035074,-0.59987770982509,0.8384187072928715,1.3355006592805316,0,0,-0.004294890153828967,-0.00011442718157321994,-4.696709292977726e-06,-0.00012152124777254916,0.0012436681893204574,0.00011478108224462001,2.758786640663325e-05,0.0005699230163411963,0.0001985797870496843,0.04821685460110153,0.002446651129662886,-0.0003012567184385634,-0.003339493118936956,0.00013368664511479548,-0.005041831796485775,-0.0009238186095445937,-0.0001196278710072944,0.03563080134097818,-0.02273035135567902,3.529059953539242e-05,0.0028689709643226558,3.1177847329226216e-05,-0.0018814355239541347,-0.051697400467668915,3.2271201136310006e-06,-0.0005815471047848728,0.0026670542330016794,0.0019953751485714526,0.0009738654336761686,-0.0024400963813176035,-0.004410548699895525,-8.08649833984985e-05,0.00012403535769142754,2.9621637773050144e-05,-6.120984996283966e-05,1.331922434839426e-06,-1.035026070071609e-05,0.0005817566103136088,0.0001197341073477005,0.04159308831473986,0.00016345922366290723,0.00023110490341727243,-0.0007443888071948378,2.9705085105796607e-05,-0.0035412787093799204,0.010134562120858082,-0.00022575513058489157,0.007174774750332344,-0.011032383326100416,-0.00038272205954935167,0.0001489417244350469,1.722487746497996e-05,-0.00041836420502067503,-0.014801401812644836,0.00011988282873842409,0.0002005544742546567,0.0021492370867304154,-1.1028948017803386e-19,-7.571069067328723e-19,-0.0001384362162918729,0.396478669587347
2015-03-01,2015-06-01,0.4976034012297958,0.3790721281682733,0.7127392289912761,0.7148265614929864,-2.0303971053730794,0.01404966269358521,0.5127271763177979,99.99999999999999,-1.3452374811268084,4.469728795075683,3.0172120180116377,-1.042713669218287,-1.0723464874836677,-2.3699165828360376,-1.8396740666121956,-0.3071225122877367,0.15078028472935492,-1.167114519525736,0.18237545190359877,0.18284995101183343,-2.438273110747677,-1.908030594523835,-0.37547904019937606,0.08242375681771556,0,0,-0.0004618217263481064,0.00034646484443803566,1.2034038364260121e-05,-4.995892728350434e-05,0.0002682341964495326,0.0003271991138936089,-2.5087668989593332e-05,0.0005981687612899576,3.8663895715388754e-05,0.06452650790815727,0.0013442446124318167,-0.00446154965570053,-0.002869626225789277,4.674232566629911e-05,-0.0049118894616299825,0.015052384599341311,0.0002887406740412751,0.04301844161948255,-0.01765473236925453,-0.0005801269305866421,0.0031242052852867913,0.00010503232832757951,-0.0012422630961700038,-0.03735753562073162,0.0013884550763927504,0.0008742611844886916,-0.0012821455890637083,0.005701795116434851,-0.000898486201277426,0.0023897342611667103,-0.0029080589715121024,4.269469407643954e-06,-9.973441869392409e-05,1.408038387999584e-05,-0.00021343902870469924,-0.0001603489376865055,-1.1377031624099658e-06,0.00036889454159219284,0.00031945966903627784,0.032443406554495034,0.0004516966038713975,-0.0016590597440881481,-0.0014581053035426924,-0.00010672869828414552,-0.0017898377041738705,0.003976375914173274,4.7789999130208585e-06,0.020641916326316418,-0.00946785888912375,-0.00013357186336173527,0.00042774138697948826,5.5207342721715165e-05,-0.0011431811798426812,-0.017568079500396194,-0.0005056905945731896,-0.00020470903996257472,4.992295060284752e-19,0.0013132665803682003,1.1150327942039867e-18,0.0004954247472130797,0.2975843964272848
2015-06-01,2015-09-01,-2.710354368949197,0.2704092377757401,1.8261635077463798,1.8417018915561678,-2.524220128371844,8.884951679175858,0.15282246134156907,99.99999999999999,0.9271794226815498,-2.423973829468299,2.937496376346036,-1.4541319195251925,-0.7089410178439579,-1.8901108915496878,-1.431489608499583,0.06329052323767716,0.5290036223106938,-0.776543327287893,0.27830904500212394,0.2793840519307776,-2.196099080643974,-1.7374777975938691,-0.242697665856609,0.22301543321640757,0,0,-0.0013993856293398783,0.0013476614684822298,0.00012085561064539691,6.272464679180908e-05,0.00010488429634012436,0.00010017987133546232,-0.00019850962817904828,0.001139025812728475,0.0002582335594156737,0.09721556337763838,0.004702036562095865,-0.022963284860860366,-0.0025719063698254993,-0.015201826072788674,-0.002312129916883491,0.018628148108332528,-1.2230350036065464e-05,0.04164318933838446,-0.012022661902883916,1.1764004593128965e-05,0.0025136777947225787,-1.0515064248363716e-05,-0.000754635982736146,-0.035358817417017914,0.0005219088896334228,0.00037479489623622463,-0.0018990149127066209,-0.002499326252208904,0.0010346627128009042,-0.0022601216918733723,0.0010942705363123585,5.865945444565992e-05,0.0002506625902466545,1.9569903546779207e-05,8.643719634319324e-05,-2.7361423121164063e-05,0.0009748785993113061,0.00019456065929951584,0.00027452657978892665,0.05176750074823558,0.0013426757541794155,-0.010697229750742845,-0.0005720944573385336,-0.006369803955680683,-0.0011692407758289516,0.008193947055964141,-7.144773807740408e-05,0.006952136756415044,-0.005582358284227169,3.481376657722273e-05,0.0012856933227013867,2.5745073228038527e-05,-0.0003023456672922906,-0.013010734565345787,0.00043982182495553863,0.00028703798251029504,-0.0023548328164479052,6.829007470236903e-20,-2.6160052942959595e-19,-0.00048220792498009833,0.17104828917431836
2015-09-01,2015-12-01,-1.6024726857608584,0.18641110745576522,1.1067015306856631,1.1300741850183331,-2.1659400473130868,3.200105225633096,0.267831047004327,99.99999999999987,2.083549624764609,-5.7952413487986245,2.862887833732615,-1.316989762101528,-0.8697688137973721,-2.044136551018734,-1.5951408924641293,-0.14143178340027618,0.3482660075341928,-0.9163715906613135,0.30675898768734783,0.31238963261118285,-1.9829772643245,-1.5339816057698947,-0.08027249670604164,0.40942529422842733,0,0,9.671674173782974e-05,0.0025416567106518583,-0.0001445966186204932,-8.587585452916065e-06,-0.00023919930139682568,0.0001267372495206499,-7.653558211722335e-06,-0.00012216751280088543,-8.23552238785134e-05,0.09942481971588156,0.006006561090741315,-0.027059758256103496,-1.2396946821294609e-06,-0.011783357712252841,-0.001873619327584033,0.02276325910341091,-4.512299126512135e-06,0.0502402428307421,-0.01985416114057698,0.00010049767757440561,0.0005795952453275381,0.00027373904254863595,-0.0006217644291565515,-0.031682884161790825,0.0011496520794610128,0.001921499002385756,0.0020420876580720514,-0.005141065260319679,-0.0014236982682901572,0.0022032749367432067,-0.005413073244327386,-0.00012462112569339002,-0.0003321428717322596,-1.5681376691486934e-05,-0.00031762580596343313,8.12319363315313e-08,1.0857820068304057e-05,-0.00012520902786343515,0.00026443356599568555,0.051635893538227985,0.001795717435997766,-0.010503687784721258,7.195916841549133e-05,-0.006300499180729449,-8.60562557173076e-05,0.013785277083637672,5.27249085751756e-06,0.004389263742817244,-0.009212663266736029,-7.9917063709129e-05,0.00018589296996078593,-0.0012454231893548333,-0.00016431379887619642,-0.012949981045492694,3.530999319118996e-05,5.185285387528424e-05,-3.200353063975184e-19,-0.001133452661053156,4.331698054486139e-19,0.00039106010837756857,0.12907251718448712
2015-12-01,2016-03-01,0.3572872619265865,0.29430539587165483,0.7086956088314786,0.7209405780495022,-2.0246446274024574,0.003966715451761354,0.5158141463643658,99.9999999999923,0.4253432709550759,-1.0456937864608746,3.009528252457604,-0.8644840978884183,-0.8802295644021512,-2.1573275420437117,-1.6414022049524406,-0.14692577835641524,0.34859697955475905,-0.9538059133700649,0.2824638900087531,0.28533621106639834,-1.6735659836455792,-1.157640646554308,0.33683578004171727,0.8323585379528916,0,0,-0.0038526755804245377,0.0009231747143450056,0.00017953325012294387,-3.350298605849408e-05,0.00044225129715504396,0.00016310884376038464,-5.6413487198922275e-05,5.367181509626153e-06,-4.684768791084088e-05,0.09805884339376944,0.004181706596913546,-0.01888441705748181,0.0010181350017766707,-0.007441447001679695,-0.0009072493424773818,0.0004601394668993944,3.541587281614718e-05,0.03250472501929358,-0.011486902432353426,1.634339235071306e-05,-0.0001072832998067422,-0.0012728057776874948,-0.0002676343903372492,-0.016783147073598764,-9.561443508527306e-05,-0.0002848713877054827,0.0013512634499725977,0.0019913642739383757,0.0004633246251951904,-0.0015323363452833221,-0.003484100616523102,0.000582918841848076,-2.0236827134064875e-05,7.1251284586563195e-06,3.127411504207168e-05,-4.43163897765623e-06,6.74811964738323e-05,6.182070735711924e-05,0.00017550194299441706,0.039001240327227384,0.0010250541960753145,-0.011602939666398384,0.0004405498937935683,-0.004462305437958694,-0.0004278247565523524,0.00838161773239765,2.5443282063143797e-05,0.010327277452050124,-0.007059362913104977,-0.00011528838101610624,-3.8296125935332814e-05,-0.000862202394302015,-0.0001247650174948744,-0.006348524383416656,0.00013189729271167867,0.00013318593241399586,0.0011588074156043628,-2.9321229842727975e-19,-5.243110165805447e-19,-0.0003327041406079797,0.13468398774451368
2016-03-01,2016-06-01,2.45646196530096,0.24422259179330413,1.2916042357481923,1.3100525954277489,-2.2474020662218868,4.894003045697545,0.7737312697184313,99.99999999999996,-2.538934467708849,7.5228668905208504,2.8363203179849137,-0.3747694568706272,-0.9278293002475413,-2.141427900311852,-1.6480402816467459,-0.19942787245381838,0.2506457974028518,-0.9888849481958673,0.66485168286098,0.6702726677340605,-2.6200180563631026,-2.1266304376979965,-0.6780180285050691,-0.22794435864839885,0,0,0.004348440484183019,0.0007282018262694702,3.347020180551481e-05,-4.5534478284694146e-05,0.00013371822699909558,8.175397571846914e-05,0.0001638698827857738,0.00016366062638544472,-0.0002837828484034319,0.06864370884428864,0.0030797793956302898,-0.025927098545193174,0.00013973112156243295,-0.011141291801310068,-0.0005269072757951076,0.012668392720973368,-0.0004360960142594687,0.03458746121981413,-0.009814209175505913,6.870776276760207e-05,0.0006605358978909677,-0.000288978511759929,-0.0004443558259242108,-0.012297938330443096,0.0007951564522639493,0.0006427448373686079,-0.0011333617667723403,0.003578389366868603,-0.00032260285055445023,0.0014132363227961308,0.0008938216014381555,-5.082907976709177e-05,0.00010584415569986244,-1.0323381600179211e-05,0.00019771477493841442,-1.469964122907409e-06,5.787874023879611e-07,0.00014659739426257253,0.0002624240717944231,0.0486205724726775,0.0011790849667068152,-0.0142233324778883,-0.00018027147298762075,-0.006088865150507256,-0.00023252404465805762,0.010942738335092208,-0.0001567807176602339,0.019396511344893914,-0.005432502511448221,7.193552425920518e-05,0.0002397214710482715,-0.0011994502583058853,-5.995866862167999e-05,-0.007197636963407755,-0.00011259245470991966,-0.0001745566286623212,3.9229359097525194e-19,0.0011146487675869282,7.996045399813191e-19,0.0004319058853218846,0.07700997666630224
2016-06-01,2016-09-01,-1.9380357611535004,0.24751110044913377,1.2711515434915532,1.2942763567114897,-2.2431509024525966,4.776615084261124,0.2324995077829451,92.25973058623593,2.029709603972557,-5.6699599713902495,2.872335264251504,-0.181689804921703,0.36469691047895547,-0.8372398370383966,-0.37642453124632125,1.073059493713884,1.5713168736288654,0.30281913536667204,0.20308837107869843,0.20604339772190441,-1.1210745009425553,-0.6602591951504801,0.7892248298097253,1.2874822097247065,0,0,-0.0007937093679223201,0.00030005133191905476,-6.001075201540616e-07,4.369384351282809e-05,7.937396877804936e-05,-2.9864019465711958e-05,-3.455928489635301e-05,5.968426114924147e-05,0.0003556432064338449,0.09466359871450056,0.002526497313432497,-0.02705067946641346,-7.676439277304857e-05,-0.011389158281629857,-0.0005228936132434218,0.0063602856679348466,-0.00010824970487793896,0.03211642799904336,-0.008458643895434947,-0.00019945879905923982,-0.0019960717319044063,-0.0013264172645358653,-0.0006057214585254064,-0.01219912869320813,-0.0007407616334798901,-0.0005592079952384958,-0.0009938420654258028,-0.002276786894653835,0.0009864586745639702,-0.0015358582278016718,0.0068092346993116415,-2.050037129772521e-05,-1.5884367929538466e-05,-0.00010827282600571585,0.0001496024175027095,2.8777377272693167e-05,1.8322190348648802e-06,4.2842502319160186e-05,-8.095733523995748e-05,0.0425135306277538,0.0009552936534479584,-0.010800772867964187,-0.0003322737671801975,-0.0053354336490810585,-0.000358855143079895,0.007987721109429996,-2.3483137409920006e-05,0.011596220269873095,-0.0049860049788180046,-4.903426041883945e-05,-0.001149606905778636,-0.00110989524968842,-1.7312294180049122e-06,-0.005033925387670464,0.00040580484431418633,0.0001377157913264479,-0.0017883076906459274,8.428288967295906e-20,-2.4228812417649116e-19,-0.0005871617626190407,0.08456560765940817
2016-09-01,2016-12-01,-0.9027447866095883,0.1160949500784211,0.8202731286261727,0.8233821306000129,-2.0479481174514884,1.0380344090544926,0.36121410145700383,69.28930482001628,-1.0301884187684447,3.0849031903270188,2.862818882240493,-0.0067578301338855,0.24795210403811685,-0.9482745191431649,-0.4639877154335316,0.9716938802444454,1.456830381672373,0.21892836651851155,0.21690954473952245,0.21759689004723465,-0.9085299504195662,-0.42424314670993296,1.0114384489680441,1.4965749503959718,0,0,6.32091287857083e-05,0.00032995280966532985,4.360502231236276e-05,-1.903226147657772e-05,-3.135269630488044e-05,7.140627237894476e-05,4.454212980771243e-05,-9.753002487223736e-06,4.326761110245102e-05,0.08802664355372819,0.0013610401423383546,-0.023898696110550427,0.0002292159979060431,-0.00902087632447436,-0.0004054621341814569,0.005924297686871769,0.00023661001658495113,0.0346821656188798,-0.009474230968634131,7.776870031331011e-05,0.0011577011152730816,-0.0006739481929592675,-0.00026492059223043297,-0.016328758226220846,0.0005706329427285882,0.0006959220806729083,0.0016446201150295305,-0.0031719721573304125,-0.0006735393651653478,0.00150965551328436,-0.004566113189116784,-7.562503654554614e-05,4.0140740158476106e-05,-7.225636386494271e-06,-9.693257338304242e-05,1.7150103904701293e-05,-1.1060554645595275e-05,0.00013301622212555866,3.0220751196305206e-06,0.05213008884599316,0.0012448407981555355,-0.011003937774389266,0.0004152634491810531,-0.005602009584038293,-0.0006717082109350223,0.016124490338408477,4.5436569349323306e-05,0.007270204725779301,-0.00644609985518351,-0.0001386713318079243,0.0007954324029199504,-0.00016258828830528098,0.00014525099691506895,-0.008216873992568471,8.639984978595776e-05,-8.277241753005342e-05,-1.9798084655071774e-19,-0.0017219712573531307,3.50667331644091e-19,0.0002865638609636316,0.10874023137699394
2016-12-01,2017-03-01,2.649242671295582,0.14406279466637,1.4642721292241687,1.498638250143658,-2.34130629865534,6.275926214267954,0.8054583387056652,99.99999999999999,-0.2375630687048913,0.8684055261364115,2.8442286271977637,0.5662310222083633,-0.06006394694893967,-1.2172802596192598,-0.7462739788629913,0.6832169101289739,1.1296792083718588,-0.09607964561553217,0.22936031315240255,0.2349476261692211,-0.9397783226006505,-0.4687720418443819,0.9607188471475833,1.4071811453904681,0,0,-0.00152615266907545,-5.920572956694938e-06,-8.222230581245212e-05,-8.758166684167316e-06,-3.513315921929558e-05,6.11888402957956e-05,-2.4121729588059187e-06,0.0006702566982693431,-0.00010098519231162594,0.09018114220749603,0.0024188935233516234,-0.024678618857103676,-0.0009996847272828403,-0.012039827108452727,-0.0018772018675381385,-0.0025463618520069824,0.0004641070632960164,0.028977511655186344,-0.007163806610687964,-0.00018118604954144564,0.0018806955681233025,-0.0009437431665587066,-0.0004587958404049993,-0.01498316600058501,-6.179762042014618e-05,-9.325530745977689e-05,0.0017218837785771648,0.002267988756384864,0.0007876095894063539,-0.001739116829357474,-0.0024046775949556716,1.5367675327733954e-05,-0.00024566246356779467,-4.138594808153687e-05,3.971555939788809e-06,4.03770658612457e-06,-5.178954441595254e-07,0.0002500667514587743,-5.551491465940433e-05,0.043633901668867145,0.0005271675279937247,-0.013525691378926006,-0.0004468888826415543,-0.0059778304048784345,-0.0003321882892592679,0.0056914941828538484,0.00010882652405132485,0.01073202744161544,-0.00413479136688986,-5.8935025113837283e-05,0.0005940643782449687,-0.0008724342076024749,0.00014934316222157254,-0.005840442318753036,2.8865665163928822e-05,3.532395882548079e-05,0.002187652208466057,-1.9029929122588715e-19,-5.980570170657637e-19,-0.00017617027945824768,0.10363467069467751
2017-03-01,2017-06-01,0.9795640593527112,0.1863174812175715,0.7474447668207302,0.7531263288893097,-2.0087650913759907,0.6292401337231083,0.6044736419001533,63.949305834671094,1.7501494819785777,-4.703857972485439,2.80346284780917,0.197006545721301,-0.0013050988124838417,-1.1284459382074972,-0.6949399194658219,0.7259852269361905,1.2570363726214775,-0.047884469116876716,0.5537122451220299,0.562962948929067,-1.824956212010028,-1.3914501932683527,0.02947495313365968,0.5605260988189467,0,0,0.004028746825383612,0.00026264525314289314,5.8659771821429734e-05,5.9715093050141614e-05,3.110764625229755e-05,0.00021162342346024303,-5.661973162343523e-05,0.0003664476140011647,-0.0002636018890527245,0.10112043431411358,0.004565717034108434,-0.0235236570940336,0.0010759708960919358,-0.011271018562084267,-0.0014561929971372988,0.010670302358091773,0.0004193191139804187,0.029488917460263244,-0.011893940417698555,-0.00013089342370843055,0.0018372695331844396,-0.0005126450138549387,4.84756018777882e-06,-0.01981222979486333,4.593200702473636e-05,0.0005674607098145884,-0.00041648163986470615,0.0031017984629417403,-0.0008100804661431893,0.0015250351452036983,0.0065718162515083275,-8.951752382977589e-06,8.862258570197393e-05,-6.239813518191118e-05,-0.0,1.1024744378941251e-05,-5.004512401753563e-07,5.081614314065933e-05,7.168322585830596e-06,0.05051413612617889,0.0015933783101313799,-0.011136167576801317,-0.00010345287571449977,-0.006379981010194968,-0.001038104631968452,0.009026958753533043,-5.2298384362571217e-05,0.01425358089859274,-0.004293364238434587,-2.9541178925569094e-05,0.0007187383660309122,-0.00013065754438440922,1.8418131901281888e-06,-0.004874220110290651,-6.854094997757701e-05,-0.00018771040883975136,4.719841447654795e-19,0.00024729047175768787,8.366088529859141e-19,0.0007156389385495281,0.037894081348280394
2017-06-01,2017-09-01,-0.1263638609870554,0.1023110430636631,0.6781356642439536,0.6689789649171454,-1.964940602136581,0.05229221174260531,0.45642162364715266,77.1927808161814,1.924309409372136,-5.209986317370288,2.793786951559773,0.6499245207629123,0.7070932467755919,-0.439845215330495,0.03656584762694841,1.4605344209932913,1.9409912257097173,0.6815154860096762,0.16678642402332355,0.1651105240357958,-0.48383536224710094,-0.007424299289657555,1.4165442740766854,1.8970010787931113,0,0,-0.0011565019385611768,-3.348393968835564e-05,-9.164750488067901e-06,-1.32183720982408e-05,-3.855284408611929e-05,0.00012091297362688986,-6.533796082059079e-05,0.00012245469904978654,0.00010505490506348123,0.07892567889998531,0.003841074335818379,-0.019579148406012936,-0.0014088469484802924,-0.010467520330749387,-0.0012585266383497676,0.0013879120327853656,0.0005087198943315744,0.040651524765236056,-0.016654076183141072,0.0003825974671788293,0.0028287779411537146,-0.0006398043359294019,0.0008294535753151343,-0.01888952228773716,-0.00042868109860063616,-0.00048633499084187014,-0.0015125227547294747,-0.0020463892488010588,0.0008250883853333766,-0.001618512901860164,0.0025364723958736825,-1.551702409406652e-05,1.200421457013251e-05,3.693458376890639e-05,2.9011527242864755e-05,1.188826972603387e-07,-2.3395822051968037e-05,0.0002577311679571351,0.00048710243390602596,0.05517717549068103,0.0013942393600235908,-0.010216262646366454,-9.978320205941151e-05,-0.006360873208379788,-0.0008329214939049682,0.007205128379557989,-0.0006483474309222944,0.01409957818664683,-0.006872388186113941,0.00021897032735353965,0.0011103032531483896,-0.0005074927947813581,0.000195915148935352,-0.010340495091782248,0.00017290344109083963,0.0005056678931026405,-0.001594331533429729,6.490405052527457e-20,-2.0211873019702713e-19,-0.0006184735877605956,0.1242376673895293
2017-09-01,2017-12-01,-0.1616119614833877,0.19730734657599136,0.6854018062722298,0.7079670212372055,-1.974591810702485,0.12882306969782345,0.45165693959017006,99.99999999999999,0.857570846089528,-2.259102464344464,2.843000069305469,0.8352077270444624,0.9249375540593072,-0.26382983827122025,0.2200975217854483,1.6411472791732964,2.0887903006243866,0.8756107174153094,0.1882113678637921,0.19315120395096858,-0.5452895886742328,-0.061362228617564206,1.3596875287702839,1.8073305502213737,0,0,0.00172565919639689,7.334026219806587e-05,2.255923813202496e-06,-0.00011195036812955029,-0.00017137124379592713,6.094908305330788e-05,-1.223883526754025e-05,0.00012588979526698173,0.000491815821237286,0.09231494023344072,0.0029683388497319507,-0.02137821550569265,3.885357501397246e-05,-0.01034128418030294,-0.004217659141292579,0.0015335478024603151,0.0005508950984300127,0.037315625313782234,-0.011291190270963676,0.00011168054939687756,0.005654199620091685,0.0006147826315542701,0.0013067255965821423,-0.015688746935410343,0.0007478818430535264,0.0005672915370051023,0.0010499619494465154,-0.004422837565293221,-0.0008979934894321695,0.0016989543635202568,-0.00034389397826953765,-0.0001417214956746267,0.00014927346980366925,0.00022914280841160377,-0.0,4.071618864282345e-05,6.962716645106339e-07,0.0002653116157201324,-0.00022967972181215144,0.05657449031786429,0.0013465918214965744,-0.010891842922954767,-0.00023219752735442346,-0.005850262689421693,-0.0008328626145665928,-0.0022695507066990976,0.0008074582994318977,0.01781912341418064,-0.007317742833552918,-0.0005734113537203294,0.0020065521110251726,0.0005851798105563656,0.0005795292713838279,-0.007999128527565949,-0.00011032033920665648,-0.00016568611675986972,-2.565994682187938e-19,-0.0016618142573087647,4.520501921304316e-19,0.0005623630119494069,0.12107908392699844
2017-12-01,2018-03-01,2.477398143619069,0.19885648471066975,1.3783243931427613,1.376176278897338,-2.288168678012945,5.1917520913810415,0.7989639967575077,99.99999999999999,-0.3356771599448383,1.0894566647885036,2.753640944853835,0.7922465951253344,0.2226111803982344,-0.9120028309584104,-0.4807293002725874,0.8928007276690072,1.319324472172665,0.17289705922056697,0.28845884169743347,0.2886247170877651,-0.8109260194791933,-0.3796524887933703,0.9938775391482243,1.420401283651882,0,0,-0.0011009835102595523,-3.33362954447778e-05,2.8943034567961544e-05,3.0039866074353982e-05,-0.00014325991216790598,5.8402148890274934e-05,8.806189510067065e-06,0.000272954665484145,-0.0006001282190587766,0.1042782439838141,0.0037100480301894188,-0.020485610252067254,-0.0001537346280850968,-0.010059247794351953,-0.0023329862432262274,0.0060823622728281585,0.0005662476880384488,0.04051427365414756,-0.013744126700005646,-0.00045040810789656344,0.004860456644393679,0.0005557869588662512,0.0015395355176501464,-0.020848230132094463,-7.404092987587652e-05,-0.00012185312026491398,0.002102199641016108,0.002749184245940654,0.0008091935759250131,-0.0017729365756511517,-0.0004192858471619704,3.465825610935545e-05,-2.2376678409102316e-05,2.1427925761952168e-05,-0.0001927370441949086,6.189294431368755e-06,3.9424111926850376e-06,7.644322673467822e-05,6.561494787833314e-06,0.05827585815825005,0.0010760329390749907,-0.009606913902290943,-0.0003422672167618906,-0.006389766851976153,-0.0009080375769941004,0.004576800921494487,0.00013729261995257583,0.010664130126825789,-0.007949119897078964,-4.719985299873012e-05,0.0009220262251462965,0.0003548393221106814,0.001036892108570851,-0.010657367115687709,0.00022251385052804996,0.00015899853809922662,0.00202084220365318,-3.1097334275443875e-19,-6.370141142103916e-19,-0.0005672460734360156,0.10268345543171833
2018-03-01,2018-06-01,2.370847191536285,0.18907631238311698,1.3039244188489094,1.3216587293395117,-2.252995198119324,4.760124169120787,0.7859112047984459,94.29909057276998,0.16093530364757427,-0.2614862939972855,2.7485831068445257,1.1400673781712278,0.5946246583829358,-0.5587848588708715,-0.08395812074982421,1.284086835867247,1.7448988464524775,0.5473555802871566,0.923992401187042,0.9327541797753814,-1.3100577622393876,-0.8352310241183404,0.532813932498731,0.9936259430839613,1,1,0.005222558198138487,-6.747881796773719e-06,-2.6749936936168106e-05,-0.0002079557695069939,-0.00011806722920439744,9.650878083250669e-05,6.24888443274153e-05,7.604582733702373e-05,-0.0002812757187222912,0.10297795492246263,0.002900200273495183,-0.021867409070306494,-0.0001848885760470441,-0.01059582263165658,-0.0020055088723996144,0.00382174820478868,0.0004665084105708557,0.036110019341859895,-0.010900965619973172,-0.00032408347210101157,0.004816111253758486,0.0002979055877907635,0.0029037268240724124,-0.022121294781792145,0.00020284820508141078,0.0006866716209950817,-0.001147373636926716,0.0034020843389568622,-0.0013681449112959885,0.0017300756486391554,0.0065126003855074666,1.5674366039472017e-05,0.00019830250078727306,0.00019656536018462084,-0.0001947337804798994,-1.5821634955437383e-05,0.00012600351217591005,0.0001452593193943882,0.00022216503193865409,0.04169693883909843,0.0018196999777169833,-0.009391379522371636,-7.336399017879594e-06,-0.006850710238766886,-2.4837928740973748e-05,0.0032770844588631675,-8.43432892056429e-05,0.016715360354458888,-0.005610031710404928,-0.0002933274445176442,0.002580455496701891,0.00040044118933124114,-4.3676852546298064e-05,-0.010580435233419675,-2.6466338948114205e-05,-5.6553330599039896e-05,4.46885778834513e-19,0.0017592074567267409,9.91514042984629e-19,0.0004103581391478895,0.10927937449205104
2018-06-01,2018-09-01,-0.748192918317514,0.3289665314399425,0.824078711281294,0.8390649719955556,-2.033302118124176,1.1602724802017867,0.3524433739622267,99.99999999999999,0.08069775961900597,0.09681611744184648,2.8273928993659694,0.9846101138386132,1.2538999762779772,0.050390390862246955,0.5439134952676556,1.944405975638029,2.411029402018338,1.1716583434179917,0.17344423454590768,0.17511261304035694,-0.33367880371052006,0.15984430069488867,1.560336781065262,2.026960207445571,0,0,0.0008184840170992335,-8.693838996676359e-05,8.513529281852659e-05,-0.0,0.0,0.00013917789311601022,9.45482580166628e-06,3.368680767372931e-05,-9.723798494166594e-05,0.09853797264709818,0.004031169223332417,-0.02089157931108921,-0.0005350376035210894,-0.009636222855349298,-0.003019501511035557,0.004303050551757728,0.001098546235897197,0.037326806128754886,-0.012677752405612508,0.0005175546842963891,0.004713819110503948,0.0010022299506568107,0.004323160124699883,-0.02771554943247665,-0.00043485640757738554,-0.0005502449440776262,-0.0023126720959652626,-0.002776948177319382,0.000842010839857933,-0.0016058600252821756,0.006149186215798615,6.263992179256759e-05,9.113656918857509e-05,-4.5759386669149565e-06,-0.00018636742968747408,2.6399175019968766e-05,-2.0656872633944014e-05,8.73269435353045e-05,3.3691566524332884e-05,0.040055434234449856,0.0006691738093721094,-0.008763165923796258,-0.0006426148004510939,-0.005653020236960166,-0.0010618692863436255,0.0037059104168507308,-0.0003029516378040874,0.021772437507784185,-0.008378054508604455,-9.419920501046319e-05,0.002824551064420526,0.0005121414883167922,0.0017650933643095197,-0.012718827179102032,0.00039254143915269006,0.000590855648477401,-0.0016976896158604087,8.92245657264575e-20,-2.1730118490580692e-19,-0.0002794299034025761,0.16405304433458084
2018-09-01,2018-12-01,-1.3436083445384384,0.33870253798279615,1.0153521841167232,1.0355665736657076,-2.0928310683876985,2.8301699054493747,0.2693855140054795,99.99999999999999,-0.15163484518392298,0.7029392501609661,2.6608430668542526,0.6891110180748505,1.109688738705159,-0.013033002818387623,0.422275248820069,1.77203911805029,2.1953521409592627,1.0250131042094601,0.23481424110141022,0.23900154237373708,-0.056308664004591585,0.37899958763386504,1.728763456864086,2.1520764797730587,0,0,0.001189217712873226,-0.0003858446663065123,-5.091237322473374e-05,3.7000499413965096e-05,0.00011915006818672642,0.00011025710588505638,5.75938644981468e-05,0.0004526012379706943,0.00010196990054675663,0.060932664971521465,0.003190754587485565,-0.015562827238560655,-0.0014400382288019802,-0.00885453476222861,-0.0008309367580686815,-0.0010416055387376304,0.0005363325407928952,0.04030616660903022,-0.015978520719022712,0.000177283490326287,0.006350027830387476,0.0014452884020595583,0.00415995223543948,-0.02937241718095036,0.00046158202307191383,0.0004970753244052337,0.0008736033106175763,-0.004983917661963139,-0.000977701775838248,0.001593990029291766,-0.0019795902677443925,-9.668143181074456e-05,-1.0124739298251371e-05,8.913032370554172e-06,-5.21255324354441e-05,7.347098093092661e-05,-0.00014006814065430092,-3.163655844853343e-05,-3.877421937601228e-06,0.03980195567470382,0.001510961104554422,-0.00788511254521758,-0.0002846006679472668,-0.004544909955102684,-0.0010268176631421514,0.00033257163532128786,0.00015085877263811278,0.015895855401749752,-0.007910268367946876,4.036649237705481e-05,0.0022393406995299416,0.0011500265258014282,0.002266708629436706,-0.013597554322387809,5.003676624974922e-06,-7.705079499896147e-05,-2.5727361626121825e-19,-0.0015886837806724544,5.51218095113122e-19,0.0003209079207460525,0.2464374405363321
2018-12-01,2019-03-01,2.6266663227207943,0.2665052642093613,1.3783139930805128,1.4073080664942703,-2.3145694667221983,5.570360222113806,0.795244803844422,41.27829919331556,1.2299087307697658,-3.0713695160669814,2.7279972467819524,0.7264280628502817,0.13638779822242347,-0.998793667270949,-0.5226407696466269,0.8661640730054061,1.3770184965580126,0.06976148217008316,0.16529663658107654,0.16537572656418653,-0.486319088376476,-0.010166190752153942,1.378638651899879,1.8894930754524855,0,0,-0.004067463440972606,-8.219888035344718e-05,-8.357946780322526e-06,4.728716469213265e-05,5.489504132135651e-05,0.00013200046232487674,-0.00015636497316980013,2.93493113942306e-05,1.643380352621694e-06,0.07070613297786103,0.003030001512669032,-0.01578912759266923,-0.0012525911216837886,-0.009456763012251788,-0.0019317680321200004,0.0038287883903330845,0.0010060135475286692,0.03618227757256204,-0.0159265036330319,0.0004556152956113266,0.006799615712780967,0.0014233026390830718,0.003257222142627789,-0.02760698514081065,-0.0003407923737709123,-0.00022482375321510744,0.002112387637763007,0.002298746688468587,0.000781044704824165,-0.0017700188877585908,-0.004028900618713051,0.00013024838871032493,1.0836732410316004e-05,9.603410858549584e-05,-0.0,2.0116529932303296e-05,1.0789454969843415e-06,-4.780431441617956e-05,0.0004886977414084165,0.04093257883152827,0.0014812041987973536,-0.007825713498506864,-0.0012261724416830367,-0.004707552856094934,-0.0005036255133949828,0.0008632794471883677,0.0002968906186726053,0.00857025543983835,-0.008476451272336438,-0.00041728494469197387,0.003358294753751738,0.0011157741520979735,0.0021161032611378603,-0.017462245891433713,3.6796474098455594e-05,-2.442767523429093e-05,0.002092329625471787,-3.655124682589578e-19,-6.557908409917555e-19,-0.0004576561458489047,0.2294104646718628
2019-03-01,2019-06-01,1.8589498705711804,0.31939915450410095,0.9664698560249693,0.983571209151253,-2.0816739894632628,2.3702164073426575,0.7068973946768204,99.9999999999999,-1.0132191910747794,3.152317874636958,2.7533139162954634,0.5984537326090056,0.21356605359223568,-0.9317142996068252,-0.48750832380116754,0.9221375695482351,1.3597396490900817,0.13371626496621047,0.9223953746174397,0.9278262334701498,-1.850885165292806,-1.4066791894871484,0.0029667038622541576,0.4405687834041007,1,1,0.005700321577033371,-1.793426398444368e-06,-6.89732694146865e-06,3.05600035387638e-05,3.121404757406415e-05,7.290442658086e-05,4.2056558743425156e-05,-0.000161342557592163,0.00011476648331682159,0.07948373334838314,0.002563405418033128,-0.01951470449117945,-0.0015435132473784622,-0.011264991205849248,-0.0017940418935392625,0.010451603056115923,0.0007397084041274549,0.042696573998358946,-0.014494241617551147,0.0005671352928754028,0.0072820761305306065,0.0006883451215104802,0.002470634876109972,-0.023790565621346828,0.0005307326618138602,0.0006382029150135723,-0.0010649406652648147,0.004713053567875544,-0.0010764313745682975,0.0017860230630930513,0.007399895569782954,-4.924689918658958e-06,-8.774885064057886e-05,2.7165020209699394e-05,0.00024610643542579227,-1.2488742351197406e-05,0.0001506306026778292,-2.8309380516426332e-06,7.083547626022904e-05,0.04294146452259153,0.0008722371874905279,-0.00935964853943883,-0.000349897907813498,-0.006250710052138451,-0.0007115120280549796,0.005074175881501526,0.00022530078312034245,0.022648039036515428,-0.009628635726204147,-0.00019274800881005554,0.002878771304394239,0.0004819780642726387,0.0008491762584616728,-0.015699096154555614,-0.00030989767858379956,3.125196831439112e-05,6.112281013124785e-19,0.0018586758901859358,7.427112403244837e-19,0.00019625846726198802,0.1552970958843226
2019-06-01,2019-09-01,-2.5491941213637404,0.37643496470689436,1.803298517508294,1.8055020019545924,-2.4879503935377407,8.559305549262499,0.13842903576869178,99.99999999996238,4.415029398231091,-11.235387842574296,2.6269262129357016,0.148203431847449,0.8796107033651077,-0.22387401869422158,0.1928319933119492,1.580995165711375,2.0170544381805247,0.7855019621883841,0.2797294700872703,0.2835486984192055,-0.5008811436224184,-0.08417513161624769,1.303988040783178,1.740047313252328,0,0,-0.0012853003765640504,0.0003257725351903481,4.835855125858316e-07,-1.6486450007033987e-05,-3.322540687384425e-05,6.947738522924641e-05,0.00010279129275764712,0.00010748655405694166,0.00023106246497433042,0.06778571807021909,0.00186438949410446,-0.018620070959433816,-0.0011292937127614468,-0.008974016034356332,-0.0011474076390855224,0.0027492779420415954,0.0004802176882688931,0.03670862076485917,-0.013604569517683992,2.8284436242097614e-05,0.008157588744814995,0.0019489006362807817,-0.00020631027832138926,-0.025239923149209927,-0.0002797393230872651,-0.0004692749685796019,-0.002258998732191301,-0.002810927617567326,0.0011101793243672338,-0.0017403127308003973,0.005223204269818225,-1.948498523494423e-05,0.0002838919309946011,-3.8964314789069724e-05,4.576989481300269e-05,9.953620896542843e-05,3.449314859236146e-05,0.00012828604025912188,0.0003894070110905776,0.043022180186517676,0.00022295020243484344,-0.008290381553742947,-0.00024962237357798394,-0.005361140923394166,-0.0016138132113649218,0.0018875624405576637,0.0004097803163800906,0.0166804601678712,-0.006905888671448584,-0.00017258734536099488,0.003442424212838649,0.0011128219410126696,0.00011904481857625537,-0.011411705399850293,0.0006739036137838621,0.0007495319549920562,-0.0023604146871843592,8.460260294862726e-20,-2.551234256132701e-19,-0.00012001108794610954,0.22217287762177818
2019-09-01,2019-12-01,-1.3138421111992926,0.29460463127525527,1.0146894038268213,1.0279569948680165,-2.101527793577857,2.5871009233769846,0.27275298773607465,99.99999999999999,-0.8828763983331872,2.6974445563461766,2.6840645836629973,0.1556449901822354,0.5577566758008724,-0.5679065655893601,-0.12164207405175341,1.2433098639562046,1.6868872603646186,0.4841055179820586,0.3148993917917551,0.31854710366020117,-0.4480601088215464,-0.0017956172839397125,1.3631563207240183,1.8067337171324322,0,0,-0.0019311623450254294,-6.139174074497026e-08,-3.884684731287896e-07,5.8638930038075446e-05,0.0001453513488746096,0.00011125517758466235,-4.479986230337967e-05,0.00016480777668958677,-6.954995485615925e-05,0.05971962842450439,0.0012788391468000512,-0.018935784474159594,-0.0023967160721200653,-0.007945081828915745,-0.0015110947107029814,-0.0007762025649037842,8.581069422136463e-05,0.042103536210395566,-0.008731476446470491,-0.0003253655113756521,0.006161691923421717,0.0014512510509281668,-0.0014752944129984664,-0.022679378859478103,0.0010086593991962217,0.0006893089270471727,0.0016142724475609717,-0.0051415852495478274,-0.001036467177382325,0.002103897217646375,-0.007077555143585507,1.0803976323739077e-05,-3.3866795288942615e-05,-9.361126889697579e-06,-9.410656090479883e-05,3.0014031986350343e-06,-1.3161756576586706e-05,4.9565135831334675e-05,-9.821464729942308e-05,0.052875122782496585,0.0005638112322598159,-0.008291341521097614,-0.0010311027110950137,-0.005162443375917272,-0.0017106923343373074,-0.003230275107346269,-9.496907751526455e-06,0.02303295497895115,-0.006630241865555432,-0.0004496589519424274,0.002418427941790175,0.0009532539419061348,-0.00038928575291931013,-0.013242504651076736,-2.2700067092203036e-05,1.3193919486840543e-05,-3.2485893744374683e-19,-0.0019085954250703844,5.242494892392823e-19,0.00042555424350071295,0.24023034877130114
2019-12-01,2020-03-01,-0.0618969635020505,0.4558899322869002,0.657485470715473,0.6684238082768531,-1.9171101171711187,0.26810326945075774,0.4291480366639676,99.99999999999997,-1.3598982012218834,4.019342612437736,2.6443732200763006,-0.5164958313734758,-0.3870491074262381,-1.5104702034127875,-1.0827176212843663,0.2719574873072377,0.6648858242845025,-0.5010215904979631,0.18523573005903238,0.18866960146915698,-1.4070724942295925,-0.9793199121011712,0.3753551964904327,0.7682835334676975,0,0,-0.001739235171166909,-1.2552846528124101e-05,-1.9260310191794404e-06,8.02234603760499e-06,2.010193196264073e-05,6.965591245773574e-05,-0.0002690007621233078,0.00019311851421098387,0.00030125175512506506,0.07198712266643036,-0.00023142588490640152,-0.02682608319579197,-0.0012969612216812048,-0.01060987755639112,-0.002203766471993723,-0.0011447317596748336,0.0007179775495741472,0.033253352858966745,-0.0041754959601033705,0.0003292468388358918,0.006516150142647499,0.0010671274667662244,-0.0024935581592490817,-0.02489264550975192,0.000467062808379269,0.0001924846137928351,0.002994761231529645,0.0032627516704012254,0.0010458280115001408,-0.0018606452892179937,-0.003795600505629948,1.6155358528368673e-05,4.549460659487306e-06,-7.870205467643937e-05,5.042154487881991e-05,3.2789718174782096e-05,9.782819582059097e-06,0.0005484049152913742,0.00011351506005157112,0.052108274190028406,-0.00025019293339463696,-0.014144309470264651,0.0005044875668323867,-0.005623474892124306,-0.00125631219263041,4.954402154824699e-05,2.8604410221126e-05,0.016530863821196583,-0.0025646135897222735,-0.0005598194200586149,0.0010582766551338015,0.0012015943152298846,-0.0013953558187229567,-0.010086680337523562,-6.993530146228386e-05,-4.54488872993287e-05,0.0027792296139660536,-3.2832465962968197e-19,-7.815297383944902e-19,-0.000599134536706916,0.19096860851092076
2020-03-01,2020-06-01,-1.2069191362176213,0.2493346102336616,0.9383263107348805,0.9497947044530524,-2.068257082656146,2.120674974053397,0.2998530684062326,99.99999999999996,0.15169557012571722,-0.18168285593672,2.7394756729442897,-1.2829630830706762,-0.9188996464578555,-2.0550682637842534,-1.6139086110632306,-0.24623960426910696,0.22491461042047217,-0.9812332990162709,0.17556534905679608,0.17993206026742667,-2.255656391681903,-1.8144967389608802,-0.44682773216675653,0.024326482522822605,0,0,-0.0006647708397200096,9.183618267268639e-05,2.433366625497774e-05,-4.786496672987415e-05,-0.0,0.0001836692394727815,0.00010294142226093672,0.00027731992254553144,-4.0170183951059615e-05,0.09985604271011801,0.0008908170277568585,-0.021236066047290943,-0.000972947458408369,-0.01106236416840256,-0.001180994149668712,0.006062538003307087,4.6134490279201246e-05,0.03336711673290732,-0.0072984753890374485,8.03829348961419e-05,0.004932195038479178,0.000613513608414472,-0.0031797773976390024,-0.024506637331263268,0.0005024709325356535,0.0011760100919298202,-0.0015286218874633105,0.00486864169514437,-0.0009721012476392343,0.001803168883260083,-0.00016891697441030604,1.556058061733252e-05,9.789967562358295e-05,-2.956117233196929e-06,-7.569447005803191e-05,1.4573862372005853e-05,0.00014020792601079603,-8.87242865565332e-06,0.0001073955669442402,0.04816693145662346,0.0003011746388853338,-0.010381613173045071,7.372762937566973e-05,-0.005606220299699198,-0.0007193024428970175,0.00196073838270339,0.000102009601848162,0.019662204337177573,-0.003397041355543436,-0.00013323652900871743,0.0020973067626118306,0.00034170221754171624,-0.0015434153115251369,-0.011696857633423704,3.001407132416345e-05,2.9325131627508946e-05,6.379832227651903e-19,0.002093486374910198,1.0831222937269937e-18,0.00013968166040282165,0.1184700900356173
2020-06-01,2020-09-01,-0.6297416761359642,0.11763227899676958,0.7088219275090958,0.7236119785197563,-1.9452380736652253,0.5585678288107455,0.3911588516365627,50.26155945511782,-0.5428256104673415,1.5607284082643942,2.6578531991260825,-0.8030999717637322,-0.6162564829805487,-1.735023331051711,-1.3246085066419662,0.033817122574514344,0.4698416051899451,-0.6456645527297411,0.16582307912531724,0.1685916769125228,-1.7977288055025302,-1.3873139810927855,-0.02888835187630497,0.4071361307391258,0,0,-0.00047312125600888744,0.00020117666562567547,2.8207249681008578e-05,-2.418876817109054e-06,0.00010081172073869356,0.00010893744948974633,-2.0772369005044074e-05,0.00013505075886562022,-4.157032925705237e-05,0.10658280112609024,0.0005211503084395665,-0.0240520797678692,-0.0016776180034045176,-0.010002283568653769,-4.510749996975198e-05,0.0016609871029625103,-2.1862155562661482e-05,0.02188763851604028,-0.006487836230930786,-9.888380917692238e-05,0.003722208667375636,0.0004164378639156802,-0.0029014805064358044,-0.011279357465155019,0.0007952873507959985,0.0003947567467596008,-0.0026174364593740396,-0.0023835741699378236,0.0012446565121157639,-0.0018277174805120138,-0.0034947094827418278,-6.788687292179718e-06,-0.00016112094068289004,4.431757121712979e-06,7.538816795445625e-05,5.758024043086283e-05,-4.978064550041935e-05,0.00032978016533263555,-2.1989810868908107e-05,0.050863159954443224,-1.3028726904211773e-06,-0.010725910174774563,-0.0007484716827080413,-0.006266856024479884,-3.873959944974556e-05,0.005884234063242229,-3.328970607030376e-07,0.01698696454379281,-0.0023482161194706233,2.2883224232719992e-05,0.0013534321207269672,0.0003275371518513929,-0.0013186449935076567,-0.010370480218028989,7.3374638541353e-05,0.00029420761351034165,-0.0023869714526834392,1.2044906198417094e-19,-2.504037405158348e-19,-0.0004340900159270382,0.11506117259192389
2020-09-01,2020-12-01,-1.3700510191686277,0.07082932108622128,0.9463089128219091,0.9470112523246804,-2.057492501345044,2.076136154932929,0.29408670410007,99.75966391642264,2.185446785935952,-5.78286278722679,2.683469452871933,-0.8171521987560659,-0.45693211369235365,-1.5785033106688626,-1.1223725199351264,0.2394480341390482,0.7049258089952408,-0.474639443963909,0.23608545797376504,0.23625753969554913,-1.5796992146975573,-1.123568423963821,0.23825213011035357,0.7037299049665462,0,0,3.334497637292262e-05,0.0006888678977902459,0.0001480610607532745,-0.0031859062888507784,-0.00018727543984426156,0.00014651937798946008,3.052376794787522e-05,-0.0010665933984359557,-0.00039222487817315886,0.10051367163910437,0.002041551321939524,-0.019244343144608423,0.000985217671405201,-0.011255679498446209,-0.001035135447249469,0.011420796414154949,0.0006363153944524528,0.032665258588899834,-0.0051375105689921265,7.675061048852517e-05,0.003628596868798065,6.603780505566209e-05,-0.014870623569870001,-0.015303910968740758,0.00026388842552801256,0.00045203502791842386,0.0010752869940937359,-0.00494996727898557,-0.0009675050040014719,0.001761035050691398,-0.0019301585006081718,9.866809850361208e-07,-2.6975945355754333e-05,0.00041624141412023954,6.308622516519297e-05,1.3604176718955162e-05,6.058390934951658e-06,-0.0009224423106474892,-0.0018113454550967045,0.056402431177515304,0.0005550531731583013,-0.010277438199512268,0.0007216725407823754,-0.006470520951090527,-0.0005858862762745652,0.01592995919514476,1.9954392766601282e-05,0.011414829426505319,-0.003378641463607966,-1.232544860659003e-05,0.0023935003674983527,5.884484939623825e-05,-0.009983990702091482,-0.004341487173956762,2.466786320480954e-05,-0.00014224669028401412,-3.927605897256671e-19,-0.0020057402957955467,5.268079115763565e-19,0.0005702832292747684,0.04260889090747465
2020-12-01,2021-03-01,2.2246024460283564,0.0954179044147906,1.232106039116447,1.247355918356371,-2.1983535389718143,4.533426812246171,0.7804391306388747,99.99999999884591,-0.9154449280049614,2.6024691439861396,2.6594673851022126,-0.2455273463734641,-0.7778234817768557,-1.8605821880555968,-1.43503442201857,-0.07976134789909269,0.35533184452302496,-0.8016779578805533,0.17301064187209858,0.17917622627806998,-1.511990475573592,-1.0864427095365652,0.26883036458291215,0.7039235570050298,0,0,-0.0015428563516104502,-0.00014981997836048338,5.63967214871021e-06,7.262845837071155e-05,-0.0005142444220581924,0.00014077170559834861,-9.977172647703238e-05,-0.0042852904818389565,-0.0007311228876312496,0.12742654401630185,0.0017749619457533535,-0.02426259759886408,-0.0014229033738726567,-0.01093032793607541,-0.002042444906471786,0.006076593184242864,0.0007149024359535504,0.03355364746134447,-0.00512292879381472,0.00010494800042348502,0.0023188868826191865,-0.000539365724038048,-0.005604561053609498,-0.01391883315318734,-1.5136099921393842e-05,-0.00015654543688726282,0.0022120972191069406,0.00272956907573834,0.0011663159566390007,-0.0018242364329287052,-0.004231276526167667,-0.00014559388327728415,-0.0005370643817400588,1.531194800540953e-05,-2.218402630597158e-05,-9.86678620563068e-06,-0.00012018158079135795,-0.0019671968012249987,-0.006684874929805636,0.06640286242163489,0.0008169711082928418,-0.01238975169316838,-0.0009814703018112098,-0.006517782210023315,-0.0004586351005321326,0.010168224510787367,6.744616339701797e-05,0.014706520656010488,-0.00261218497528222,-5.431614580639219e-05,0.0006359055433356006,-0.0009835360332919464,-0.0034294330658491954,-0.0062102555129235565,-2.494712306639593e-05,1.713093932995641e-05,0.0029928130515595275,-3.8484872311964184e-19,-7.186356628072641e-19,-0.00048405252251526826,0.033487893587296785
2021-03-01,2021-06-01,2.185793453337226,0.261125553932613,1.1682089766036865,1.175072441170925,-2.147287885788682,3.704346522998565,0.7684692794217979,66.39573614487728,-2.9118619182685923,7.802518864165364,2.584340061312101,0.6026508010152476,0.12148382616409438,-1.0455954977019917,-0.5527700524137469,0.77883146938604,1.1534652011670965,0.05620243768094113,0.6554304696578322,0.6616826743207945,-1.5464613940243583,-1.0536359487361135,0.27796557306367337,0.6525993048447297,0,0,0.003500165762681944,0.00016142182347933173,2.7267684382398482e-05,0.00013957636673605318,-0.00011884647739901467,0.00016158553888692811,6.209833036135534e-05,0.004074854100386213,0.0003263758091295138,0.11625397893762406,0.0019908143512157067,-0.027657017387660895,-0.002980232664658723,-0.01207372656130456,-0.0005696112517864488,0.004856681734416266,0.0023636199845603616,0.018162924828272163,-0.002789055894589384,0.0005305208281309906,0.00171202483336388,-0.0010730717698526995,-0.002638290048986659,-0.013896342921347109,-9.172938444710192e-05,0.0002837982192840974,-0.0009660455053771876,0.00570522970867015,-0.0008990596589452948,0.0016331903118758924,0.007083599648345964,4.918032875108493e-08,-0.0003079341589199197,-5.167826250846058e-05,8.823787499955231e-05,8.602821503348254e-05,-3.46199978899909e-06,2.583325061763968e-05,0.004458443219284529,0.06417702366464885,0.0008672101887986237,-0.012622979108752177,-0.0012542435888584448,-0.007785059140656349,-0.0028973567793163205,0.0038150498173288496,0.0005913873227213778,0.015196186421126301,-0.0019418478961137754,-0.00027368083742107904,0.000698430879593587,-0.0010041614831722441,-0.001050458160950033,-0.0063742552543483684,-0.00011252626848514175,-0.00017182081768021362,6.049749576878491e-19,0.0025009760197573267,9.118505889839949e-19,0.0004739716349394425,0.03281868266122198
2021-06-01,2021-09-01,0.7114717776239843,0.22976865487894546,0.6711964107973508,0.6599749208641847,-1.9206014666152251,0.2320378984623219,0.5821415419804394,26.179276881507345,0.22722658384296915,-0.44355795943283294,2.630104841294327,0.9379541644552348,0.8175283837689751,-0.3447895627913367,0.13086628650528873,1.4712723147264433,1.9127284492308185,0.7600862200492386,0.28642420372804395,0.2879984396948161,-0.6828188350779697,-0.2071629857813442,1.1332430424398103,1.5746991769441856,0,0,0.0010915691437893916,-1.7233072165823118e-05,3.7856937425805636e-06,0.00015018871712777702,-0.0006076799762983758,0.0001681354718602584,0.00015098768296911407,-0.00012767553113115216,-0.00034107894581657185,0.11539149192175406,0.0034398115467204077,-0.024490934784582693,-0.0012098803196930459,-0.013680027552118248,-0.0026184471015736643,0.01772801386960848,0.002469580993701774,0.02707631838460811,-0.005133744820936076,-0.0003804876406081295,0.0015451848250765839,-0.0012783233320219894,3.951417200130447e-05,-0.02138973420842533,-0.0003325498057904087,-0.0004322647099087367,-0.00220129328669875,-0.0027814004256214776,0.0011338386129243012,-0.0017310747925277264,0.0069707655833294345,-1.2665477750311552e-07,-7.458732927692868e-05,-3.306349046275533e-05,-0.0001580472613160588,0.00011422987594334949,1.3703778527049459e-05,-8.562725100071754e-05,-9.506678017634566e-05,0.06816212322487723,0.001477001561418244,-0.012249205606185145,-0.0011879938239448178,-0.006403920155702188,-0.0028878165971970484,0.011783888702752904,1.0903681468024796e-05,0.012684483930691106,-0.001967351685418817,-8.216614438707539e-05,0.0005277592479491675,-0.0003362555355206593,-0.0003471363638259748,-0.010010746886239584,0.00041799474895182193,0.0003199392077443723,-0.002985914923707824,1.2371503674749051e-19,-2.465796517088649e-19,-0.00045051802362182873,0.04196177743556636
2021-09-01,2021-12-01,0.9561201240249062,0.25341911163318376,0.6715356247632848,0.684170565290993,-1.8993809491735312,0.49378871281635167,0.5993607546168993,99.9999999999986,-1.3842571151882936,3.873683832391881,2.5714556418790235,1.5194969502536182,1.3438216971556876,0.28975496175452475,0.7028059870449631,2.0172169753327367,2.440740271019351,1.2804669192473916,0.2595237087529402,0.2661034684233594,0.027090812562142765,0.4401418378525811,1.7545528261403545,2.178076121826969,0,0,0.0033032091056802585,-8.707239364412322e-06,-1.1137705294881342e-06,0.00011436234337289624,-0.00011612613840446351,7.377667430678492e-05,-8.783303659097036e-05,9.978042402566523e-05,0.0002916861057909787,0.08497471760589963,0.003700031245391775,-0.02450193660587878,-0.00033005355440799875,-0.01103083408916192,-0.0012111218821389616,0.013879828313581201,0.0015885082538788552,0.026414333891174147,-0.006811949815810035,0.0008327602899891748,0.0037870051040106855,9.77054390627495e-05,0.002800952667745965,-0.02455124246973637,0.0002035775863173576,0.0004291498192836305,0.0015467903258877013,-0.0071799008219614446,-0.0012453698546967397,0.0018210885835349873,0.0022504121656377694,-0.0001512346448058569,5.0943683776912035e-05,-6.061256484387728e-05,-0.0002631447155870629,-1.7865256115705425e-05,-3.5368727616328263e-05,-2.629432594682347e-05,-4.894204680662757e-05,0.06920477021928725,0.001522737828457857,-0.010213146960610466,0.00028265081468512433,-0.00576602423532426,-0.0012194693859274338,0.008771773258984645,0.0005395021001242536,0.017588314112465524,-0.0051970302557025365,-0.00013438608367210837,0.002020644522209246,5.4565539689231026e-05,0.000463613535846506,-0.011279216824623618,5.238257529248044e-05,-2.32579469529906e-05,-3.859415128534022e-19,-0.0022586998181721198,4.954845946778206e-19,0.00037966543514074863,0.10343540731530199
2021-12-01,2022-03-01,5.579284960102626,0.18377345298854725,3.920227796809696,3.9557380431219036,-3.9205048832487113,29.111544423400435,0.9772212320725768,99.99999999999999,-0.9143437018884999,2.646619147915031,2.6811782152439423,2.3581675787721856,1.009289701993666,-0.1349629467272721,0.34795585734401646,1.6943108922953742,2.093536052042562,0.9633463387465291,0.9199694682380093,0.9281821990309568,-0.07165264290408907,0.4112661611671995,1.7576211961185573,2.156846355865745,1,1,0.0005614193117870695,-9.506992000777142e-05,-7.235444533382662e-05,-5.922614465317603e-05,-7.975253530571187e-05,0.0001975998450103437,-8.248312799793295e-05,0.0003268505062625289,2.2282331021258928e-05,0.09935683839782655,0.0024007097152960915,-0.021986987771344085,0.00020791470812140398,-0.008846010147369023,-0.0012201322311495713,0.014044759675839985,0.0013706101510072635,0.0239653943361503,-0.007740956243783462,0.00038565886882808525,0.004788457805109103,-1.699239996190237e-05,0.0048112645445228235,-0.02894249667333377,-0.0006893654490702115,-0.0003858062824194743,0.002154178811968039,0.002860331376050124,0.0009176330529772746,-0.0018137481541077405,0.0028726631447433186,-1.8593510492612114e-05,3.908389712369398e-05,-9.833479749269186e-05,-5.585761461424168e-05,9.304732537996914e-06,-2.6875797159351395e-07,-0.00011802761780731338,3.855345936791852e-05,0.047618041901150494,0.000747029592158429,-0.01170605732422783,0.0009766675585920475,-0.008033850958888564,-0.00039953331166612903,0.006710956065978345,0.0009597531047750071,0.014971745236250701,-0.0037468477852016916,-3.413392999849178e-05,0.0014088080782749817,0.00023338579542038352,0.002483926624621357,-0.01302179808327129,1.747736516891988e-05,6.367143767592967e-05,0.002652117294533985,-4.741981229491623e-19,-7.594047970091767e-19,-0.0006267668640045554,0.14720230570485882
2022-03-01,2022-06-01,6.068889418297374,0.35959935500911244,4.246277871191379,4.285587180190594,-4.31278602881469,32.59599302676209,0.9863284948926978,86.14325477770541,-0.8844875837792566,2.6649364326682123,2.545369749523096,3.3289415700122227,1.9016190541901574,0.8551249823922609,1.2632080242127337,2.5557931842155286,2.9724723869744194,1.8117192154378792,2.2789415485838243,2.2944864618571628,-0.3685652012511947,0.03951784056927824,1.3321030005720729,1.7487822033309637,1,1,0.008878613947186684,-0.00025337211895770553,-7.220115160030182e-05,1.129119311439384e-05,-0.0,5.887453853961771e-05,-0.00021576913065771207,2.1664429959207917e-05,6.756444261569046e-05,0.0959781574496342,0.002883709189158752,-0.018562832003748087,-0.00020276012332802213,-0.010788155080256325,-0.00029293983995606307,0.016988872345641993,0.000943144253343158,0.02871654803300488,-0.008525734721536398,0.0002829341878075623,0.004267999830024655,-0.0005201236413612636,0.006164671664276337,-0.024865266291439606,-0.0005203720680824228,0.00039398663750839046,-0.0011808370896638708,0.005176743327047441,-0.0006323811966244651,0.0017094977532749666,0.01817673467903124,-9.375381773508659e-05,-3.854758582534224e-05,6.365242911552303e-05,-3.899510758017987e-05,4.6028277364922736e-06,1.5341405764174767e-05,0.00016683678616256564,3.883046284829786e-05,0.060249490560778586,0.0017154809643490797,-0.008900680716808856,-2.834054150693222e-05,-0.006182955860717068,-3.320049396725632e-06,0.007477579266356134,0.00027409504488107355,0.008537521705766108,-0.005443690894277922,-0.00012103350817988926,0.0013550465061340938,-0.0005794248848495736,0.0028129191819304664,-0.011225175090511855,-6.617099271038102e-05,-1.704745978705202e-05,8.18509550039839e-19,0.0023344564035790577,9.02708458600571e-19,0.0005568757723949045,0.1274341589629537
2022-06-01,2022-09-01,0.1985517052279561,0.35283360587644325,0.6188314451818723,0.6194711361220073,-1.8806771893488725,0.02380290486770966,0.47460313898478396,28.536887375301752,0.10995959165692122,0.07777920968243945,2.588254241857481,3.200711551913216,3.2392820270753377,2.1497205480973416,2.590937113534546,3.892192388215104,4.3515599547283585,3.1510736256062266,0.7613763930922448,0.7679170268526022,0.998871948347332,1.4400885137845363,2.7413437884650946,3.2007113549783486,1,1,0.0029076396318628256,5.36440095728592e-06,4.818515177619263e-06,9.76464180023511e-06,-8.463129289341728e-05,6.063827181482645e-05,0.00013295112308800544,-5.698248210363699e-05,0.00012735399237231258,0.05291882265135341,0.003962006442854833,-0.007620028088039286,0.0009401787910072372,-0.006616279166797293,-0.00040379973880334493,0.007129488143667982,0.0007284854454722375,0.02205670327216659,-0.0146118984990958,1.1074165572652637e-05,0.0046012669636074826,0.00027657275893128744,0.0046993154266362185,-0.030973145662956305,-0.0005938846488749366,-0.00045449115722387905,-0.0019357900361350066,-0.002212055495743485,0.0006476944267140117,-0.0012717844530698867,0.00832290931198766,7.72635855135235e-05,8.816387734911037e-05,1.1207568914118414e-05,4.067146482541661e-05,5.9911549960631454e-05,1.875541232148927e-05,4.996040275975613e-05,6.77502168502935e-05,0.03602554376905074,0.00022391122469061638,-0.002698183286936825,0.000203163377420508,-0.002877004417260785,-0.00022830757099948957,0.0007283857326854058,0.0002394181829461343,0.009688625668534474,-0.006412963987702227,-0.00010198547490881374,0.001030920218408054,-0.00012917340863527514,0.002413299664554991,-0.010124990677788841,0.00022595181320044208,0.00020890383468472748,-0.0017460346306731845,7.970019740580399e-20,-1.4023659905391812e-19,-0.00017331644357503905,0.3025280235311471
2022-09-01,2022-12-01,-0.6438340512879392,0.3344027903765205,0.7714714724095443,0.7807869989119284,-1.9706224164335717,0.9569473183896574,0.3561304314261969,55.218686191912056,0.4474093719301373,-0.8540197973403959,2.662797654479527,2.8007230080850043,3.0452822185011192,1.961321869436029,2.3760431586923447,3.7203506923647356,4.197007599466953,2.961681520906989,0.17201698860012304,0.1725155112741828,1.8737933393540251,2.288514628610341,3.6328221622827317,4.109479069384949,0,0,0.00038392373777477984,0.00017267103843502591,-5.9118436611035173e-05,-4.586122697307692e-06,-0.00010188144681522308,1.1032163841988039e-05,0.00015203887432511527,2.260122702365133e-05,4.2683364028677324e-05,0.053073572766686686,0.0015857756998092125,0.003303281538490708,-0.010265919879025268,-0.0017189961640103094,-0.0001383854119766945,-0.003788073678798877,0.0004042069690197671,0.017495347553378403,-0.026451639031965193,-9.330876653772492e-06,0.005215486116785607,0.00033803695277597986,0.003527378934532597,-0.03243526125979841,6.343536995775178e-05,0.00019657812526217006,0.0008356467583953817,-0.004721788446998892,-0.0007476268782784303,0.001274722020204914,0.0002917566277554676,-9.525825376447955e-05,-6.4701170489891e-05,3.157130166524913e-05,-0.00012318875035233372,4.7511541711766386e-05,7.268516559889793e-05,8.245008792159763e-06,0.00010785380837714219,0.02376902775877812,-0.00037832808671923004,-0.0010312150998061105,-0.0045833993167483005,-0.0016139524656257093,-1.3202731931993779e-05,-0.0016312533244011952,-4.653445541851857e-05,0.011109285014488912,-0.012016803361146935,-5.556933053900109e-05,0.0007834694396513552,-0.0002555369842302493,0.0023254016727810812,-0.009479864453063546,0.0004063994954002098,5.609065071361594e-05,-1.497387871700513e-19,-0.0016631343025552236,3.3235786988980337e-19,0.0002532045081230226,0.4030570807606096
2022-12-01,2023-03-01,5.987436207850649,0.417208374610211,4.132493605697726,4.176042932924763,-4.106951882014204,31.02743811420647,0.9821077743534004,99.9999999999988,-1.7884928664950963,5.157083504285778,2.6599846817342185,2.90276082002201,1.5102038617119005,0.3578870636038673,0.8198140344109804,2.172725158889405,2.6180992156879013,1.4059017680593477,0.8300278620612993,0.8383810598039398,0.572472748428487,1.0343997192356003,2.3873108437140247,2.832684900512521,1,1,0.0007998114127278628,0.000497924633352118,-6.36656368976016e-05,-7.468927480191188e-06,0.00029260644110632654,6.651919260582638e-05,-0.00022889459995163603,0.00035860197219706754,0.00028118977771078563,0.03549708514340398,0.0013733773005583287,0.010897898304537027,-0.012227670432371067,0.0028239213736076375,0.00017324264949833168,-0.004444441429599222,0.00029904663895412027,0.016346825991885475,-0.018375772944782532,-2.890911437348949e-05,0.007122127185152697,0.0012173039439886356,0.001197351069721962,-0.02371878365160732,-9.337136648370648e-05,-3.307269850140434e-05,0.00200623656610059,0.0026047162243680207,0.0005998134646579349,-0.0012003388053472967,-0.0008793727357118804,0.00013687504895639583,3.3032932268013606e-05,7.848637469294794e-06,6.368354119612705e-05,2.418817419659424e-05,-0.00028967220213564713,7.19107831024084e-05,-7.019936733133917e-05,0.024286472748563978,2.348814630057884e-06,0.001127443149488906,-0.004960031425087644,-0.000271819349145749,2.7677047618344197e-05,0.0010497936065020058,-2.194551284715272e-05,0.009177586115434434,-0.007015400399450241,-2.0426451163198615e-05,0.0028524208495573724,0.001957380044316991,0.0008557913653445343,-0.010811301826090953,-0.00011853883504886676,1.7387700620227507e-06,0.0018413231054350064,-2.3689779330904683e-19,-4.0222526192751657e-19,-0.00032560717229463326,0.4338035559919395
2023-03-01,2023-06-01,1.2434704318277312,0.5554657582468931,0.7012249739911185,0.719476957258298,-1.9418487187105353,0.4733504308690755,0.6034786575635771,99.99999999999923,0.6036163731118748,-1.0778738394587548,2.6723814694278247,1.6964060734045994,1.5244049050093897,0.41118585753948983,0.8499489052544149,2.2089581858515994,2.6513675658790623,1.3855384654476666,0.7238848903504305,0.7260304511111023,-0.48545674365330876,-0.04669369593838367,1.3123155846588008,1.7547249646862637,0,0,0.0028060346427929675,-8.117769378998537e-05,2.065891115363705e-06,1.3760807175257168e-06,-0.00039850969890570904,5.623376578376851e-05,-0.0001455644154985868,1.564447574035617e-05,7.236164081089303e-05,0.041528587327163684,0.0007247517112505535,0.013372201654265269,-0.003708531778994063,0.005099467364194511,-0.0004551235461336162,-0.0038042250309409673,3.203168395815299e-05,0.02224513951282612,-0.009624233815619287,0.00012486810936945415,0.012447725932891854,0.0003245078882053976,-0.0010350130527892443,-0.01874196983288144,-0.0009546399430815162,-2.0238862290969756e-05,-0.001093200518263542,0.004377351869070579,-0.0011542279868002982,0.0011870336710248861,0.009084730237228063,-4.130138699590057e-05,-3.541693165457299e-05,8.905567642332961e-06,0.00023664448882838775,8.026754376469978e-05,6.857363011856674e-05,1.8880971560162537e-05,-1.1879906721923726e-05,0.00572856566992804,0.00027814774909037775,0.0024029277482636815,-0.0021142917088771696,0.0017182774559711858,-7.046379028173539e-07,0.0003312003119062594,-1.8073735754785243e-06,0.008015843183764991,-0.005571438315540532,-4.867531299682086e-05,0.0008129626207493869,0.0013806485937459545,-0.00011937781268378724,-0.006978939670743084,-8.442642227580541e-05,4.13421795473099e-05,5.012639394109805e-19,0.0012962949491475678,5.809178735189212e-19,0.00020384970461149305,0.4353653142010445
2023-06-01,2023-09-01,-0.0225740853323941,0.6254927610029632,0.7035065832179398,0.6989202669561119,-1.95055121945972,0.4199906373190557,0.3976595348786027,76.20841896853216,-1.8501939727507466,5.607844887611822,2.6553618583980354,1.6411246257645118,1.8031413373483511,0.6643503858725782,1.1343152528171412,2.5022932514055065,2.911747848704386,1.6467681470976103,0.16922967298868857,0.17262198200434362,0.350086160568794,0.8200510275133568,2.1880290261017223,2.597483623400602,0,0,0.0005486684460053897,-0.0004314842605027192,5.9522752705953864e-05,-1.8019451831660426e-05,0.00020631433559986038,8.493064877412092e-05,-4.5966558401564314e-05,8.718902560737911e-06,-2.636379021170604e-05,0.02410013432777916,-0.00047113172675736,0.014470707243545756,-0.0021359067777501814,0.008271559924655898,-0.0002760059090754037,-0.012488089331280776,-0.00030403799917315166,0.017926741554522067,-0.002687239042007988,0.0008624879246869946,0.016324248388157794,0.005583144106589337,-0.0005201368556978921,-0.015142628311501077,4.683976475696824e-06,-0.0003320952276243454,-0.0020969916125076816,-0.0027822052801864724,0.0006690430755289168,-0.0012239871658321828,0.001713184308924452,1.368983829541103e-05,-3.128618033342712e-05,-1.0598278080590709e-06,-0.00014938032975236832,4.740314876895115e-05,2.121409238977545e-05,6.766463922297385e-06,5.582367602570558e-06,0.010676796584933302,-0.00012826851281652035,0.00588862349895037,-0.0006434912623919744,0.0029388003042999894,3.4465847863560525e-05,-0.0015003293882248823,2.3539071933245594e-05,0.008917905131532445,-0.002389846831267046,0.0012609062495133644,0.004952037068326111,0.002258916259086374,0.0002915130515593969,-0.008393335324524964,0.0001206679667125977,0.00015982825040686407,-0.0019368535569507664,1.319234300663914e-19,-1.4985002559495498e-19,-0.0004819507683011327,0.5136452174586169
2023-09-01,2023-12-01,-0.4069281653197976,0.5276703091220398,0.7671587581585941,0.7644150872156394,-1.9632623566956984,0.8734743084290099,0.35438294103572904,99.99999999999999,0.6175304767149052,-1.0536275614551842,2.6442149909501196,1.7003510972565472,1.9340007158670067,0.8567340369306222,1.297991153647311,2.6114447613848166,3.066441338778087,1.8020831385864966,0.16276159549110347,0.16292645875444156,0.7204403745708567,1.1616974912875455,2.475151099025051,2.9301476764183216,0,0,0.0005674654956432971,-0.00014061289319169923,1.84204693864605e-05,4.0044736280517585e-05,1.6757937724461668e-05,0.00010693715967815274,-6.139903526358718e-05,0.000421268412532044,3.0802252644452745e-06,0.02841904348983765,-0.0005984090019048123,0.013232344658090206,-0.003698757723438455,0.012688395326686227,0.0016614315350598975,-0.010103926407876225,-0.0003064263023189108,0.013002957208787583,0.0035635537048148602,0.002207734617432349,0.009472785414752051,0.007132976248107006,-0.004296036015022772,-0.012519828676238331,0.0002920097406653117,0.0003731368073766605,0.0008625778488050639,-0.005277147498901646,-0.0003985563560511801,0.0012881587622148207,-3.2080403404713616e-05,0.0001022206756127609,-3.390060494316846e-07,-3.9172819508099224e-06,-6.159596613198852e-05,5.7999008934576154e-05,-9.24715062015982e-05,-7.154384211433508e-05,2.628700806968532e-06,0.0014357581294634394,0.00035238514845736677,0.0041674474115369915,-0.0007313051768211464,0.002408149643926109,7.449757323106148e-05,-0.0031009455727268732,-0.00021840181517068905,0.007606684548694567,0.000796917667972495,0.0015073963974162885,0.002923698964736792,0.0015320754227111238,-0.0012863713412703027,-0.005570888064413363,5.5850734679157655e-05,-1.5935141201094026e-05,-2.625394765012237e-19,-0.00169909836735959,2.9817781463253136e-19,0.00012194234939794007,0.5426358248236404
2023-12-01,2024-03-01,3.344001218156833,0.5061486027194901,1.6978235918329831,1.7125482652534083,-2.4713615536727906,8.053407466944567,0.8516848033712524,36.23516632922766,0.41709984651648174,-0.5577503540919923,2.624465661101567,1.0394923498330932,0.33002919597375735,-0.7467214916470457,-0.312256635761088,1.0127863231564342,1.440296152887111,0.20349204529388487,0.30232533252406957,0.30689927654969185,-0.5532276934852423,-0.11876283759928452,1.2062801213182377,1.6337899510489144,0,0,-8.728614800987594e-05,-0.00018724864405872155,2.0230501840833562e-05,-4.867456027108343e-06,0.0001990983270084827,0.00012747021485515583,-1.3131680137674804e-05,-6.561255163358853e-05,1.1466758339665503e-05,0.020235438852459535,-0.0005301745625167999,0.01712183997829961,-0.005381896869795855,0.01250077747013222,0.0032842493174749126,-0.010228953753815903,-0.0013535024622542782,0.017613463461033253,0.0035251181773231794,0.0029246753559298245,0.010112354607124273,0.0071347846861107385,-0.008115996362952823,-0.016153834543335542,-0.0002080438200116855,-0.00044651241759422313,0.0015928050357390644,0.00299094631635573,0.0005394613620245701,-0.0012470241703433666,-0.0005928378731846598,5.0482000751353185e-05,-0.0002462206219637766,-9.593131007767288e-06,-3.353202895297929e-05,-0.0001093125162132841,4.868473796048278e-06,-2.1583556812376893e-05,3.040797922965929e-08,0.012930272220395821,7.426154026480115e-06,0.005472614303774917,-0.0023635089158686715,0.0023119156312996496,0.0008846798457620162,-0.003132609479805173,0.0003527579967173569,0.008601382051382505,0.001659160868535697,0.0023359870300013325,0.003379489589389288,0.004049278095392329,-0.0029885895342885195,-0.004734990843265611,-6.655575728829064e-05,-8.577697637687268e-05,0.002042131063639728,-3.154855665850076e-19,-4.717677462998747e-19,-8.704631795791781e-05,0.5300599106951621
2024-03-01,2024-06-01,2.362819660421067,0.6946846843087862,1.0469000593449098,1.0546081563919303,-2.1040597040118554,2.78267429852912,0.7348757299080548,43.770239722474,-1.1779817343812564,3.8415717208225737,2.6768786092804864,1.3193296569814272,0.902295912953357,-0.2690133358486854,0.2077911450001552,1.5673661382585098,1.9996548341797518,0.7286247418761604,0.7405836646117684,0.7477314275663725,-0.9346403821091606,-0.45783590126032,0.9017390919980346,1.3340277879192766,0,0,0.002289151980392493,-0.0001578688780385084,1.4177971805511761e-05,-5.024003419540914e-06,-0.0001738265242139876,0.00011094050814185888,4.6091794013356356e-05,5.263713244005476e-05,1.4958395887368313e-05,0.01751627947608208,-0.002052573294632843,0.012880655226263792,-0.004591670501199797,0.009695429222429294,0.002389709641344436,-0.005435199355336962,-0.0029363357731789727,0.017526652362461582,0.00817181165045535,-1.4632810163549877e-05,0.007561432038186423,0.005717407481039515,-0.0075708943872271565,-0.014168739336316941,-0.0002154731102363684,0.00042722456019994603,-0.0008054613429702674,0.004894064866876754,-0.0007437782271018912,0.001215669982482776,0.005143082981146692,-6.876568029858946e-05,-9.855547220981345e-05,0.0,3.905748507307664e-05,5.048830720111547e-07,-1.0235606943673147e-05,8.323629558153618e-06,2.633065944648341e-06,0.012333475434825873,-0.00012563272211832993,0.004462343045974014,-0.0012597690849278532,0.004119985884638187,0.0013029722742110145,-0.0021289307643418778,-0.0005910645974417493,0.008101478146407298,0.002168945979565704,0.0018091271999086185,0.001964017045559623,0.0012730489461642428,-0.0034490902468442236,-0.005463057708751372,4.1085499488991784e-05,0.00021001049716755702,5.438776612618871e-19,0.0013451407608084179,5.355216164999518e-19,0.00019338061436222417,0.5079144900225584
2024-06-01,2024-09-01,-1.9421145486806068,0.5512991340567563,1.513988236381945,1.5268545957173192,-2.3467347844090964,6.217111793261899,0.17043557137699616,49.94771682121782,0.8347087572998325,-1.630416210933065,2.632716250703068,0.8394445411443741,1.4627979618287148,0.3554915858169973,0.8094755229275474,2.1392826443225315,2.617925994645583,1.3249731783145258,0.22991335757955406,0.2309366953744182,0.08044961936998793,0.534433556480538,1.8642406778755218,2.3428840281985734,0,0,0.00030278208397939877,-0.0007007775230941348,-4.9678954236433876e-05,-1.5048213923239124e-05,-0.0,6.801475883627824e-05,6.947524267536702e-05,0.00011119489546179194,1.0023218033227478e-05,0.019335682512647757,0.00034229255147572404,0.013562213778612971,-0.004393846227401722,0.010630063308291979,0.004573371567844723,-0.018148567969034645,0.002117475660094745,0.014131406006211003,0.009596633148934794,0.0029004972603935593,0.01248024513352668,0.008144430534109445,-0.006873212605250054,-0.014891644023368206,-0.000670301346709409,-0.0005293693678399892,-0.0019144943583572864,-0.003068998869571002,0.0008884355586591228,-0.0012405263751821937,0.003316605093363833,6.418118285580084e-05,9.163571600213037e-07,2.20951287538994e-05,-7.803164869560502e-05,-2.320472527731219e-06,-2.3530536117339748e-05,4.8080090213737685e-06,2.6177196202709806e-06,0.0037521411100495377,0.0012934400660551742,0.006970075707209572,-0.0023226797266202408,0.005792501873529846,0.0015513504190184547,-0.006270403652694584,0.0009534299566122766,0.008993435169639338,0.00393885309085429,0.002920367804879819,0.003029168582766448,0.0025678097606989837,-0.0027339900534079776,-0.005328155789372283,1.7359594148201048e-05,6.1012993101876584e-05,-0.002592383547098795,1.3216152846081465e-19,-1.4383717368924658e-19,-0.00010898966072209648,0.5803128555781186
2024-09-01,2024-12-01,-1.2668136518691142,0.7967533006003796,1.2023238239023835,1.203921235666063,-2.188803790306471,4.258308567324234,0.22552130583775365,91.82792707550844,-0.18047197380107724,1.2260299727583517,2.656190257766712,0.6244731695070449,1.1403649076244184,0.0016361668655970208,0.4740722753010525,1.7945726665429977,2.2722973959997983,0.9411765824743235,0.5059010895941972,0.51140266322967,0.30822717726280285,0.7806632856982583,2.101163676940203,2.578888406397004,0,0,-0.001293167184499079,-1.2268090687532787e-05,4.0264150442491e-06,3.06732549903761e-06,-4.52731752401929e-05,0.00013438676720881222,5.8346640390580876e-05,1.6914406762001896e-05,-1.2440692572427867e-05,0.03788368829147369,0.0011375243156817128,0.012570085548777803,-0.0012171800457471695,0.01148287917532524,0.0011717955011490986,-0.020934715879344902,0.002111142729633715,0.01961034956413119,0.006030110268984013,0.0035033355913407674,0.009491162486572453,0.0047622052407917835,-0.007822837044516548,-0.015251533037628407,0.0003160082682569872,0.0003066957129079135,0.0009469647234938702,-0.0052230775745188964,-0.0009395687054414938,0.0013729905910364092,-0.0023993506769885427,-0.00013525638657448913,8.989391266986029e-05,-2.213073530773949e-06,-4.445212925803717e-05,-2.3639742651815233e-06,0.0001195996107403548,2.9233763780005417e-05,6.639480571160364e-06,0.022827044471966193,0.0008579192470504394,0.004715235901186192,-0.00011525715607663375,0.0051718847347680215,0.0005917182648319295,-0.007110924770037417,0.001481187497061376,0.007675340391869648,0.0034713221019543918,0.0014380422574586204,0.0033366542267918406,0.0022900155022949733,-0.0035842840337255585,-0.004595092772924499,1.7291196293121624e-06,-5.638971723584088e-05,-3.042288141975942e-19,-0.0019263504286706507,2.8654140785717803e-19,0.0001565743580221492,0.5618001246160735
2024-12-01,2025-03-01,2.212995154062014,0.7434000684149666,0.9294982364797107,0.948418668421558,-2.0425704785661103,2.159709715757953,0.7077746673893929,43.12581010336802,-0.3526226503982981,1.6988499127517145,2.6295853878334983,0.34172165348334,-0.02567711792842181,-1.1147015392230704,-0.6863478586439473,0.649706093512351,1.0874032352126621,-0.21152713503216347,0.17303383724971688,0.17367757862950609,-0.9246525488606356,-0.4962988682815126,0.8397550838747857,1.2774522255750969,0,0,-0.000673138670138649,-0.0001641544761062307,3.3132511006127137e-05,-1.4331488719172923e-05,2.966375714883439e-05,1.342280842289861e-05,-0.0003498566011311049,0.000142578942483009,4.5468141888602944e-05,0.033336888256553246,-7.977061209267567e-05,0.007142992285629672,-0.0020261884722386114,0.008134745474650136,-0.001371956744822345,-0.015507519923775373,4.182361427055383e-05,0.015650681506742283,0.0047080643444174985,0.0006012822335045318,0.008675706162123941,0.00523999955219507,-0.008456604703589068,-0.014336317408707404,0.00016204993752641113,-9.89761419900648e-05,0.0024931140432153855,0.0031881349638183134,0.00109388107343826,-0.0012511949809380016,-0.0017685529218341874,0.00018741125753843612,1.2741128366474235e-05,-2.9108221085694795e-05,-4.3843442599168355e-06,-4.819008353802799e-06,-1.189968956366014e-06,-5.189480131281575e-05,9.393533854956762e-06,0.0030338439149897776,0.0005434767026765058,0.003218012163419786,-0.0007268530638196787,0.00432265036590452,-0.00015464120524169244,-0.0034884575116200635,0.0004063219228587394,0.008458383086288044,0.0034639982113863423,0.0009174602788279753,0.0026730904345367576,0.002013704158492839,-0.0027966667954504223,-0.006411661492032209,-0.00011060093546665392,-0.0001641078918901173,0.0024178568958584425,-2.5064324746797077e-19,-3.995681968820597e-19,-0.0002712393732283626,0.5500055283043855
