Date,Target_date,Actual_direct,Forecast_median_direct,CRPS_direct_parametric,CRPS_direct_empirical,LogS_direct,RMSE_direct,PIT_direct,df_skewt_direct,nc_skewt_direct,loc_skewt_direct,scale_skewt_direct,Actual_YoY,Forecast_median_YoY,q05_YoY,q16_YoY,q84_YoY,q95_YoY,BaseEffect_YoY_expost,CRPS_YoY_timesafe_parametric,CRPS_YoY_timesafe_empirical,q05_YoY_timesafe,q16_YoY_timesafe,q84_YoY_timesafe,q95_YoY_timesafe,Violation90_YoY_timesafe,UpperViolation95_YoY_timesafe,SHAP_Shap_target_core_3m_lag2,SHAP_Shap_headline_1m_lag2,SHAP_Shap_core_1m_lag2,SHAP_Shap_sin_cycle_1_lag2,SHAP_Shap_cos_cycle_1_lag2,SHAP_Shap_sin_cycle_2_lag2,SHAP_Shap_cos_cycle_2_lag2,SHAP_Shap_Factor_1_lag2,SHAP_Shap_Factor_2_lag2,SHAP_Shap_Factor_3_lag2,SHAP_Shap_Factor_4_lag2,SHAP_Shap_Factor_5_lag2,SHAP_Shap_target_core_3m_lag3,SHAP_Shap_headline_1m_lag3,SHAP_Shap_core_1m_lag3,SHAP_Shap_sin_cycle_1_lag3,SHAP_Shap_cos_cycle_1_lag3,SHAP_Shap_sin_cycle_2_lag3,SHAP_Shap_cos_cycle_2_lag3,SHAP_Shap_Factor_1_lag3,SHAP_Shap_Factor_2_lag3,SHAP_Shap_Factor_3_lag3,SHAP_Shap_Factor_4_lag3,SHAP_Shap_Factor_5_lag3,SHAP_Shap_Constant
2012-09-01,2012-12-01,-0.3776404355736673,0.4579820735639096,0.7817403558444929,0.815760217995618,-2.0516499377175763,0.6982649777773797,0.39999219622477256,99.99999999923685,0.8789919442458909,-2.2571722297707955,2.997932079212355,-0.5585614490200008,-0.3496558217356066,-1.602503167261406,-1.1393697732797643,0.3547529235184449,0.8292786248497181,-0.464151340126584,0.18856480877950563,0.1965967622818362,-1.6405965204320045,-1.1774631264503628,0.3166595703478464,0.7911852716791197,0,0,-0.007894911652734959,-1.2850530421878426e-07,2.0690083101642953e-07,-1.1868972996421933e-05,-1.7101717123545166e-06,-3.0430820086876566e-06,-3.0559188086564546e-06,-2.5794610020210073e-05,-6.933053623036838e-07,3.020709852738092e-05,3.988302694718861e-06,6.2680043725925505e-06,-0.00328167217988425,2.6312714591291736e-07,-1.6213600056345356e-07,-1.5972799402348551e-06,-4.762161478796673e-06,-7.570713932357476e-07,1.7923770165924786e-06,-1.8680052395360797e-05,-1.1028725779983766e-06,8.296963597362628e-06,6.986616194927043e-07,-4.129151894647259e-06,0.4113416643696219
2012-12-01,2013-03-01,0.0964442201421889,0.3346447167945352,0.7224725789016484,0.7255803844621076,-2.035985220346439,0.05673947660542445,0.46346158421473294,99.99999999999999,-0.3623000776812304,1.4771531350103626,3.0331847551417725,-0.5559402157513382,-0.49639009158825165,-1.7219394917785016,-1.2434474673524711,0.29466883908344094,0.7982958291303028,-0.5800512707868855,0.2358501443495048,0.23534337927078608,-1.4570370863995932,-0.9785450619735627,0.5595712444623493,1.0631982345092112,0,0,0.0029297914474606785,6.382186367742325e-07,-8.192020535300126e-07,-1.0627262084320624e-05,1.1222277623039106e-05,-1.0339744441888641e-05,-4.898762621084498e-06,-2.974006852895768e-05,2.4043480829385046e-05,-2.0310650848398397e-05,-1.5172538358305283e-06,8.493048028248934e-07,0.000875979466546412,-5.399850012454623e-07,-4.542296039944429e-08,-7.249247875551508e-06,2.8141453393802718e-06,3.528254706162753e-06,-5.055573353406987e-07,-1.2316039287875586e-05,-3.821439999699008e-06,-6.3095881051200695e-06,-2.4525720605786176e-07,8.6415944908457e-07,0.35765695352959
2013-03-01,2013-06-01,1.152727611006199,0.5295520758464619,0.7542281648474964,0.7741131643398023,-2.0242510448729254,0.3883477476216248,0.5838212080044587,99.99999999999717,-8.114886095475581,21.590336956570127,2.5890900238316363,-0.2379100909859488,-0.39370397477588315,-1.714174991131296,-1.1659996090449538,0.33004351303834595,0.7534702175407553,-0.5260919937374986,0.37443705034118857,0.3761696498710508,-2.1803169358700476,-1.6321415537837054,-0.13609843170040564,0.2873282728020037,0,0,-0.0041697877908945654,-3.905282099163096e-06,1.1561130329991068e-06,-1.3378869737955548e-07,1.0742236510418471e-05,-1.2635278846746883e-05,4.524167328993004e-06,1.6659512482424445e-05,1.3076064391080573e-05,-1.6026376191902975e-05,-7.750694109105654e-06,-3.3887840491447856e-06,-0.0029598984073086402,1.8573589278862978e-07,4.953763063898284e-07,4.937442830306057e-06,2.2817060333347096e-06,-1.5969393994713728e-06,7.069720831089199e-07,-1.2813940642906583e-05,-1.0628545805351003e-05,-8.936847157647698e-06,-1.967039890097664e-06,-1.5813434379968613e-06,0.33834717810894693
2013-06-01,2013-09-01,-1.146325498309153,0.2403057807078261,0.9528685120684519,0.9459858466713172,-2.0969806454865516,1.9227463039482637,0.31411954706236905,69.4231171449219,2.425361221092897,-6.697140335072855,2.8587767802018735,-0.0686985256836081,0.2779592940706367,-0.8893160090316106,-0.41594904724726156,1.0223908746443335,1.541418485909077,0.21788284889368015,0.19865186232635199,0.19853967553056037,-1.0182708837191474,-0.5449039219347984,0.8934359999567967,1.41246361122154,0,0,0.005555164050769895,-1.5408363274809708e-06,1.0355936927547759e-06,-6.432029329266552e-06,-1.2867957375952379e-05,7.565264150785685e-06,-9.345739325474079e-07,-3.7708011243527145e-05,-4.1176530080822125e-05,-1.8893504151700924e-06,-9.168690280267459e-07,4.74262012248331e-06,0.0024812691196070213,-7.23193694797059e-07,1.5231400097900327e-07,9.911296793023771e-07,-6.854878018480793e-06,-2.3144721787053477e-06,2.6019422300352723e-06,-7.089007015365923e-06,-1.885148860708741e-06,2.3074642806217695e-05,5.177325444659416e-07,-9.44045626255708e-08,0.3350798622508275
2013-09-01,2013-12-01,-0.1680894260466914,0.40307444501243905,0.7309027438771245,0.7477327751920323,-2.022937795803813,0.326228167603251,0.42504525943348953,80.83578577379566,-3.192194321073138,9.492337728924193,2.842529429841919,-0.0163107733018641,0.12648019446291847,-1.1315035386269603,-0.6181569253046971,0.8200963305074486,1.3247648388217712,0.025711583209808708,0.17470295205923042,0.17872988360647324,-1.3384841746726774,-0.8251375613504143,0.6131156944617314,1.117784202776054,0,0,-0.0050986622717284396,-1.058905017342082e-06,-1.0230328242761656e-06,-1.6191037417377439e-06,1.9307647293361648e-05,3.910916368587075e-06,-1.9069749127140915e-06,3.842260778832392e-05,2.605620856850308e-05,-8.534726618101659e-06,-3.1692476702168426e-06,-1.222344823861009e-08,-0.0017555030962711445,-1.7036631607584734e-07,-8.485314132285848e-07,7.560486304308399e-06,-4.041095435678551e-06,-8.395482985861366e-08,-6.76475728178518e-07,3.6266412755101735e-06,2.3568367251279695e-06,3.983212353935873e-06,-3.1735833309755016e-07,-2.256869457208902e-06,0.352328096263724
2013-12-01,2014-03-01,0.4504806836468589,0.10723833584661327,0.6794179810243975,0.6917784324078733,-1.97512460820441,0.1178153093234248,0.5318716993425896,80.6872641102094,-1.0000557809576014,3.0812771241164736,2.851102517218238,0.0721983425743033,-0.013612244375758052,-1.175080445253738,-0.6776052166042363,0.72276279376425,1.2296721401132111,-0.04042182833741137,0.18038693990314214,0.17804774950714367,-0.9683407395903324,-0.4708655109408306,0.9295024994276557,1.4364118457766168,0,0,0.003931697098145915,5.23895892706599e-07,5.926786259523522e-08,1.3605274970241124e-05,1.466404221725784e-07,-6.47972147649549e-06,-4.507768237076737e-06,-1.3015342535272094e-05,-8.251513109263541e-06,1.3284250210599956e-05,9.594830944336302e-07,-5.414138899759047e-06,0.0017247808688905452,9.145351121815034e-07,-2.0681492105636824e-06,-3.3152037041474336e-06,-2.6415060256426437e-06,2.7524362173211658e-06,-1.2601869027512318e-06,-5.720564570719447e-06,1.892966634574643e-05,-7.436161924002583e-06,-1.0870332212751443e-06,-1.8413382566073773e-08,0.3212316643628065
2014-03-01,2014-06-01,0.7031114483968537,0.4512761526404445,0.7056955198444135,0.7155062699610045,-2.002905436579728,0.06342101618871808,0.5446672853838919,50.85609189331757,-1.1800215787185862,3.8243965271790867,2.9103673565400072,-0.0402056980780329,-0.10316452201713527,-1.3800446786056417,-0.8502231074123223,0.5941808042830442,1.0509160200041756,-0.2159835601772464,0.4386384966891066,0.4413824647059308,-2.0238663362173623,-1.494044765024043,-0.049640853328676446,0.40709436239245506,0,0,-0.006545315563132082,6.03343087836763e-09,1.380268509260141e-06,1.7365236654287716e-05,-3.267555650309198e-07,-2.388241141417994e-06,5.651427625324455e-07,-4.672626757798418e-05,4.2367282119758527e-05,-1.4995790489060434e-06,4.876276381956996e-07,3.230139947841677e-06,-0.003321221723667178,7.096984668599127e-07,-3.47673475537705e-07,-2.7546572634316037e-06,-2.8876571169643692e-06,4.599744957640198e-06,-5.411894896283347e-07,5.08463921912689e-06,-1.8620582929032164e-05,-4.02154482509633e-06,1.1681269167075219e-06,7.560469876286428e-07,0.29778395932808066
2014-06-01,2014-09-01,-0.9931052262324158,0.4121467033232096,0.9688853097305063,0.985016673043128,-2.1314094557976375,1.9747329855198084,0.31958331081977087,99.99999999999999,1.50400045468819,-4.1061827423690875,3.003529007758122,-0.0019006300588486,0.34941235233005763,-0.8980457086070163,-0.4185409888024186,1.116139221273875,1.582088080222267,0.2463756764992553,0.2272985879724149,0.2305877564840441,-0.9419612158782246,-0.4624564960736269,1.0722237140026667,1.5381725729510587,0,0,0.006721057702540491,8.490649469677833e-07,1.5860578233633102e-06,3.320193964650212e-05,-3.226460411496431e-07,-6.444288192591012e-06,-6.259804396426623e-06,1.9105631207271257e-06,-3.51428182802916e-05,1.593006295515738e-06,4.3050670414755903e-07,-2.1607709703112186e-06,0.004020345428180267,-8.268561049100224e-07,-5.61352380491283e-06,4.8458997945773834e-08,-4.098566956608657e-06,-8.906423678400215e-06,-2.2526334334509983e-06,-3.94946426639238e-06,6.843129122941457e-06,-9.374140493037933e-06,6.278927290815584e-07,7.62162738017963e-07,0.31148824215736126
2014-09-01,2014-12-01,0.860168108157211,0.16630163697402056,0.748306994325938,0.7650285489144835,-2.016681005762618,0.48145067983221324,0.5943341593975826,99.99999999999999,-0.3212447139854573,1.1006204456695057,2.906161820058597,0.2551637534921269,0.08169713569632933,-1.105136505405658,-0.6445717301623709,0.8002049295670102,1.3029509981340812,0.04012172645282419,0.22033056337417214,0.2243983185148939,-1.234764660971178,-0.7741998857278908,0.6705767740014903,1.1733228425685613,0,0,-0.005369541963730102,-1.2292486061025799e-06,1.858836919299152e-06,1.0604006093704907e-05,1.210132092956009e-05,1.1418550287653548e-06,2.7369184202002664e-06,-1.2816996465450006e-06,-6.9383202645891054e-06,6.271618152144539e-06,-3.3244096810433746e-06,-4.901217148246488e-07,-0.0017526571001720461,-1.7873072475431342e-08,-9.613896653004411e-08,-5.66362506163109e-06,3.8185978452242374e-06,-2.2081255597752558e-07,1.2516842036781377e-06,-9.058779724147001e-07,2.023743869255837e-05,5.197392744074842e-06,1.5704278680932318e-06,2.2253027603582204e-06,0.31390987961475897
2014-12-01,2015-03-01,-1.2841372129205553,0.2890792967401479,1.0380812175765002,1.0349777667930162,-2.1649078976542997,2.4750101862690053,0.2928575539127577,99.99999999998097,-1.8784756784215235,5.849444132833113,2.926384765169471,-0.1784907206497266,0.2148134067654492,-1.025597334139697,-0.4843607515975902,0.952632125597282,1.452550982918648,0.14254358258041222,0.28767819880287604,0.28568453964432877,-0.9620326928983653,-0.42079611035625863,1.0161967668386136,1.5161156241599796,0,0,0.0056593208964130365,-6.408647660596656e-07,7.391406229266117e-09,1.2853616426360351e-06,1.2029989592775564e-05,2.6811331667933415e-06,5.426779125107185e-06,-5.003516370484922e-06,2.396603850792246e-05,-3.9787640521481724e-05,1.647550948220087e-06,2.497869099782883e-06,0.002129504412763439,-1.1380801210712676e-06,4.411571257523954e-07,5.812061649149801e-06,7.28781399755782e-07,-4.3953906019350236e-07,8.626629359615995e-07,6.325705215203295e-06,-1.3922264021742769e-05,-4.057692659590587e-06,-1.2365319085854415e-07,-1.9187727143745167e-07,0.29451693873686924
2015-03-01,2015-06-01,-0.0308443696408033,0.4180075318646563,0.7136509570003621,0.7237072869105813,-2.015232683870021,0.20146802948506676,0.44953357836932617,99.99999999997918,-0.6031762210254691,2.1332263984838216,2.9563211651527994,-0.3619796751591408,-0.24976669978277594,-1.5547908318464443,-1.0174682678463332,0.44478143444063484,0.9331128450638081,-0.35426858274894,0.17365671880736216,0.17424289559175557,-1.6482653087509092,-1.110942744750798,0.35130695753617,0.8396383681593432,0,0,-0.008483862819835826,4.221369808686543e-07,3.108078643779683e-06,1.3140556890065007e-06,-7.109114421632756e-06,6.280364916683936e-06,4.2723082770510295e-06,-5.565346165710542e-06,1.1315434284112303e-05,3.45792434302762e-05,6.589715950339412e-07,-2.409869363192958e-07,-0.0026844698798556693,8.652289259173546e-09,-1.5233150301440555e-06,1.5077494705492272e-06,-7.799914475053595e-07,-6.1482512788844885e-06,3.3309558937242224e-06,1.6871570098519656e-06,-4.604248771821591e-07,7.89794895454101e-06,-3.6993481792198047e-07,8.326833566997128e-07,0.29744719343227705
2015-06-01,2015-09-01,-2.1904128510406906,0.32905805856340375,1.5135715533030305,1.5155171912824563,-2.397680765885444,6.347733664341282,0.19082892705574392,20.869243368024943,-0.5086468326503504,1.796434510976302,2.8054002177973905,-0.6613065813612096,-0.031438853960185975,-1.2513784831957178,-0.7211029878676997,0.7105018982377929,1.1787914107095108,-0.11370336860103691,0.3105664770593519,0.31021577612767426,-1.3697231746289542,-0.8394476793009361,0.5921572068045564,1.0604467192762743,0,0,0.0015036561595573722,8.440338042994203e-07,2.0155336615700524e-06,-8.624377708851445e-06,-1.038172462058389e-05,8.045887126549563e-06,1.1794322317312863e-06,1.6286231529026257e-05,-2.666487056139591e-06,4.699972802191522e-06,-1.9700546679006632e-06,-3.4520303178627754e-06,-0.00017151055775684417,-3.6384539737113643e-06,5.0964405071010106e-08,-9.747737796755022e-07,9.322906978459224e-07,-1.6391900045211407e-06,2.4705772147361257e-06,-7.390755139893136e-06,-3.86959387835305e-06,6.267146356090523e-06,1.1521314641473968e-07,2.0349579813775425e-08,0.25978364428516315
2015-09-01,2015-12-01,-0.0330302539186533,0.2638293043068675,0.659245920594735,0.6771397175123376,-1.936390403392367,0.08812559730985137,0.4629835628520897,29.118254984334897,0.8394448226325799,-2.0803846493975438,2.7206251187631803,-0.8846061718801757,-0.8103912823237954,-1.960708531116952,-1.5086095474326842,-0.13074356370361434,0.32722364494891437,-0.8763486084005123,0.16248823322517011,0.16688712087040883,-2.033942667540169,-1.5818436838559011,-0.2039777001268313,0.2539895085256974,0,0,-0.007658509415769228,-7.4580517600241965e-06,-1.4547774967886063e-07,-3.1986452815202786e-06,1.8789839300514768e-05,-1.8017028090967214e-06,8.161811173782974e-06,-1.754510277945881e-05,2.052867711026866e-05,-1.084833219190222e-05,-3.698695705061635e-07,-8.624021267843612e-07,-0.0027985293733703604,-4.712491396055791e-07,-4.420232016372549e-07,6.08224085699154e-06,3.393639679962175e-06,-6.208510409720972e-07,8.227243698786155e-07,3.0919377722929017e-06,-6.4061367528798155e-06,-7.460557909605717e-06,9.584088273793881e-07,-8.846788319427096e-09,0.25169564917875803
2015-12-01,2016-03-01,0.3201174337380763,0.047384221697951694,0.6657684838838592,0.6805742226639229,-1.9556025161643924,0.07438340494972355,0.5366043862533252,99.99999999999999,1.906287412412704,-5.232545328160235,2.770620422553649,-0.4835425102155177,-0.5517258132255489,-1.6932918757794782,-1.2323267348976867,0.15491082382328847,0.645868948347897,-0.5635718686500368,0.1731792563511117,0.17627541320191822,-1.5023340407504073,-1.041368899868616,0.3458686588523593,0.8368267833769678,0,0,0.00043602964273453627,-5.03079340493295e-06,-2.963948972282511e-07,8.140332978644053e-05,-2.6421757418582484e-05,-6.347932017056934e-07,-6.211191600253897e-06,-2.9268450208329955e-05,5.5831109642151655e-05,2.5579723712951048e-05,6.4229850864267425e-06,-7.418431972676115e-06,0.0002079154002532652,-5.154171569222324e-06,-3.822764876279901e-06,1.4073115130367573e-05,1.2509344619720762e-05,-3.0168815595463223e-06,1.082780741813754e-06,-2.6579992547102383e-05,3.0061494537394582e-05,1.8378327366472684e-05,7.442681834055258e-07,-1.5169325321885884e-06,0.21659351259403742
2016-03-01,2016-06-01,0.9796975052822176,0.1950708711077364,0.7286156536724377,0.7366376863909454,-1.967130936913028,0.6156389550559751,0.6149436132290584,48.0921591888912,1.0700630682619758,-2.700337172138119,2.6816957846281158,-0.2309070414847625,-0.4270637000283828,-1.5213121857069094,-1.0929315333723415,0.24990588269160097,0.7381081551743831,-0.4758314178053169,0.42224371755657786,0.4264608035897741,-2.0225749642176343,-1.5941943118830664,-0.2513568958191239,0.2368453766636582,0,0,-0.0003208124263182825,4.64872906448769e-06,-1.5466260037776323e-06,1.8673732395736925e-05,-3.98921228323025e-05,3.560383598922498e-05,1.2430278119954046e-05,-9.682804213382829e-05,8.748181759931131e-06,-6.436605696218432e-05,-4.219802258989547e-06,4.864671935837381e-07,-0.0003586429638525997,1.6282291333742586e-06,1.6276160276839593e-06,-3.86239580054202e-05,3.7900074600788622e-06,-5.402988221480807e-06,-3.6989502500218588e-06,-3.718092381605671e-05,3.548658752285869e-05,-1.5498218082857108e-05,3.5796953088448782e-06,-3.2635595629407652e-06,0.20450286723799513
2016-06-01,2016-09-01,-1.815359700584196,0.26018463875628495,1.2182442956105644,1.2315016355785573,-2.210225098211933,4.307884304568313,0.2279918374121222,99.99999999999999,-1.1204289870270667,3.263116329406781,2.7054523930658294,-0.1371437538706388,0.3817423309644814,-0.7685254785995631,-0.3219880161419024,1.053030081279224,1.4942917045422588,0.31669617127541017,0.3495633392633974,0.3540495310372558,-0.6905610583324339,-0.2440235958747732,1.1309945015463532,1.572256124809388,0,0,0.0008981388770862155,-2.4661608685089238e-06,-1.5495262397588978e-05,-2.3793647141962106e-05,2.799193557350851e-05,9.288293432427321e-06,-2.3248924783367806e-05,-2.225227266684929e-05,-0.00011440497631010638,-1.650420057173278e-05,-1.177771352089221e-06,-2.0232053301848734e-06,0.0006306127956180676,2.1213316576388897e-06,-5.027107414833548e-06,-7.749049814417904e-06,1.250830838022339e-05,-5.459360378464791e-06,1.5662559368709142e-06,4.2691499653872494e-07,-6.536724866058081e-05,1.3289947354233504e-06,-3.933632085980344e-06,2.8167133330897606e-06,0.21996292064085995
2016-09-01,2016-12-01,-0.7824456943136937,0.06754066121771328,0.7771404526452234,0.7540804554142394,-1.968880995519858,0.7224768045895634,0.3554085009400591,99.99999999975934,3.5075370019585437,-8.974038003510763,2.612339030746649,-0.3244976139693989,-0.11200102508654716,-1.181497900713323,-0.7172735088587988,0.6235896281168821,1.1001157627769025,-0.12888619039097549,0.2033774705537358,0.1974933043673199,-1.1517556948423702,-0.6875313029878459,0.653331833987835,1.1298579686478554,0,0,-0.0008677793579037656,-4.954958393859812e-06,-3.153940231712867e-08,-1.905106223971859e-05,3.9502364433003277e-07,1.2325542862224841e-05,1.269007515376937e-05,-0.0001698607360137611,-9.275843065116918e-05,3.8352309971575576e-05,-6.4428923237393284e-06,9.340283230604361e-07,-0.00032756932993446917,1.0672710916598257e-05,-1.2278154471779262e-06,-1.4332323234253688e-05,2.77307710219989e-05,4.49404171002634e-06,-7.487550788456979e-06,1.5345927424725047e-06,2.8504123043300944e-05,2.7994903085038178e-05,9.068872229380734e-07,-4.2680066512022427e-07,0.2240598634163232
2016-12-01,2017-03-01,2.0911708156543085,0.18756939182238913,1.1252357628806626,1.1344789060537557,-2.184040875869348,3.623698380814911,0.7428990227685119,99.99999999994918,2.3450821590398054,-6.2663086411449935,2.7676875048214318,0.1182657315096591,-0.3576346244483207,-1.497119768956015,-1.04780148100735,0.35825157918577183,0.8240484159558362,-0.404526972403918,0.1898856249736718,0.19651264986158176,-1.2463662421791781,-0.7970479542305131,0.6090051059626087,1.074801942732673,0,0,-2.499958654034351e-05,-1.332550421419758e-06,-3.5028687012126237e-07,0.00010889281344279545,-2.4921677097109603e-05,-2.6904745334973758e-05,-2.1126055601051294e-05,-9.989811034706387e-05,-0.00010884824769471555,-6.243573082943036e-05,2.3006295184600883e-05,4.849465581880619e-06,1.684232229369926e-05,5.260213779048864e-07,7.934172116084762e-06,1.9916123473279383e-06,-2.5630489760141212e-05,4.253460377824176e-06,6.583825278209924e-07,-2.734240155364751e-06,-3.045661533757101e-05,3.5391889268821375e-05,4.576943094904643e-06,-4.683532654823158e-06,0.19841774345150096
2017-03-01,2017-06-01,1.3545437525600337,0.10648200466982902,0.8533889643408954,0.881737871196186,-2.0202050881724927,1.557658126546753,0.6773454721149776,99.99999999998673,1.1436857942676655,-2.9494610790132443,2.6716691779312507,0.211977293329113,-0.10003814364343802,-1.1987550221096117,-0.7708943635693282,0.5882194565446592,1.0032092112411652,-0.12665864481089528,0.7909510692711539,0.7945373338409284,-2.037675448163547,-1.6098147896232633,-0.2507009695092759,0.1642887851872301,1,1,-6.21785750473755e-05,2.5850617583564443e-05,5.986881153540837e-06,-1.3458834187348957e-05,-6.408325063567168e-05,-1.7151912495352847e-05,1.6463054006247335e-05,-7.851697983299383e-05,-0.0001321764664912513,1.3158820981309589e-05,-3.041647468719459e-06,-4.935337518968096e-06,-0.00024886790147701776,-5.568250656861016e-07,-4.249973725296301e-07,1.7234806032266937e-05,-2.3568572816697445e-06,8.722360930005627e-06,-3.6333584215312684e-06,-2.0850487902697572e-06,-2.999584600932297e-06,-1.0583076257492249e-05,2.5952222008200725e-06,2.609569696632754e-06,0.1728776540640462
2017-06-01,2017-09-01,-0.6207146680448972,0.16820757812852538,0.7411472688614481,0.744604433204336,-1.9717033815210925,0.6223983105073183,0.3813972596796549,99.99999999999774,0.8522040399528726,-2.127151933771971,2.7313301870309896,0.5106385514639378,0.7078691130072934,-0.4203221952610213,0.02982936390173238,1.4015719975416976,1.8425412847108142,0.6658172184751621,0.18296664401851814,0.18365411740823578,-0.4303393847665503,0.01981217439620339,1.3915548080361686,1.8325240952052853,0,0,0.0013670349764954653,-2.9678769136209352e-05,-3.5976057337006407e-06,-2.751483510484628e-05,-6.244545732683888e-07,-5.471079228439564e-05,1.237842224456812e-06,-3.994964920745985e-05,0.00032574089054296834,-3.25024649003135e-05,7.330703087135684e-06,6.762157764437626e-06,0.000825484901712689,5.997241127844576e-09,5.6570158650278425e-06,2.629982634086441e-06,1.878688408098128e-05,-2.9567295285994427e-05,-4.475770642158549e-06,-5.946023332106264e-06,-2.1221078106918796e-05,1.1006122437437097e-05,1.7712369437200898e-06,4.2066565349239156e-07,0.2072755259526701
2017-09-01,2017-12-01,-0.0016051622019119,0.1865793268686185,0.6793911960383896,0.6869265287839691,-1.9749123515414242,0.035413401926736573,0.46618350682810084,99.99999999991464,0.8018057601359383,-2.052895440930158,2.8544646426274163,0.7058486844918832,0.7528948067595158,-0.44359597252605704,0.07511790434448391,1.5212208838183443,1.9405741259848104,0.7062499750423612,0.1712569870536786,0.17577276448353643,-0.5833424037258179,-0.06462852685527702,1.3814744526185834,1.8008276947850494,0,0,-0.00041065614706442083,-5.128837358805908e-06,-5.819226858974548e-06,3.485240406041877e-05,1.0094134222085178e-05,1.8296009640973027e-05,3.268350834459847e-05,-5.190623847611517e-05,-0.00013882006689533536,-5.2315389416517414e-05,-3.125467462458918e-06,1.1249040735678973e-06,-0.00021217601391120423,4.5388321382400995e-07,6.778037288512174e-06,-4.9896395044821275e-06,-9.53228076101649e-07,2.2445859156419625e-05,7.809301554085882e-06,8.657160862719511e-06,4.278197230117133e-05,-2.816383990297338e-06,-6.549913601165911e-07,1.7967018977191954e-06,0.22211335463835283
2017-12-01,2018-03-01,1.5759727900821474,0.19546807012151277,0.9056085985437137,0.9337030447805007,-2.04472285037682,1.9057932818335903,0.6908791272220188,99.99999999999999,-1.4327480409456428,4.11742984958075,2.7162295280745816,0.5770491780988429,0.23192299810868428,-0.9217007066229188,-0.4325720725894528,0.946143939720822,1.3382893550446904,0.18305598057830608,0.20356092263143644,0.210042641321408,-0.8559105707641068,-0.3667819367306408,1.0119340755796338,1.4040794909035024,0,0,0.00024140253185737652,-8.194345827111762e-07,-3.408383322587265e-07,-4.8127582228503686e-05,-2.2826695670041722e-05,-9.059256175784308e-06,-1.970674886994591e-05,-4.014997790791589e-05,-9.784213595329696e-05,-2.4937154630852934e-05,1.694747778866606e-05,8.648204241299176e-08,0.0001304314224251757,-2.575095418229699e-06,-6.850673604061624e-06,-1.0009016486668183e-05,3.581959894917697e-05,3.491144865226832e-06,-2.6909394549352905e-06,-2.1158479106501156e-05,4.889381895016163e-05,4.751621130461128e-05,-3.6113370518159247e-06,-7.736673931419963e-07,0.2173987139822039
2018-03-01,2018-06-01,0.9553723500452804,0.28556170754889465,0.6820717497898181,0.7180022402558278,-1.931073412810482,0.4486462968014211,0.5859034835937276,99.99999999999999,-1.9417667003362427,5.560512435642446,2.6658270097333707,0.4772563274701547,0.3098036668460582,-0.7943426269767186,-0.34028191395155316,1.0135754407797053,1.3995203262998166,0.23841323995883457,0.7328148597743084,0.7370467814082706,-1.7274163497000508,-1.2733556366748853,0.08050171805637318,0.46644660357648443,1,1,-0.00014771816732332932,-1.8874670317637146e-06,1.3200524063827422e-06,2.7139164025322762e-05,-4.264062154801694e-05,-4.7580204481015225e-05,1.0576657059685491e-05,-9.327057928320123e-05,1.8706289035116035e-06,1.2713520287288958e-05,-1.0388372311553316e-06,-9.238443680487036e-06,-0.00045785874989966613,4.6727729970861155e-07,8.473812099199689e-07,-2.5307073174117918e-06,7.84261980838364e-06,4.113269098068929e-06,-1.8374684631426366e-06,-2.1486438231728362e-05,-2.1768313355696103e-05,-1.6164682444053037e-05,-1.9188067486624302e-06,5.410510807594264e-06,0.1935175442554242
2018-06-01,2018-09-01,-1.052914313060782,0.1334048641829859,0.851091547054564,0.8496347984059343,-2.0164657999814475,1.4073531902963305,0.3231058285204452,91.82015430873498,-0.5989859950799761,1.7881724740014702,2.674430186737572,0.3692064162161834,0.6657862105271255,-0.48220074410750957,0.032128575642998945,1.3620800074299821,1.7703206350182026,0.632434994481379,0.2205607556584268,0.2202583963173955,-0.4608693670663202,0.053459952684188315,1.3834113844711715,1.791652012059392,0,0,0.0011083057307409642,-1.751890961239297e-05,-1.714358193057651e-05,-7.126291655469866e-05,1.500553201027476e-05,-2.698555204218436e-05,-4.102121278030347e-05,-2.384995179691206e-05,5.6411572908685904e-05,5.4365973080365666e-05,3.4639361274465416e-06,-1.1580105732632388e-05,0.0009202960040302466,-1.2725758534421007e-06,7.993252207440977e-06,-1.3348915147874071e-05,3.238315565013761e-06,-7.389154931173493e-06,-3.901786953386843e-06,-4.098926009552569e-06,-4.64515107603397e-05,-2.7512122976884536e-06,-2.672179014875925e-07,-1.7407699822399566e-07,0.22425875426289518
2018-09-01,2018-12-01,-0.2399584943781008,0.34312726627685736,0.6693567972420034,0.685371950231929,-1.9155203000646104,0.3399890042785712,0.41309198464201646,99.9999999999971,-0.22423396289936817,0.9328745926472083,2.6352700420123294,0.3096180831721362,0.4553895233358758,-0.6516414762475332,-0.21874118988256003,1.1055190420612098,1.5403408683145194,0.36960770676666144,0.16982945590485174,0.1739708574998042,-0.6379488907611975,-0.20504860439622435,1.1192116275475454,1.5540334538008551,0,0,-0.0004940029295301645,1.5652932623691736e-05,-6.282439217293066e-07,-2.1894873717810565e-05,2.1944597922568755e-05,6.688409691956257e-06,2.093117651429869e-05,5.652741304704466e-06,-8.409166230338934e-05,-2.9315350562943105e-05,-1.1311701757667566e-07,2.820364732815611e-07,-0.00019064019810056387,9.62011303937086e-06,5.277477784455843e-06,1.8302468139933718e-06,-1.0492729460864243e-05,1.7620047163852705e-05,-6.715041562946492e-06,-1.8115786425250003e-05,8.611601229608098e-06,3.755884701034968e-05,-1.1562285834231084e-05,1.7975677310030975e-06,0.24071366910879685
2018-12-01,2019-03-01,2.32035246439466,0.2664852776899812,1.2726267933520459,1.278638486758195,-2.215425918253464,4.2183704206221915,0.7910234107520192,20.53105120993157,-0.5939300028095096,1.7528707441295341,2.5892668380418735,0.4957130017502642,-0.01775379492590532,-1.1800510076652007,-0.7309435805955768,0.6111039090485728,1.0536674909434287,-0.08437511434840061,0.23732692854483994,0.23789801897103668,-1.0209574077045982,-0.5718499806349744,0.7701975090091753,1.2127610909040312,0,0,-0.0002130838917393825,1.358311364470022e-06,-9.760783681594969e-07,6.374634631967316e-05,-1.521326495844641e-05,-4.483756472820115e-06,-3.6437047261994994e-05,-2.85647988965496e-05,9.412006439810869e-06,9.795458850696562e-05,3.2641969558930583e-06,-1.6374638349591424e-05,6.681274804731242e-05,-2.1758204897485295e-06,-3.902092792332087e-06,-6.680767116750603e-06,-9.852975997924681e-09,-1.222489209820998e-05,6.560170752862446e-06,6.385838103389251e-06,-3.361917727518536e-05,-3.1530016289412234e-05,9.026011059554132e-06,-2.7938187769240043e-06,0.21865433740569634
2019-03-01,2019-06-01,1.7648368491855138,0.016068668171215793,1.035541481013302,1.0601959551872704,-2.1157958958688616,3.058190150928056,0.7302402364622516,99.99999999998113,0.7222147799918947,-1.8738405304799166,2.711667174782915,0.6980791265353226,0.2608870812817481,-0.8400824968256401,-0.39569009928568166,0.9817564309841995,1.4111989201205513,0.2568699142389441,1.0075511043050185,1.0168946822881384,-1.8053603419611328,-1.3609679444211744,0.016478585848706925,0.4459210749850586,1,1,0.00011853808848785303,-1.0475696856138738e-06,7.545519220993154e-07,3.349890370267028e-05,4.500125009563132e-05,7.856678647045921e-06,2.8673150985373792e-05,-1.1190597888098501e-06,-4.4103561662563173e-07,-5.012652050659363e-06,1.2873470400783117e-05,-1.9940316190974765e-05,-0.0004113529766572341,1.180964142702824e-06,1.618056250376332e-06,2.536838426728389e-05,3.4826398506743893e-06,7.5352003372771315e-06,-1.0581352777909198e-06,-3.3231768623843996e-08,2.4840191367776056e-05,-3.505934304522589e-06,-6.681707685606455e-06,-2.7292088371791854e-06,0.203230529568491
2019-06-01,2019-09-01,-2.3722442701160418,0.4788123015908643,1.6918534416599993,1.7139823237194012,-2.460385896708466,8.128523575073137,0.14326915293105397,35.22544357420958,0.021538418233292805,0.3488029602643093,2.566772320040013,0.3682466372715076,1.081010780198234,-0.006168509077401175,0.4163480545894143,1.700172878362761,2.1424892346865225,0.9613077048005181,0.300413316555413,0.30485365675260434,-0.19731527410851502,0.2252012895583005,1.5090261133316472,1.951342469655409,0,0,0.001408560925463346,5.106098629195053e-06,2.8749172586006903e-06,-4.698709103832608e-06,4.80999908484063e-06,-2.6154665630154765e-05,-1.8346907242087357e-05,-7.309181906839935e-05,2.554355882120876e-05,-4.9506633838211866e-05,2.1175034013027054e-05,-7.654858810464396e-06,0.001057124570231183,-1.061298437460961e-06,-1.0360900032115023e-05,-6.753676761963987e-06,1.379327188126807e-05,3.888241383124873e-06,2.728600862689655e-06,-1.1293982666130603e-05,2.0047119876519918e-05,3.7682175138484305e-05,9.819871931438627e-07,1.688059198794006e-07,0.24816164346478162
2019-09-01,2019-12-01,-0.2362861701342922,0.38631637569022104,0.678460668624985,0.6842076357426987,-1.9180563734514942,0.3876339300671651,0.40504388863647933,51.324982630262426,-0.17523612088338344,0.8587080199765621,2.6209631064360983,0.3691647183324598,0.5248153547885881,-0.5518759796980649,-0.13358151406018945,1.1928091236585026,1.6404385223826239,0.42823626086603284,0.17997535529825537,0.18179085209350304,-0.5042855195917478,-0.08599105395387238,1.2403995837648196,1.688028982488941,0,0,-0.0007913522776786989,-1.1781196977803671e-05,3.113381542662822e-07,-1.1602556010190632e-05,-1.826387118258748e-05,-1.3552835762042958e-05,8.163969267920157e-06,-5.3531195997383606e-05,-9.231827240061509e-05,-0.00010966506858427223,1.742883511725557e-05,1.7476322918293873e-07,-0.00022733588534566283,5.3633372891543e-07,-9.809200066359519e-07,6.117228188584629e-06,-3.203171669905805e-08,-1.177577281792991e-06,-1.7633058328736578e-06,-9.158922156702045e-06,-4.490582399510473e-05,9.893458694668208e-06,4.746883767718581e-06,-1.9081425057168155e-06,0.26409362928972036
2019-12-01,2020-03-01,0.5229891382363405,0.23454721042683258,0.6211403773285036,0.6155134734361039,-1.867456606245813,0.08319874571846539,0.5490890174915625,14.16106501302206,0.28056711580599764,-0.5079830982527433,2.5054121529937783,-0.0801761132071199,-0.1522865951594969,-1.2528850488674816,-0.8077448637096384,0.4998979709319392,0.9382298618730621,-0.21092339776620506,0.16095709737797298,0.1605177773563795,-1.2979343596872486,-0.8527941745294053,0.4548486601121723,0.8931805510532952,0,0,-0.00019280236822168595,4.3379135588127014e-07,2.2482607574990703e-07,-2.8772145333519726e-05,3.3334072130571526e-06,-2.2721616336106607e-05,-5.112688774765655e-07,-3.1364242558989434e-05,-8.481292380573136e-05,-5.01411693730941e-05,-3.0320379274926336e-08,-1.928709456290078e-05,-0.00012926986080777264,-6.662803484562358e-06,1.1873255087913801e-05,7.563896440295058e-06,3.264514096822686e-05,6.687965431779387e-07,1.277101172670607e-06,1.9011839212493685e-06,-1.6563002149152073e-05,-2.6299764719283408e-05,-7.209308856813264e-06,-7.575459605227418e-07,0.24014403089791855
2020-03-01,2020-06-01,-0.9469006988442884,0.20708249865557765,0.8099228731397112,0.8254033058587541,-1.9855708867058601,1.3316772201120148,0.33562508994356555,99.99999999999999,0.37943911322608564,-0.8274348305350778,2.6484113116169534,-0.7581105002145705,-0.46961470083960394,-1.570083257969055,-1.161248638126806,0.19837414307149975,0.6172270976530237,-0.5213853255034984,0.23437803201778515,0.23732787044266296,-2.2189250061720878,-1.8100903863298388,-0.4504676051315331,-0.031614650550009095,0,0,-0.0001672499667677209,4.8861286586168484e-06,-8.651525508315612e-07,1.820895469625385e-05,-1.4644563302251828e-05,1.3806715261603678e-05,3.6902450423619016e-05,-3.888206037549254e-05,-7.067849919812933e-06,2.132886980260794e-05,4.989394062410765e-06,-3.039275121097106e-06,-0.0003437396524011814,-6.225921764902017e-07,-1.136266291040611e-06,-2.674442689757917e-05,1.2090627307685106e-05,1.047531605155927e-05,3.0514995219344236e-06,2.78947912547484e-06,-2.0595904653257487e-06,-1.208989397185836e-05,1.4933760143670088e-05,6.836315702499631e-07,0.214259057782225
2020-06-01,2020-09-01,-0.5949512108923471,0.20896556413490686,0.6967886104112497,0.7188575579034505,-1.907329386054709,0.6462821811702205,0.3757762724041397,99.99999999999999,-1.2459570042625125,3.3690615886316437,2.5273981137915698,-0.3137872354086468,-0.11280804165183334,-1.1414241114432966,-0.7590327967405632,0.5176917834551732,0.9219463310994056,-0.16504943268556005,0.18018028108506529,0.18594081558527656,-1.1185840095110433,-0.73619269480831,0.5405318853874265,0.9447864330316589,0,0,0.00014325864100101846,-6.614519921583386e-06,-6.897902006349348e-06,-8.864595269481274e-05,4.6543763701977774e-05,4.0662127576600405e-05,-2.5012191578353547e-05,-2.466459092827367e-05,-2.0356784391263093e-05,-8.570467571940275e-05,-2.368471461314731e-06,-1.3441635755500057e-05,0.0002466634154522175,2.3726088923828144e-06,6.9773568520102915e-06,-5.779096015074486e-06,1.619343719217463e-05,-2.0582712425801953e-05,2.2347824998006654e-06,-1.5876169085816668e-06,-1.2941923909554958e-05,-2.4393282641835265e-05,-3.056058259418302e-06,9.343885283674813e-08,0.21940773801665592
2020-09-01,2020-12-01,-0.4069928757562735,0.25644744313745194,0.6545946558127838,0.663262918130243,-1.8795594805755231,0.4401530567338081,0.4092052311410962,45.7831729845627,1.42075681312625,-3.4198902278095953,2.51928270099326,-0.3564639118141421,-0.1906038320907108,-1.2443503569842391,-0.8420322488352852,0.4442222883381523,0.9049072305292106,-0.2547156928750738,0.15884306606453688,0.16057952020047395,-1.2737247720801121,-0.8714066639311582,0.4148478732422793,0.8755328154333376,0,0,-0.00025323755979296373,-8.119229845305499e-08,1.0367123177391231e-06,3.7149975100737445e-05,5.719200707260089e-05,2.387988999825691e-05,1.826158697107671e-06,-0.00010027043447502082,-2.8216055028180065e-06,-6.873912995111218e-06,2.3770345132400792e-05,2.4689030917673124e-06,-0.00015944541860205545,7.575333812854137e-07,-6.617018597686285e-06,3.0891537606422873e-06,1.1513930165847693e-05,1.6846854435398862e-05,1.930076157407218e-06,-2.0211257188531353e-05,4.777803828707015e-07,-0.00010628644880989052,6.155741898476285e-07,3.299205450357254e-07,0.21763171679408105
2020-12-01,2021-03-01,0.4501466149896771,0.23794014606190234,0.6210093946280337,0.6316492609233394,-1.8850554676195759,0.045031585454794645,0.5347289273180222,99.99999999999999,-0.2532043196782904,0.8847889022314342,2.6112300697727213,-0.374674542625808,-0.4277261598577517,-1.4987658864477489,-1.1241546341036508,0.23873848049531196,0.6320537487412276,-0.4872111963732273,0.16340575678383706,0.16791810913937533,-1.3125393956671545,-0.9379281433230565,0.4249649712759063,0.8182802395218219,0,0,3.988963166572513e-05,-3.2292694915018993e-06,3.3338342737894176e-07,9.406530863364001e-05,-2.3689626177762836e-05,1.6839886788111353e-05,-7.480293717617288e-06,-7.509450252614318e-05,-3.2322337477772873e-07,-0.00013835757632825896,-7.035635001552827e-06,1.9878324729915506e-06,8.082731150017729e-05,-4.373653577170451e-06,1.7430794808522678e-06,9.091550375908298e-06,2.2843528173306935e-05,-2.38919983666734e-05,-3.904172202861147e-06,-0.00012546621878860667,3.4101323775686088e-06,3.3909306113967064e-05,-8.033875976118267e-05,1.5396639937967067e-06,0.19808718134689032
2021-03-01,2021-06-01,1.5611880645320042,0.17918167949741864,0.8911197478464247,0.9012510911773786,-1.9963602452894298,1.9099416482763634,0.710839155447853,70.2955491481814,-0.23911027107668656,0.7648707365796019,2.503700803500766,0.2523476482182651,-0.09315394804038123,-1.133888054268315,-0.748471210736922,0.515774044137237,0.9538373811010911,-0.1379493679147359,0.3762028424400441,0.3784741125869654,-1.4090568824742,-1.0236400389428073,0.24060521593135198,0.678668552895206,0,0,-0.0003495786535144905,-7.333379374280041e-06,2.024999408013895e-06,1.9198966264924215e-05,8.442057455233012e-06,2.7182141927693473e-05,2.1039517411008095e-05,-0.000689185944601549,-0.00018594953281268962,-0.00011160378564138728,1.3496245248956766e-06,-3.187159387678238e-05,-0.0002469043569246978,1.065952346172215e-07,5.533194977118819e-07,3.383999420574013e-05,2.4111776674223796e-06,4.100297155033196e-06,6.002821858464534e-06,-6.279504615478197e-05,3.1990565422700194e-05,5.33028306639166e-06,3.810459924026658e-06,-1.234131579234437e-05,0.19093341730037586
2021-06-01,2021-09-01,0.2657714880815121,0.21182866086574795,0.600663821642323,0.604842937214891,-1.8609578719866828,0.002909828608029783,0.5105650688357267,99.99999999999996,3.2561417793181726,-7.930779755031353,2.490070927296248,0.4675283229617299,0.45404261615778896,-0.5621775135494363,-0.18363929444913196,1.099878262931322,1.519245272321614,0.40108545094135195,0.17827053085423353,0.1788952908226557,-0.7596778005950963,-0.3811395814947919,0.9023779758856618,1.3217449852759542,0,0,0.0010043975761698809,1.168835041497212e-06,-3.554499987934432e-06,-6.037269184568122e-05,3.4679164877602156e-05,-1.6795230916001008e-06,-2.9469010395174615e-05,7.64037642741572e-05,-0.0006589340840170291,6.20339396590473e-06,-5.499770076246429e-06,-4.748692092842979e-06,0.0003460543630020575,-3.2820245104012224e-07,-2.0900627664574723e-06,1.150126147090955e-05,2.6488865744089293e-05,-1.84440687484992e-05,9.741778313812963e-06,5.0832212969066345e-06,4.300331362084337e-06,-4.726932372281229e-05,-7.819779551523738e-06,1.501326358001813e-06,0.20056785627075294
2021-09-01,2021-12-01,0.9811871319595156,0.1337100949376385,0.7042749551407833,0.7142297461168846,-1.9127785682285519,0.71821732827938,0.6278377799969292,49.28097995823572,0.8310687018451487,-1.957368070852173,2.521609817788161,0.8145733248906772,0.602704065635208,-0.4311715729790704,-0.029604222632238063,1.229026557633408,1.702613192042231,0.5692765419007983,0.2898473917771158,0.2939713727638933,-0.7090730246894088,-0.3075056743425765,0.9511251059230699,1.4247117403318925,0,0,-4.002885728390675e-06,-2.036667186361796e-05,-2.2633495900959e-05,8.921871181244295e-08,-6.797766539802478e-05,1.5070557211261477e-05,9.453504237399941e-06,-6.617596474037787e-05,-0.00014484689558742233,2.0396194185873015e-05,-3.247694569584901e-05,-2.849891243473278e-07,-1.2334451873374963e-05,-2.736925685599108e-06,-4.036308810049567e-06,-4.672315513598265e-06,8.71339428459045e-06,1.2422453325262285e-05,-5.53765788596751e-06,2.1769892637375892e-05,2.3189016897253038e-05,1.7951036554594864e-06,2.8406542312974283e-06,-6.270751120433411e-07,0.21052252944202857
2021-12-01,2022-03-01,2.780689772097489,0.19987837144262433,1.5212637945434626,1.5376133506212746,-2.363878344478538,6.660587485750124,0.8415377632240988,55.11893044276958,0.9856597409850077,-2.190744083918283,2.468771075421987,1.3972091141676302,0.752006264003914,-0.25843556632317244,0.1583492609930653,1.4022162440200987,1.8094957528968936,0.702036671143258,0.4125381666335527,0.41677876370198047,-0.3044697336151364,0.1123150937011013,1.3561820767281347,1.7634615856049296,0,0,0.000608752744889296,-4.03805230340565e-06,3.731988266945859e-06,4.719515397435127e-05,-3.6488239908847324e-06,-2.4392002569968756e-06,-1.5455600031843124e-05,3.8428540787972315e-07,0.00011270523223027609,-2.7090904485970198e-05,-7.74981083773851e-06,8.189341319817032e-06,0.0003929887731761241,-9.383077826322161e-07,-3.4895794482288094e-06,4.100560948345834e-06,1.4929578029528372e-05,-1.5507636970946368e-06,-1.649351287909882e-06,-1.1518086426581412e-05,-2.0233487689564274e-05,3.5109517270350615e-07,4.2222788312097315e-06,1.1455469209331083e-06,0.22358751156928625
2022-03-01,2022-06-01,3.5784655497131723,0.23033660168699213,2.147133193024705,2.1677953466204314,-2.755933839984584,11.209967452610897,0.9113524180885062,99.99999999999983,1.6776517291651667,-3.8234266503515397,2.4145021821266366,1.9015284854629224,1.0644962484563771,0.05958503818249195,0.4676025164576149,1.6721437968565172,2.089551638848491,1.006912098034629,1.3622404727519648,1.3760063411001275,-0.8170689912882328,-0.4090515130131099,0.7954897673857924,1.2128976093777664,1,1,0.0007812291512609178,-1.9999923329282673e-06,-6.40382671432616e-06,5.438514722132015e-05,4.342346005416468e-05,-1.0261419713592022e-05,4.525180378053886e-05,1.0739975832700374e-05,-7.750570814110027e-05,6.084810647331839e-05,-6.872844272468022e-06,-6.752603025325576e-06,-0.00010110419577938167,6.553557522136175e-07,1.31225301873174e-06,-1.0409383122681143e-05,-1.1094722097902659e-05,1.9254048490118847e-05,-4.888011996861765e-06,-1.0772061129712847e-05,-1.6010620351266224e-05,-9.586561332571716e-06,2.3272915313451524e-06,-2.145177427681708e-06,0.2122058606011336
2022-06-01,2022-09-01,0.5685502391997943,0.41679226663200897,0.591102440093307,0.5976385796856248,-1.8368113248567979,0.023030482237884686,0.5273166313331159,99.99999999998494,-3.851407724545959,9.701572138611446,2.4096769106774003,1.9772231732424927,1.9392836801005464,0.8631860767232236,1.3010607960179434,2.563491799758093,2.922347530415862,1.8350856134425442,0.4251538405570832,0.42941688148387763,0.21619136509498874,0.6540660843897086,1.9164970881298584,2.2753528187876273,0,0,0.0015176417399002096,2.3054944368314115e-06,-8.207271548087877e-06,-3.877363737173381e-05,4.531567862888674e-06,5.608388810714811e-07,-3.235828742091529e-05,2.5854193429144735e-05,1.997704738941107e-05,-3.149603415979791e-05,1.526516896189409e-05,-1.4604688094193042e-05,0.0008728682386461489,-5.5909352813189376e-08,-5.27024755955104e-06,-1.0627103506582239e-05,1.9129011775078226e-05,-1.7035676335748673e-05,3.562921035070078e-06,-7.40304196372082e-06,1.0784304108249896e-05,-1.2514304141292838e-05,2.372517271944634e-06,3.4293877304851562e-06,0.2566879941636386
2022-09-01,2022-12-01,0.8631807809706515,0.3596391356623182,0.6471801568831147,0.6422341942306473,-1.8789741310868249,0.25355418855982337,0.5849222094341469,45.32907019101854,-0.6302168911828334,1.9237477106127807,2.5384026295590876,1.9477215854952767,1.8218361741681934,0.7149321037128635,1.1629602723212031,2.4459847180872365,2.8548574652330645,1.7319263902526139,0.2654319868922762,0.2678088738647263,0.41412685000593746,0.8621550186142771,2.1451794643803104,2.5540522115261384,0,0,0.0004877174644640714,-3.0815826223839314e-05,-3.5179766776949385e-06,-1.647692504092368e-06,-0.00010035728875085427,1.0174604743822977e-05,1.3481766520801203e-05,5.321407336561853e-07,3.453062670944249e-05,-7.894560964950663e-05,-7.415535027973153e-06,-8.912697765549212e-06,0.0004268846130536116,1.8645995786981337e-06,1.276980287288116e-06,1.8447180826018284e-06,1.2594258847503343e-07,6.800730179477638e-06,-6.706254941445452e-06,-5.355197850367262e-06,2.2424907011404704e-05,-7.192567460314553e-06,-1.3420472716392765e-05,-1.247259352152164e-05,0.3022294262772409
2022-12-01,2023-03-01,3.856031921887748,0.2576564337550816,2.37791361826499,2.3970280225820964,-2.8935636566526406,12.948306153594007,0.9263354052222632,99.99999999999999,-0.2347144347914761,0.8190976959207871,2.4836860608378375,2.2165571229428416,1.3169632509096751,0.29386677690052676,0.6833547067737745,1.9225030543543116,2.322216786626489,1.2525491424709045,0.7636136483854667,0.7707207130666759,0.10360956076777694,0.4930974906410247,1.7322458382215618,2.131959570493739,1,1,0.0002975465280560521,-5.61529633386622e-06,3.6763067002997857e-06,3.958215055934686e-05,2.4123453791373106e-07,5.399843833138582e-06,-2.3556268124139332e-05,7.63324297177557e-05,2.3014227472080526e-06,-4.30424827636008e-05,1.1747020047860756e-05,3.154988639849511e-05,0.00020929494921680187,-4.123865624282862e-07,-4.3351388991543186e-07,-1.145126196082373e-06,1.3581468123838132e-05,-6.34568100657941e-06,9.16377519818376e-06,1.59769935329441e-05,-3.1944557303376606e-06,4.3195600693865514e-05,2.571850086329185e-08,-6.689145053856247e-06,0.3062207301972456
2023-03-01,2023-06-01,1.706622084439502,0.29102550476692074,0.8836178190005741,0.8877043841799596,-1.996580278222977,2.0039136763807104,0.7121167486616571,99.99999999967096,2.316309744860732,-5.343739103519525,2.4355623584343524,1.748596256624424,1.3946971117062787,0.43074556627234967,0.7636360608601156,2.0338669466735317,2.425380297830101,1.3219407355145485,0.9517804124128006,0.9601775003522983,-0.5201310828728439,-0.18724058828507809,1.082990297528338,1.4745036486849075,1,1,0.001564497276345449,-1.1721249268757348e-07,-8.962815340043324e-06,-1.5591393615934253e-05,-4.940892723101433e-05,2.0311089272479446e-05,9.04695984936252e-06,8.26411855655919e-05,-1.540728784468722e-06,-8.066899525628981e-05,-1.772978810364259e-06,-9.033057194688769e-06,0.00018848249273833659,4.786084291733386e-07,-1.9557758479715677e-07,-1.5793974183779004e-05,-4.855685024241593e-07,-3.510782988664377e-07,5.174122787508997e-07,1.0228434836966032e-05,1.4787157045072232e-06,-9.728626327376918e-06,-4.597694604996806e-06,-1.1000595730186354e-05,0.3162900082083946
2023-06-01,2023-09-01,-1.0789631902348162,0.26195356209124887,0.8674001515634286,0.8717238002020788,-1.9849201625501354,1.7980577366686816,0.30184339385441483,99.99999999999999,2.2046876016368504,-5.335422544037529,2.524382873368951,1.3367178992657711,1.6719470873472875,0.6516109945940782,1.0314086888894551,2.30115470298291,2.781758224366451,1.6064586968244754,0.158675992438794,0.16253622924899647,0.4392798685353603,0.8190775628307371,2.088823576924192,2.569427098307733,0,0,0.000813693581047883,-2.7693388057205365e-05,-2.4928199375101985e-05,-4.5834457772252195e-05,8.073087468700703e-06,-2.7914408189001907e-05,-2.6275517284574663e-05,0.00011478333018390757,-9.818381276162972e-06,3.050626617971753e-06,-1.8129773211548942e-07,-1.1999659025986206e-06,0.0010178237078516993,4.0054944358442077e-07,3.447813468563421e-07,1.3465438956223746e-05,6.044233700391565e-06,1.6427195498708996e-06,-4.154398843342044e-06,2.864697068436728e-05,-1.2341943012824156e-05,-1.6224380257304457e-05,8.126095338284935e-06,-4.42280172461362e-09,0.35958135433526617
2023-09-01,2023-12-01,1.4774584148348424,0.29790326188140104,0.7872374518396856,0.8050201623129872,-1.9312762626516655,1.3913503588590166,0.6879263954316814,17.636872229287015,0.660596389832806,-1.2557618550038272,2.3228266731740197,1.490287307731819,1.1953985194934589,0.23555173925592426,0.6242588397796808,1.8138602250811662,2.2529329358087193,1.1209227040231085,0.18449871879483828,0.18872908826278176,0.2701745814446383,0.6588816819683948,1.8484830672698802,2.2875557779974334,0,0,-0.00033814716375131797,-1.4899668132354456e-05,-4.723060515231207e-06,-8.027686535545133e-05,-6.093639550994077e-05,-1.1333690708088392e-05,2.9871063908204526e-05,0.0002335009365448632,-1.7084992575446918e-05,-2.602929778106078e-05,7.165855647904935e-06,-2.95181254337476e-06,-1.771745292965207e-05,1.0300563988983351e-07,6.004149366032585e-07,-1.318763613681149e-06,8.544991001229071e-06,1.8656479611689995e-05,3.240562580628444e-07,-1.1724708846363759e-05,1.0889907940483707e-05,-2.0497742071703094e-05,-7.313613555029664e-06,-2.0723468174322616e-06,0.36539793109908947
2023-12-01,2024-03-01,1.9346626654904495,0.33900482096673645,0.9656113157847681,0.9758040855547016,-2.030463291169686,2.546123956790062,0.734731541206755,99.99999999999999,-0.8798394305934699,2.56553021139243,2.491727864648672,1.0099449936324945,0.6110305325015661,-0.40570315596991013,-0.027128237943781934,1.232922863887576,1.6237618596739365,0.526279327259882,0.33188786589583463,0.33168612537781117,-0.570006106886716,-0.19143118886058785,1.06861991297077,1.4594589087571306,0,0,0.0001191967797020643,-6.967325039603128e-06,-2.731566181687749e-08,-6.643546630312506e-05,3.6150810433699593e-06,-2.8853320441329575e-05,-2.0368573387976932e-05,4.6206583407326556e-05,8.452343244358688e-06,4.047549943856917e-05,-5.446666753728011e-07,-1.1487799948120879e-05,0.00015436389850442136,-2.4751003487511033e-06,-7.88964855439667e-06,5.99903546894324e-07,2.2869648324213065e-05,-1.9917051201138834e-05,-3.844180252264204e-06,2.3344055567047642e-05,-5.4684233765282e-06,-4.644784671719881e-05,1.530551648490511e-08,2.6726622807404146e-06,0.3674745236694927
2024-03-01,2024-06-01,2.092368016167967,0.34064575068013986,1.0631222644592686,1.0740519991811381,-2.0895959250843905,3.0685308954058055,0.7673642914072542,38.01728009092219,0.8089743875348657,-1.6224407862994163,2.3797928743099828,1.1063814765646107,0.6684509101926539,-0.3268423436123532,0.058857562717024706,1.2577888504640127,1.7190903250662066,0.583289472522619,0.8769896599861821,0.8852069328735954,-1.0969901453207185,-0.7112902389913405,0.48764104875564745,0.9489425233578415,1,1,0.0009549430714233142,6.988703343024813e-06,2.4857649889682294e-07,-2.822230634061255e-05,-1.523906258565877e-05,-5.522754971514852e-06,2.1788649835497477e-05,4.6505619132896626e-05,2.529958164613336e-05,3.422646527322756e-06,4.7834421785809385e-06,5.97524051540973e-08,-0.0001311117576966418,1.033995289561012e-06,5.074625260027614e-07,2.1524451661483234e-05,-2.628126981995542e-06,-5.660561507170368e-08,1.6298870559442584e-06,2.0801469572968138e-05,-1.9370294926877912e-05,2.6246109401659047e-05,-5.939390739344492e-07,6.397547265598342e-07,0.3575695982223661
2024-06-01,2024-09-01,-1.5974916197048827,0.4129963465047579,1.2188231490102266,1.244301514825428,-2.1737675943607497,4.042061862273777,0.20331917820654669,99.99999999999613,-0.7125325344897566,2.2013128938844257,2.4489476053049875,0.976749369197094,1.4793713607495043,0.4222450273056888,0.874102801004252,2.080636411469138,2.4856115409730846,1.3761222741233148,0.21698307019536334,0.2216090162653597,0.24989561585474385,0.701753389553307,1.908287000018193,2.3132621295221396,0,0,0.0010316491812919577,2.4761244966672753e-05,-1.364111770355033e-05,-3.322023746439139e-05,-1.2055647820279656e-05,2.9766796907769753e-06,2.2418717394008477e-07,0.00013773787125647736,-2.5261045275840356e-05,-7.629863439527199e-05,-2.787115138058798e-06,-4.056539484922169e-06,0.0009019595455217061,1.7143040239691003e-06,-2.378211801890223e-07,-1.2300651825097182e-05,-5.566239659036544e-06,-2.5770586900668493e-06,4.356350403002493e-06,-4.102467840363404e-05,1.3620853882453763e-05,1.3870732825700689e-05,6.09546966477953e-07,-4.34177664068629e-08,0.3917648029778515
2024-09-01,2024-12-01,0.1820884779537124,0.4115139458233369,0.5921449679355075,0.607861584234715,-1.8366669800912456,0.052636045307196094,0.46036996832859156,99.99999999999999,-1.7155521336210549,4.66479629982552,2.4624273638993057,0.6529068849768116,0.7102632519442177,-0.2937281713176095,0.08031089987863467,1.348611631619619,1.7352574695268712,0.6073847654883835,0.17032292766659846,0.17250784057387505,-0.15827032839186367,0.2157687428043805,1.4840694745453649,1.870715312452617,0,0,-0.0004575748772852391,-5.158507233286499e-06,9.162193435635614e-06,-3.2749389310389076e-05,8.153666741159279e-06,1.3345099879969318e-05,3.1807215128766935e-05,0.00011809495635193701,-1.9966150661707744e-06,9.205890007512132e-05,-8.839867849647114e-06,2.6921076035957265e-06,-8.382919903473112e-05,-3.399140546566664e-06,-2.8119604297208524e-06,-1.186466067575099e-05,-6.118195595603678e-07,-9.587175753614319e-06,6.2961327681932624e-06,-8.334617935826552e-06,1.2047333785670454e-06,3.659432667319774e-05,-1.4321103237442325e-06,7.281633735677122e-06,0.4033369147485524
2024-12-01,2025-03-01,3.069283205859108,0.2595643340458049,1.7626706827894716,1.7744639155865762,-2.513717105813355,7.894520138623821,0.8747823234645995,20.793496566123398,-0.1655391388175835,0.6285450219060161,2.4175021800953376,0.9365620200689762,0.2341323021156504,-0.814893034181789,-0.40720284945570134,0.8545339080225196,1.2523631624943519,0.16924121860419916,0.42946633318133876,0.4322504558494178,-0.7998505295573817,-0.39216034483129397,0.869576412646927,1.2674056671187592,0,0,-0.00019677692381942841,5.8111970992574e-07,-5.7296646900761965e-06,7.397198498854114e-05,4.0400227387171264e-06,1.3507012816558852e-05,-1.713728550845374e-05,-7.662919996975949e-06,-1.4179162499143515e-06,2.166183609022087e-05,-3.3280364054998786e-06,8.973916577847304e-06,-5.5541674807309676e-05,-4.213165669816675e-06,2.5052503186708805e-06,4.540923913311141e-06,-5.205979423511554e-07,-1.4347047055191447e-05,6.280588551643699e-06,3.657180019838537e-05,-8.239927800875642e-07,1.4844108435529347e-05,-3.8064065402103346e-07,-2.3268782426541195e-07,0.3880234879266114
