Date,Target_date,Actual_direct,Forecast_median_direct,CRPS_direct_parametric,CRPS_direct_empirical,LogS_direct,RMSE_direct,PIT_direct,df_skewt_direct,nc_skewt_direct,loc_skewt_direct,scale_skewt_direct,Actual_YoY,Forecast_median_YoY,q05_YoY,q16_YoY,q84_YoY,q95_YoY,BaseEffect_YoY_expost,CRPS_YoY_timesafe_parametric,CRPS_YoY_timesafe_empirical,q05_YoY_timesafe,q16_YoY_timesafe,q84_YoY_timesafe,q95_YoY_timesafe,Violation90_YoY_timesafe,UpperViolation95_YoY_timesafe,SHAP_Shap_target_core_3m_lag2,SHAP_Shap_PPI_lag2,SHAP_Shap_real_turnover_lag2,SHAP_Shap_retail_turnover_lag2,SHAP_Shap_Manufacturing_EU_lag2,SHAP_Shap_Vol_loans_lag2,SHAP_Shap_Exchange_Rate_CHF_lag2,SHAP_Shap_gdp_index_ch_lag2,SHAP_Shap_gdp_index_eu_lag2,SHAP_Shap_Business_Confidence_EU_lag2,SHAP_Shap_CH_2int_lag2,SHAP_Shap_oilprices_lag2,SHAP_Shap_unemployment_rate_lag2,SHAP_Shap_EU_fin_spread_lag2,SHAP_Shap_M2_change_lag2,SHAP_Shap_kofbarometer_lag2,SHAP_Shap_infl_e_current_year_lag2,SHAP_Shap_Wage_change_lag2,SHAP_Shap_M3_change_lag2,SHAP_Shap_M1_change_lag2,SHAP_Shap_Saron_Rate_lag2,SHAP_Shap_infl_e_next_year_lag2,SHAP_Shap_fin_spread_lag2,SHAP_Shap_variable_mortgages_lag2,SHAP_Shap_headline_1m_lag2,SHAP_Shap_core_1m_lag2,SHAP_Shap_sin_cycle_1_lag2,SHAP_Shap_cos_cycle_1_lag2,SHAP_Shap_sin_cycle_2_lag2,SHAP_Shap_cos_cycle_2_lag2,SHAP_Shap_target_core_3m_lag3,SHAP_Shap_PPI_lag3,SHAP_Shap_real_turnover_lag3,SHAP_Shap_retail_turnover_lag3,SHAP_Shap_Manufacturing_EU_lag3,SHAP_Shap_Vol_loans_lag3,SHAP_Shap_Exchange_Rate_CHF_lag3,SHAP_Shap_gdp_index_ch_lag3,SHAP_Shap_gdp_index_eu_lag3,SHAP_Shap_Business_Confidence_EU_lag3,SHAP_Shap_CH_2int_lag3,SHAP_Shap_oilprices_lag3,SHAP_Shap_unemployment_rate_lag3,SHAP_Shap_EU_fin_spread_lag3,SHAP_Shap_M2_change_lag3,SHAP_Shap_kofbarometer_lag3,SHAP_Shap_infl_e_current_year_lag3,SHAP_Shap_Wage_change_lag3,SHAP_Shap_M3_change_lag3,SHAP_Shap_M1_change_lag3,SHAP_Shap_Saron_Rate_lag3,SHAP_Shap_infl_e_next_year_lag3,SHAP_Shap_fin_spread_lag3,SHAP_Shap_variable_mortgages_lag3,SHAP_Shap_headline_1m_lag3,SHAP_Shap_core_1m_lag3,SHAP_Shap_sin_cycle_1_lag3,SHAP_Shap_cos_cycle_1_lag3,SHAP_Shap_sin_cycle_2_lag3,SHAP_Shap_cos_cycle_2_lag3,SHAP_Shap_Constant
2012-09-01,2012-12-01,-0.3776404355736673,0.5099592583091935,0.8043738308479408,0.8251313251527157,-2.0777046540494575,0.7878332165809481,0.39779963819322384,99.99999999999999,0.6751634029806891,-1.6594322870412253,3.073502046990484,-0.5585614490200008,-0.33666152554928563,-1.6048915471082843,-1.1325937591919097,0.4115465222980817,0.9388488485895942,-0.464151340126584,0.1940368881180827,0.19898629708949298,-1.6429849002788828,-1.1706871123625082,0.3734531691274832,0.9007554954189957,0,0,-1.2114127450155132e-07,1.677029973590102e-07,8.753489525833921e-08,-2.417321222222652e-07,8.582422087512741e-08,5.5367808222105924e-08,2.557932731310796e-08,1.2823258067539317e-07,-2.2340942379292605e-08,1.8291402837342271e-06,1.0929425762814855e-07,-1.7018622680899968e-05,9.9497312208852e-07,-3.103731052355943e-07,5.122948824319623e-07,3.4161941538485795e-05,1.864248186432966e-08,1.5298422390927736e-08,1.3225484685920302e-07,-8.233191835502812e-07,-1.7856782344018933e-09,-1.9925453603707123e-08,1.6666456547504813e-07,-6.191567072324348e-09,-5.1519985094769486e-08,-1.5444348181350516e-07,7.487536124872295e-08,-1.990669559605117e-07,-3.573618125156458e-07,-1.060063379686137e-07,6.44092919048053e-08,-9.78223980859225e-10,9.739507354762924e-08,6.013111768640065e-07,-3.56226247716112e-08,8.318896103693437e-09,-3.486676177812316e-08,6.690620821468719e-08,9.668966784519023e-09,-3.451543891247198e-07,9.49317414468817e-10,-1.786511841080719e-05,2.6816476377484764e-07,1.738017285215807e-06,2.829693566193998e-06,8.386899533749316e-06,-6.164642048597406e-08,6.33545185673405e-08,-1.428343257041187e-06,8.450923218980624e-07,2.9037829724090393e-09,4.130055531085565e-09,6.197629159415736e-08,-9.724591188938823e-07,8.873920971304507e-08,5.098743318243591e-08,-4.1950890882054426e-23,2.883677597330726e-07,4.094012240968661e-23,1.7233222158004887e-07,0.4093629522169913
2012-12-01,2013-03-01,0.0964442201421889,0.4265294638082312,0.7206076335075485,0.7186467495874843,-2.0067922212757465,0.10895626808607052,0.44596994027773484,13.33089714082111,0.22783354049658822,-0.17406567450912463,2.886946007900448,-0.5559402157513382,-0.4734189048348276,-1.6971588847309338,-1.1933897867566894,0.3077173382725539,0.8354478146421437,-0.5800512707868855,0.2454730120222925,0.24666320612324028,-1.4322564793520254,-0.9284873813777809,0.5726197436514623,1.1003502200210522,0,0,5.61918490896104e-08,9.239399142586498e-10,-5.590341106177253e-09,-2.5646280214432836e-08,2.3783697523182006e-08,2.374325675874549e-09,8.391928181805931e-08,5.152259086318771e-08,-8.036730876680142e-08,-1.652418593871515e-06,2.862848607614587e-08,1.4420659023820103e-05,-7.019163026194288e-07,-5.61621465932554e-07,-1.5377621733193184e-07,-1.4446188741855141e-05,-2.7431849933931154e-08,-8.143346951418937e-07,-1.3621658039374194e-07,3.788022636588155e-07,-3.714046572147391e-09,4.174301648795908e-07,-7.3254430979558994e-09,-7.995832745398888e-07,8.895597794456374e-09,1.8575423763267285e-09,-2.4665393600630837e-07,-1.5190238607032555e-07,2.7118294663136106e-07,5.845693217936848e-08,-2.3609692375408885e-08,3.493255300366739e-08,2.9089071257132666e-07,1.2907984999991122e-07,-8.832122090830365e-08,-1.7681788491971385e-08,3.2684100956238275e-07,-3.067396638082627e-08,1.223450443157973e-07,-7.147847986407536e-07,-2.4169541086437618e-08,1.8742695828449606e-05,5.33513721212969e-07,-1.0638229682556853e-06,-1.3740378536334727e-06,-2.633530414590901e-05,-8.14022807330126e-08,-4.574143209101051e-08,3.7410435523256595e-06,6.46232306916314e-06,6.5935633039464555e-09,-1.9168333029545276e-07,-1.6682422106547575e-07,-8.633027504237682e-08,3.720113671921043e-08,1.1069405355816282e-07,2.60895223351724e-07,-8.533874559744319e-26,9.021569639968573e-23,-1.918834899433546e-07,0.3720691625382716
2013-03-01,2013-06-01,1.152727611006199,0.44643557543737433,0.7660109481711538,0.7799878836435049,-2.026650679281968,0.49884843950795393,0.6005811040097491,99.99999999999991,-2.5532775385435524,7.8106120036884485,2.8936318716954985,-0.2379100909859488,-0.414483099878155,-1.6753528127294968,-1.1814868245214964,0.31388370504802027,0.7728853811479668,-0.5260919937374986,0.39085466499622784,0.3951583534470496,-2.1414947574682484,-1.647628769260248,-0.15225823969073132,0.3067434364092152,0,0,-5.691730619208869e-08,-4.22573716409447e-08,1.5390277272702761e-07,-2.84401172183631e-08,2.195707556794318e-07,5.148413872388355e-08,-2.921904633816601e-08,-3.1596050608588005e-07,5.3358223064196406e-09,-1.6747547883719598e-06,-3.299994970492307e-08,-3.4358731415177005e-06,-1.162529135476391e-06,5.59675826189637e-07,1.00909868617753e-07,-3.856439179731232e-05,8.906952951969038e-08,-2.0958028982405428e-07,2.8619572824706248e-06,9.773229080581037e-07,-1.911427845373576e-09,-5.705312750733182e-08,-4.5415441343077704e-08,1.1218503036755531e-07,2.1300729213119336e-08,-1.1004663358885721e-07,4.7496172140534974e-08,-4.03531482930391e-08,-2.3253690443320376e-07,-1.120423515881098e-08,-7.762185806790044e-09,-7.852181483328237e-08,1.2118259396997537e-07,-9.364354865258938e-09,0.0,-3.634041592134635e-08,-1.595459085396795e-09,-7.771503901756495e-08,3.9939603991425444e-08,9.026007738219782e-07,4.443369077640588e-08,-4.961997935538413e-05,-3.744819609735938e-07,1.0307825559066605e-06,-1.5018067998138997e-06,-1.9073933015165027e-07,1.692446721524814e-08,1.750695822825514e-07,-1.3501196938651958e-06,1.5406790270513276e-07,-2.0063177957960583e-09,2.837440049265833e-08,-6.17670249894744e-08,-1.0975535025765111e-06,7.329499670765559e-08,9.438196728276201e-08,-3.5868967965031476e-23,2.68328930012085e-07,2.0471524895477473e-22,-2.3172250987210476e-07,0.33582719082143253
2013-06-01,2013-09-01,-1.146325498309153,0.2733861387153187,0.9771681179749572,0.999183111661025,-2.132061620145743,2.0155811323027053,0.3145503311163202,47.812460513039625,0.5446859827406622,-1.331035595317034,2.978877362459497,-0.0686985256836081,0.2862293835725098,-0.9268039424213556,-0.4744526465122176,1.0310172900593464,1.551092389116824,0.21788284889368015,0.20455538287993952,0.2085336494636011,-1.0557588171088923,-0.6034075211997544,0.9020624153718095,1.4221375144292872,0,0,-4.0746265305751244e-07,-1.0534230305763686e-08,1.3782204173240894e-08,1.6490461662841668e-08,-1.1550226354895509e-08,3.90731843568304e-09,2.567188293933946e-08,-3.007018326111519e-08,-2.5171888066783184e-08,-5.057535769872921e-07,3.739170915366756e-09,5.253746913259027e-07,1.1198817872113914e-07,-9.147906011719268e-07,-2.054392710429859e-06,1.4768327821180754e-05,-2.7618751819988144e-07,-1.8423802149713577e-07,1.5160687660756412e-07,4.0251341867395275e-06,2.3466988506682826e-10,-8.795548104696315e-08,-3.007852554517519e-07,9.746458040435432e-08,-3.2066782913153727e-09,-4.298892087820923e-08,7.460819371153773e-08,-3.2091367485893087e-07,2.39995536050283e-07,1.941124490754977e-08,-1.597144577738958e-07,9.614243734970955e-09,-1.9004897513959254e-07,1.387892963542036e-07,5.85023709644211e-08,4.0922443772115576e-08,5.101580533047835e-07,-1.0758014194299393e-08,2.1886186024811883e-08,1.4877248339756527e-07,-5.6256919923876475e-09,6.252266084367486e-06,-9.755936021678679e-07,3.1833545221844026e-07,-1.2594819041518027e-06,-5.903412097590724e-06,1.6199127116327434e-08,1.1344976439612464e-08,2.3125878164101786e-06,1.074906032445182e-06,-4.438018915187454e-09,2.161451346614333e-08,2.6636271851762244e-07,-3.639171047188358e-07,3.739135334333338e-08,8.262411475004428e-08,1.1690234388225185e-07,1.0922473448525884e-23,-4.116669339690063e-24,1.475510030239543e-07,0.3399007168730507
2013-09-01,2013-12-01,-0.1680894260466914,0.3278115250740745,0.7325574619000378,0.7357506863037637,-2.021635273903161,0.24591775332248028,0.4299000895476747,66.69452236431319,0.4513044373225288,-0.9825996894580494,2.9547931031628587,-0.0163107733018641,0.10766446447832734,-1.1559381795764536,-0.6091012228404356,0.8633742991397242,1.3435919954683915,0.025711583209808708,0.17703356328457562,0.17914196143465982,-1.3629188156221708,-0.8160818588861527,0.656393663094007,1.1366113594226743,0,0,4.4903867781013277e-07,2.8275572629150163e-08,2.0035123537356967e-08,3.414717236108172e-08,4.735360718679877e-08,6.000516236496943e-08,2.292886230178467e-07,1.9818327731032105e-07,7.931299997512719e-08,2.7344302067081866e-06,2.931269535245964e-09,-1.0118260396141522e-05,-2.975907702744826e-07,3.7125305134117e-07,7.041678322822798e-07,1.2767437299024977e-05,-4.448612825320792e-08,-5.459976749455297e-08,-1.1436011855400209e-06,-1.6979500499123503e-06,-8.47009304578623e-10,-2.6037044191993676e-07,3.1435809924189324e-07,1.069428681163491e-06,9.064110386108991e-08,-1.6945486932196268e-07,-9.146633846154006e-08,-1.3888105438866122e-07,-1.6158299813861106e-07,1.923134427457263e-08,1.5676351750656812e-07,1.4729661126016317e-08,-1.0180542228435329e-07,1.2797653607382037e-07,1.1637279887863578e-08,9.018098861152763e-10,2.7021138737582583e-09,-1.2383401198362319e-07,4.0545483385706917e-08,3.4544775996096815e-06,1.522187384020156e-08,-2.8868848902396683e-06,1.1770239384083441e-07,5.542009069645915e-07,-2.50066954446427e-06,-7.6081696610597855e-06,4.2073497661891e-08,-1.0932505786167108e-07,3.978888190748775e-06,6.077276815828107e-07,1.4879266626334406e-09,-6.405559009438321e-08,-3.932775363153189e-08,-1.895317742938763e-07,-1.7205994425042284e-08,-8.670637177127942e-09,2.9385129112885197e-25,-3.0865385664623395e-07,-1.3793599322549038e-23,-9.79522535093631e-08,0.35699743478794904
2013-12-01,2014-03-01,0.4504806836468589,0.2729278285598441,0.7097336666873433,0.7258554734051885,-2.0217288301166483,0.031525016349550475,0.5290509556387291,99.99999999999999,0.30595403571170815,-0.6872764337522879,2.995569973577743,0.0721983425743033,0.027810128802549662,-1.2098181918655175,-0.733832322012859,0.7400118188218344,1.2707885231405749,-0.04042182833741137,0.18807679850961695,0.19513903949240902,-1.0030784862021118,-0.5270926163494533,0.9467515244852401,1.4775282288039806,0,0,1.51012143596658e-06,-2.404607745148348e-08,1.1861376382308585e-07,6.548480458300687e-08,-2.4335259766423028e-08,-8.262522886941749e-09,1.8598536118694157e-07,-2.3990193353005416e-07,-2.093813257113345e-07,-1.6985535565698433e-06,6.910004740733166e-10,1.8319042570828636e-05,5.705588076689494e-07,-5.4413299623742e-08,-1.2424484622227802e-06,-3.2628174581252045e-06,8.157821085075377e-09,1.808334583060399e-08,7.095372041057647e-07,2.1163049682326353e-06,1.9489056272822806e-10,-3.536716261628141e-08,7.633001517456067e-07,7.781988542653135e-07,-3.5806851654783156e-08,-4.166097958441951e-09,1.5529022316621654e-08,-2.4078719321395767e-09,-3.562543458909696e-08,-1.0273964925730814e-07,-2.2846127082381924e-08,1.1628678971568606e-08,3.253259204852531e-07,2.1188734918315713e-08,-1.0944913681691201e-07,2.0109524879857744e-08,-4.5881399632020936e-08,-9.528680910228849e-08,-5.7405133635010234e-08,2.069918620807252e-06,1.342706132890919e-09,1.5849042595563012e-05,-3.0152953618398126e-07,7.740309229511312e-07,-7.4218072452958e-08,1.1335510241569117e-05,4.700995783413734e-10,-1.4579925136921468e-07,8.358702469501931e-07,2.8914968431033237e-07,-2.599409591952309e-09,1.4626436608301987e-07,3.710995237274336e-07,2.8375409860082693e-08,-3.6979881542989825e-08,2.3087236281963566e-08,8.528610079328967e-08,1.2287966865726093e-23,3.1472809496459197e-24,-4.237821388366117e-08,0.3129254962175318
2014-03-01,2014-06-01,0.7031114483968537,0.27485158965381373,0.7044229970609814,0.7102763454174152,-1.9924147562779073,0.18340650661060853,0.5596199998223841,99.99999999999993,-1.1994534868883564,3.7317735615428203,2.8798733394142646,-0.0402056980780329,-0.14727066276379297,-1.3671820716710035,-0.8864619641333722,0.5869083012072679,1.0277241924133416,-0.2159835601772464,0.45676897010709905,0.45939057276481204,-2.011003729282724,-1.5302836217450928,-0.05691335640445274,0.383902534801621,0,0,-1.005916155235618e-07,-2.92099832834806e-08,-5.1953678751307974e-08,-1.1315966120336663e-08,5.611203266595394e-08,1.3057894750240726e-07,2.0650924804657993e-08,1.3545816801912407e-07,3.007476844432485e-08,-6.742894054159881e-07,2.9855538483613017e-09,1.8021882941587877e-05,-1.9716739040345777e-07,5.625342532553889e-07,-3.5274613806676404e-07,-4.202211790224677e-05,-6.730227824509528e-08,6.274847005707866e-08,4.083659301928485e-07,-7.677096116664153e-07,2.2308735012327357e-10,6.269678678225658e-08,-1.3056483613520523e-08,5.106877702158211e-07,-1.095607545708474e-07,7.143872635597762e-08,-2.28724990388116e-08,-2.2404437815370505e-07,4.0667890908404304e-08,-3.086373740581125e-08,-4.492442726790279e-08,2.034760057180398e-09,-5.129087397277832e-07,-0.0,-9.954175829136956e-09,3.819398861422493e-08,-1.3189263397718472e-07,1.294922642926481e-07,-1.7100547723823818e-07,-4.1457786866788404e-07,6.483589320110766e-09,1.88020291111795e-05,1.8293189957638537e-07,9.233301081087919e-07,-8.972183763798384e-07,-8.089856996000017e-06,5.722136152502512e-08,3.138742110613709e-08,-1.7501854694256645e-08,1.7031312435284293e-07,4.040513154360564e-10,-1.6347608569099026e-09,-2.435628938212472e-07,-2.0385477942047596e-07,-3.502012043907527e-08,1.2099162327039974e-07,-1.2980699262828802e-23,-1.6295952314839536e-09,-9.38692113946757e-23,-7.643648167423343e-08,0.30830403629552827
2014-06-01,2014-09-01,-0.9931052262324158,0.24311114347772356,0.8847736793527534,0.9017213082147923,-2.0488542995446366,1.528230912739316,0.32806396692213585,99.99999999984006,3.579952250060061,-9.600439966806379,2.748328391374296,-0.0019006300588486,0.30715346236868624,-0.8056601002604281,-0.3994642488166643,1.0450396307239223,1.51568433710176,0.2463756764992553,0.2070947227450104,0.21172988588116617,-0.8495756075316364,-0.4433797560878726,1.001124123452714,1.4717688298305518,0,0,-6.65125503310191e-07,-2.4344564946791754e-08,-1.6426482919705415e-08,2.030544057869892e-07,2.0771618997836036e-08,-6.764560804287674e-08,-7.040610112597081e-09,9.82889172841877e-08,4.491691154974712e-08,-3.208439470898343e-07,-1.1489480682405818e-08,-8.275530968023346e-06,1.935981285970852e-06,1.024252484580037e-08,-1.3834296020461002e-06,3.539325555978271e-06,2.499526090089066e-09,3.5329833535880947e-07,-5.660717037486677e-07,7.87951076660896e-08,-5.437843346651765e-11,-9.977713518407079e-08,-4.231773381659562e-07,2.515333354736108e-07,-1.6676250898285892e-08,-2.351771660595486e-09,1.1688238968104572e-07,-1.4715553092853863e-07,3.1927277355066086e-07,1.0296593628353486e-07,-1.9741059488685575e-07,1.2280203115937828e-08,-2.1647976313920407e-07,-2.990558704710839e-07,0.0,4.016931046359744e-09,-1.5556356736846085e-08,6.656922083431073e-08,-1.6493391828368344e-08,-1.8894156574022615e-07,5.727465341368721e-09,7.3892779720994415e-06,-4.757353777137313e-07,-1.3228270763419698e-07,8.898039920160243e-07,1.9764639411154042e-05,1.0556935105505876e-07,8.687740137930943e-08,8.923312006091351e-07,-1.0281930066306188e-06,1.9280463561969934e-09,-8.23874703088849e-08,-4.2571942129621214e-08,7.97570143959133e-07,-2.5328439971579978e-08,-4.25424648016079e-08,9.242296598322171e-08,-2.4698418414139874e-25,-7.780363491593008e-24,1.2092728613722702e-08,0.30254781122144164
2014-09-01,2014-12-01,0.860168108157211,0.28869060472511243,0.7200485053437017,0.7292067220334089,-1.9922114847135854,0.32658653692898426,0.5801987225967268,23.599062305488296,0.19889151347510317,-0.28678910599461904,2.825549106629764,0.2551637534921269,0.1122943776341023,-1.097270554249638,-0.6131852528793483,0.805231613274986,1.3861584060414691,0.04012172645282419,0.20982333317062404,0.2102592539144554,-1.2268987098151578,-0.7428134084448682,0.6756034577094662,1.2565302504759492,0,0,-3.718860093109156e-07,2.7950962382758702e-08,-3.244124361069593e-08,-9.805827362063526e-08,2.198151566756761e-08,1.0100583243860297e-08,-1.3958569960285255e-07,-5.216486132396833e-08,1.5048227706026868e-07,-1.2750669047609885e-08,-3.019251750225648e-09,-2.188026362572856e-05,4.3833998228435143e-07,-1.1875105709719212e-07,-2.3758499243776687e-07,-2.2152799806704804e-05,1.0276325275006407e-08,-1.4307157330919742e-07,3.956592125668877e-07,1.4000563738505392e-07,4.978095150887298e-09,6.886122766442876e-08,-7.705510098533115e-09,-1.8012669868446605e-06,-2.5726625305617033e-08,9.659297427795709e-08,3.899235696368577e-08,1.1884089512380848e-07,-1.8857319334779275e-07,8.1192439893609e-08,5.453751534982595e-08,1.5830006041425943e-09,1.2437480992108707e-07,1.760911241616602e-08,7.24698203289306e-08,3.4109950179925917e-07,1.4414845345363072e-08,7.952957418629696e-08,-1.8442814049341971e-07,-6.449944690786097e-08,2.742226135729588e-10,2.3885119912546746e-05,1.0070692010399379e-06,-7.46859877700398e-09,-1.0621133098555995e-07,1.4548494315973511e-05,-3.721255711764932e-08,1.0182612965081219e-08,-1.4681926873747702e-06,5.160299006284617e-08,1.7647623306755937e-10,8.482152224799514e-08,-1.4537971585548847e-07,1.7674636278851078e-07,1.3136502234506229e-08,-4.746073253529488e-08,2.797136678595809e-23,-1.133775979407475e-07,-1.0290173498867833e-23,2.9291665989742723e-07,0.3072493104389852
2014-12-01,2015-03-01,-1.2841372129205553,0.28500087880872693,1.0275562236514952,1.015477928860572,-2.1514874571237517,2.462194350915813,0.28566579637380607,99.99999995999896,-4.406280218510884,12.32643141062421,2.7114073148802333,-0.1784907206497266,0.21379380228259395,-1.0007499509254292,-0.49207685117145306,0.9465485959944071,1.3715882070156968,0.14254358258041222,0.28598274496608606,0.2829093542446457,-0.9371853096840976,-0.4285122099301215,1.0101132372357386,1.4351528482570284,0,0,-2.3725536825191128e-07,-1.9600490113611187e-08,-2.1439466128460475e-08,-1.425060950709343e-07,-4.551401439598706e-07,2.348828149174741e-08,-1.8949209738671268e-08,3.028334065554005e-08,1.040612496156356e-07,6.936471067366108e-07,-2.072912981171743e-09,-3.6643087831053713e-06,-5.725742646450819e-07,7.235707004097164e-08,1.540545648096558e-07,-1.2743823555833004e-05,2.0426090319462317e-08,2.2874100377886973e-07,-1.0056652945640842e-06,-5.6755224951202654e-08,2.348784081646174e-09,-6.180735876848997e-08,2.545248686230331e-08,-1.4646256666387074e-06,-6.368353672625781e-10,2.5671949231634937e-08,4.3527948650879274e-07,-5.802937166378038e-08,-1.5749061848690274e-07,-1.885635049141687e-07,-4.790923410623859e-07,-2.601170561111666e-08,-1.33648323861797e-07,7.502381592304414e-07,-1.0379814236001375e-08,9.001623206300538e-10,-3.1747437161487285e-08,-1.1572566351587105e-07,1.0231821999532079e-07,-5.372561791097518e-07,3.6451666601705466e-09,-1.3628125495039769e-05,3.0578636108012346e-07,-1.1035800984588912e-07,4.6448549883967575e-07,2.6090197143016924e-05,1.2011084736860895e-08,2.0347640021894238e-07,-3.9526720577958196e-07,5.500256637766969e-07,-3.4802055653504114e-09,2.1863167045282437e-08,-1.5991108382224452e-07,-3.333635920763732e-07,3.286135249482834e-08,-1.135421340291549e-08,-4.4784427030344076e-07,3.5781821378411295e-27,-1.3654654077851627e-22,-1.7582511043500013e-07,0.29933859795549383
2015-03-01,2015-06-01,-0.0308443696408033,0.352531377587148,0.6641576759755669,0.6699498349528341,-1.9355179142862666,0.14697696356258996,0.447974385179982,32.41105523183627,0.5139246251757769,-1.0799313671021216,2.7181073749464186,-0.3619796751591408,-0.26613573835215304,-1.419003424811751,-0.9489469615091092,0.42417248099190025,0.8907030371401917,-0.35426858274894,0.16137786276353241,0.162274523112409,-1.5124779017162158,-1.0424214384135742,0.3306980040874354,0.7972285602357269,0,0,7.184589002885068e-09,6.342416840128857e-09,3.0715145723433116e-08,-2.1676879321357498e-08,1.350023685445211e-07,-2.359951247686871e-08,3.969505932364051e-09,-9.697384385674377e-08,5.955194770027927e-08,7.238656601459968e-08,4.681068878213963e-08,-3.052632341745234e-05,1.7349130352678092e-06,4.819189211062214e-07,-1.0509017723597574e-06,8.704765503499771e-06,1.0027128395680313e-08,-1.0339167098641079e-07,1.19626530044305e-06,1.3993020219683558e-07,-1.4459710432369563e-09,-1.1281975413155661e-07,1.677140835347736e-08,-4.013230708227705e-07,-2.8186839201737722e-08,-1.6064910368435786e-07,-3.131240525075447e-08,-1.9059042785545968e-07,2.0270806999508287e-07,6.732725647682132e-08,1.1395081597570054e-08,5.2383114570037005e-09,-9.987857620607662e-09,-5.144400985448529e-08,2.2707276667124547e-08,5.7144685833459875e-08,2.0493047095513516e-07,3.1253388732574666e-07,-5.2256488429430694e-08,-2.072973846266002e-06,5.44045159524253e-09,-1.1320164458141604e-05,4.242781889997602e-07,-2.904271086389561e-07,-6.948448772680477e-07,-2.076461753947152e-05,-2.084168625584331e-08,-3.182888987628471e-08,1.9271522444997667e-06,-2.758270316214169e-07,-6.230323672967244e-09,-3.765048621959456e-08,-1.1737535285813252e-08,5.223941886759127e-07,1.7542116320193072e-07,2.5581569066189463e-08,2.1539567918062743e-23,2.2987385619675725e-07,-9.143561109995527e-23,2.1228342176165704e-07,0.3056407937226968
2015-06-01,2015-09-01,-2.1904128510406906,0.20848412837408992,1.4664755979799238,1.4608823605669794,-2.3372607798743354,5.754706717845358,0.19534700940747118,99.99999999999999,1.4107570201389203,-3.7695266098748665,2.854899065315602,-0.6613065813612096,-0.061582336507514435,-1.216187875130429,-0.7535512440661148,0.6854314637120761,1.164353498971786,-0.11370336860103691,0.3001738389840842,0.2990039580120713,-1.3345325665636654,-0.8718959354993513,0.5670867722788396,1.0460088075385496,0,0,-4.922710076461175e-07,-4.437290902655224e-08,2.99114731768053e-07,-5.356168549824625e-08,1.0907564967427554e-08,-6.680576047063602e-08,3.3559047819311445e-07,4.1547898255845114e-08,-2.3535506095341225e-07,6.986087165761723e-07,-3.7002442931693956e-07,-2.087684908805246e-05,-8.711884187854894e-07,2.8610974474864424e-08,-1.8787131505214534e-07,-7.342079050816738e-06,-2.9571347977218538e-08,3.1889673456803004e-08,-6.367224614667033e-07,1.3007132385584273e-08,-1.5137145105804474e-07,6.511237063317932e-08,-7.941447850498208e-08,9.806103485206797e-07,-3.7196338348118034e-08,-2.737120292840591e-09,1.3314054463291313e-07,1.7066261302876023e-07,-2.450214456852892e-07,-1.1702107590708232e-07,-3.2934179931348854e-09,2.6810527484672943e-08,2.2942513384039841e-07,5.899918745251075e-07,-9.149213082127792e-08,1.1763430734675404e-08,-1.2515602742272735e-06,2.869686080318881e-07,-7.593911807135032e-08,2.7499654352316415e-07,-2.7675279325529727e-07,1.4296267204987566e-05,7.636475168968327e-07,-2.1519404355165126e-07,-7.500986679793842e-07,6.0578077741175575e-06,-2.6946652241323317e-10,8.460060309777691e-08,7.660455561903843e-07,-1.2425119825664902e-07,3.514302165146326e-08,-4.311249523552051e-08,2.6765822999388663e-07,-9.025430417345755e-07,-3.1093949571069994e-09,-2.1437383118835597e-08,-2.564911875696191e-07,2.0730910208518155e-24,4.172583150243564e-24,1.191856436613416e-07,0.26236300201673546
2015-09-01,2015-12-01,-0.0330302539186533,0.26439282355098104,0.6686071921943723,0.6739608337334784,-1.9504180292051234,0.08846048701150813,0.4595378848942676,25.48378295609146,-0.03368796833270785,0.34440136040817726,2.7622721848688325,-0.8846061718801757,-0.810250402512767,-1.9871584776563056,-1.525612751449416,-0.10306054980218725,0.3302695302637132,-0.8763486084005123,0.1642849901337447,0.16514038258727004,-2.0603926140795226,-1.598846887872633,-0.17629468622540423,0.25703539384049623,0,0,6.990048243930308e-08,2.043883525598803e-08,8.594642571267906e-08,-8.175502393087073e-09,-4.021432489080309e-08,-2.6078236327612427e-09,3.034075651304164e-07,-3.5186456323367184e-08,-2.980639094101258e-07,1.2762364071294675e-07,-3.407372655015047e-07,-2.4566175211139805e-05,2.6241104265443163e-07,2.1565003965384818e-10,6.646504239322299e-08,-6.995113773430371e-07,-7.931720924083104e-08,-2.070244725119818e-08,-1.56238849644634e-07,-5.636417612794273e-10,-1.384427143365683e-07,-6.191670154389473e-09,2.8830227497173345e-07,6.321133569730546e-07,2.1620122709917403e-07,2.1195224087558574e-08,-3.643596490737904e-08,4.9322000298490245e-08,3.5911612464427896e-07,1.0436889809709995e-07,-1.2016764665589436e-07,2.2956748559522947e-07,2.7142778254754406e-07,1.7008388690826177e-07,-1.323365252386247e-07,-1.4523541832586174e-10,-1.7450148072730656e-07,-2.2475332212296878e-08,-7.526131895331892e-08,1.3967994322517057e-08,4.3365294013052195e-08,3.7877799699382936e-06,5.577254359835393e-07,1.3856344588092895e-07,-2.8933345646992154e-07,1.563577403453155e-05,-2.0961484715158882e-07,-1.270933936518333e-08,4.344663339260004e-09,-3.1231250076186885e-08,-2.191257869365961e-07,-4.017554439064483e-09,1.8186655098309524e-08,2.655429176840587e-07,-6.247768788939765e-09,4.784810912395882e-09,4.292929617198825e-23,-3.332086430827237e-07,-2.9853012098235325e-23,8.262903847480199e-08,0.2435504247758712
2015-12-01,2016-03-01,0.3201174337380763,0.2771499262016934,0.6499484489593994,0.6575243168558552,-1.9372317866299422,0.0018462067038891212,0.524383301963959,99.99999999999966,3.1520873729155188,-8.332933038744162,2.6847902975340086,-0.4835425102155177,-0.4942843870996135,-1.639176279850101,-1.2244807084157059,0.16300748017599043,0.6554650614760085,-0.5635718686500368,0.17423703091460832,0.17975615960761976,-1.4482184448210302,-1.033522873386635,0.35396531520506125,0.8464228965050793,0,0,-0.0006512782173689139,-1.0067877321868017e-06,-3.4505688139605904e-08,2.9517225858191277e-08,-1.1655604062475499e-06,4.1585926473062616e-07,-1.9515642879337584e-07,-8.506107841368072e-07,-1.410663907956834e-06,-3.237428914704964e-07,3.0450471458149387e-06,-4.562765878729102e-06,-1.7663533409581485e-05,-2.960926229052576e-06,-3.382930318191894e-07,-2.2902365083455572e-06,-2.56618579201674e-06,-1.1714025592771714e-06,1.3385201355777028e-06,6.253540157584774e-08,1.031330004493863e-06,6.223512589845601e-09,2.7777098427360047e-06,3.212188086576009e-05,5.530720301478701e-08,-2.946582700703037e-07,-1.811165129421713e-06,1.1801734958797816e-06,-3.922429818196877e-07,9.600469667497632e-08,-6.39479069431371e-06,-1.6024438627373356e-06,-2.3529266408628672e-08,-1.1864177982176652e-08,3.475680003104434e-07,-1.0905825815094722e-08,4.855133422894917e-07,-4.6380983925094745e-07,-4.513161581965857e-07,-2.176156477946471e-07,2.7303028870442043e-07,-7.288325225804288e-06,-1.8779163371531714e-06,-2.721248475498787e-06,-3.081334040618435e-07,-1.7798162226999166e-05,-2.3317202228292414e-07,3.3686674066010824e-07,-2.486528775071557e-07,-1.4503028165594336e-07,7.803942423891015e-07,-1.0530646998698678e-08,5.072555566005874e-07,1.3227336236622596e-05,7.446291572177151e-08,-5.215183303833971e-08,-3.557625769802387e-07,1.6613270177471059e-22,-1.493081664356305e-22,-5.609117920375729e-07,0.2236411717465206
2016-03-01,2016-06-01,0.9796975052822176,0.154982215232154,0.7345536334559284,0.7354610996919,-1.9680988780312263,0.6801553096423606,0.6151992118719251,99.99999999996787,-0.7720451361054816,2.2900512589694926,2.728880122663887,-0.2309070414847625,-0.4370858639972784,-1.5738708801374082,-1.1160633912841176,0.24313909296578337,0.7237837873695004,-0.4758314178053169,0.42478532477612174,0.43114259309008535,-2.075133658648133,-1.6173261697948424,-0.25812368554494153,0.22252100885877552,0,0,0.001015639043718306,1.1112694363201435e-07,1.637032570436365e-07,1.5062881760904085e-07,1.2226511558530332e-07,2.1582656965501904e-07,8.787018668577987e-07,-6.353150798721772e-07,-6.47848483308383e-07,-3.190257426886518e-07,1.2088523206281664e-06,4.3121987972088815e-06,-4.1966751936519436e-06,6.9230515241974796e-06,-1.3803503345392622e-07,-3.2270009556637404e-05,1.91143859829414e-06,1.69536501321638e-06,-3.9434108227037157e-07,2.4062894906016865e-08,1.4573091894428504e-06,-1.2287750150388713e-07,2.1633859694698692e-06,-5.61027496955985e-06,-2.1555918561448946e-07,1.6754142527134683e-07,7.288796921407259e-07,7.161839972515039e-07,2.3199713843701762e-08,3.124807814178421e-07,4.32993839088348e-05,-5.01151783574425e-08,1.1072643764415805e-07,-1.5692874928770838e-07,1.1298289010951216e-07,4.5696478932986335e-09,-3.976790226134721e-08,4.4520156126396593e-08,-4.832219253372697e-07,-2.5339743936119577e-07,-2.5677426338128097e-07,4.4318258021842626e-06,2.3439779158518856e-06,-1.2747543468610817e-06,-2.3341658803930147e-07,9.633139914394514e-06,-3.554923850905728e-07,-5.04197024752835e-07,1.6326469035431585e-07,-4.517180821278872e-07,6.427727965224508e-07,-6.250398704201402e-08,3.87820035935982e-07,1.1471721504557779e-05,-5.050021441453459e-08,9.200711950411242e-09,1.6392000696034573e-22,9.874351171409106e-07,7.160246871493112e-24,-4.2856683927049187e-07,0.2067712370135316
2016-06-01,2016-09-01,-1.815359700584196,0.21891240703938764,1.226614645071365,1.2385122056052669,-2.2205341017932385,4.138263007855296,0.22869932705350324,47.454752178151395,-0.5284830383087425,1.6827143356463374,2.722685481653159,-0.1371437538706388,0.37142427303525705,-0.7520454776781557,-0.3185083631928386,1.067859342167196,1.5004163077141341,0.31669617127541017,0.351519038612237,0.3548383221707774,-0.6740810574110264,-0.24054394292570933,1.1458237624343253,1.5783807279812634,0,0,-0.0005746895491172777,-4.3533238671282147e-07,1.3657094888883923e-09,2.1584853658086534e-07,2.0161186333591278e-08,5.033786589485931e-10,-2.6494682414271537e-09,-2.9259204453096504e-07,-3.408513459810366e-07,-2.4810761703949217e-07,-3.9216187341357856e-06,9.025438408351061e-06,-1.1635260271851719e-05,1.7653228896494076e-06,-6.185320044458418e-07,1.7769006165820623e-05,4.041977521291761e-06,4.759483919553691e-07,6.266216480356794e-07,2.4988956843903305e-08,-9.702690687356592e-07,-4.924521115713225e-07,-8.747590076125338e-07,4.033138011326986e-05,-7.608482561760953e-07,-2.707559223483192e-07,3.2926875072368474e-08,1.4653488282033937e-07,-3.4758599294823305e-08,-3.98865259310035e-09,0.00013980473632001355,9.012395379318988e-08,4.2550914094908335e-08,1.1547881329865443e-07,1.0002647496323055e-07,1.654788782858652e-08,-6.043473894634926e-09,1.8333647102651762e-07,4.8367291175592804e-08,-1.2597271142585502e-07,-1.430158138794232e-06,-6.0071768425211196e-06,-1.0656108827907489e-05,7.380617101138752e-08,-5.554309540904569e-07,1.3495588672970626e-06,3.4943893528620596e-07,-3.684454057596681e-07,3.367890488761758e-07,3.048457002774771e-07,-6.592464679005698e-07,5.505906439189003e-07,4.90144797235863e-07,-2.30101157823644e-06,-1.927976125976346e-09,-9.579517965060138e-08,-5.932621097894629e-07,3.289932675378311e-23,1.1870920732497558e-23,4.921077490528166e-07,0.21990880506816976
2016-09-01,2016-12-01,-0.7824456943136937,0.24187176731986196,0.7906725836624763,0.7943535530209598,-1.9940634036401135,1.0492262622074109,0.3522162378836179,99.99999999999996,-0.684311211420811,2.1069236280128445,2.70692053496241,-0.3244976139693989,-0.06841824856101,-1.1874406974671352,-0.7547560544787543,0.6200015026905721,1.0778874909107636,-0.12888619039097549,0.20693788165578422,0.20742606626873097,-1.1576984915961823,-0.7250138486078014,0.649743708561525,1.1076296967817165,0,0,3.880952042434128e-05,4.180183658598773e-07,1.55937766299507e-07,4.428300693502653e-07,-2.155644672939155e-08,-2.271791631596808e-07,5.588617271349064e-07,-1.6004849253530716e-07,-8.376980268615475e-07,-3.6770347528100623e-08,7.699434399963234e-07,-1.635065601716622e-05,3.0823331566355046e-05,-1.5198892166538805e-06,1.2898340234037192e-06,-6.223474197617049e-05,1.0779046438923993e-06,1.1789800478789425e-07,-3.3199741570632883e-06,1.4752113264045785e-07,-4.379996643717578e-06,-1.5566072054897264e-07,-2.439916924147749e-07,5.943056489735811e-06,4.475218309848231e-07,-1.454890612701627e-07,2.109438592110628e-07,-6.889961143383008e-07,-7.240388510273889e-07,-1.5364265733493683e-07,-0.00028543193087617817,-4.485973314432406e-08,9.368304874925192e-08,-2.076148760755463e-08,5.889979557197716e-07,3.819043911429852e-08,-8.055978843114272e-08,6.404204094353007e-09,-5.581807959932483e-07,-7.445029074375141e-07,-7.469722534216887e-07,-1.2967947081045515e-05,-2.1160040130202553e-06,-4.92474522974775e-07,9.022865239644141e-07,3.222248546958035e-06,3.754429107973885e-07,3.7656822342408616e-07,6.674932726276977e-08,6.988444236182182e-07,3.7523153104793137e-07,-1.765990785040846e-07,-1.8340648496291005e-07,4.73158538809795e-06,6.940928166377337e-08,-5.452505762581929e-08,-5.967171564609424e-24,-6.620090529716383e-07,3.1162246896309385e-23,3.415002274360114e-07,0.22310871115118916
2016-12-01,2017-03-01,2.0911708156543085,0.13338562635447487,1.1825485248822616,1.1863997643297175,-2.2108057146113542,3.8329228474417856,0.7564295009538928,99.99999999999999,2.2891926837968692,-6.212482056203116,2.7613335982089318,0.1182657315096591,-0.37118056581529923,-1.52051962255834,-1.0546636991959282,0.32542618958442343,0.7876438844998772,-0.404526972403918,0.1967823118675448,0.1992270221431253,-1.2697660957815031,-0.8039101724190915,0.5761797163612603,1.038397411276714,0,0,-0.0008578106433480515,-2.844989742661871e-07,1.9295157253463558e-07,-4.5573190175165806e-08,-1.1683908618557919e-07,1.004721246546943e-07,7.43454475499825e-09,2.5049878307908864e-08,-3.76188621714665e-08,1.9114901349468954e-06,-3.278869514476063e-06,-6.0219344581800175e-06,-3.52733362278595e-05,1.4653014864319881e-06,3.8488858182156435e-07,3.0150319105263702e-05,6.084543192647434e-07,4.782275365172253e-07,-1.8598239443595322e-06,2.8422824726378495e-07,-3.6753158335437993e-06,-6.302889828401998e-07,9.878216621015016e-07,-1.0611542115213908e-06,5.599081546221313e-09,-3.5372190038103296e-08,-5.768935617653786e-07,-2.506989024953527e-07,-2.848983967148227e-07,6.186412988648568e-10,-0.000110217187679631,-1.1183627578961028e-07,1.0095337295205148e-06,-1.9211134143325204e-07,-1.2497072525019258e-08,8.528404383090466e-09,2.2616374743772803e-09,6.554614998500215e-08,-2.89924633124071e-07,3.307390965231847e-07,-2.0908267566201073e-07,-6.359438896761528e-06,-2.529211169355064e-06,-1.2664707376297395e-06,-4.6277996542662873e-07,-1.8786251122655e-05,-8.597796261260213e-08,1.0331070206212673e-06,-1.1116446815772968e-06,8.990417377488264e-08,7.485139119360431e-07,6.396538330376723e-08,-1.4318534601071402e-07,-8.459001805367884e-06,-5.422443418266632e-08,-8.154992976012835e-09,-3.459814162129703e-07,6.509054595185267e-23,-1.632274243233111e-22,2.7666896691925626e-08,0.19690337291339688
2017-03-01,2017-06-01,1.3545437525600337,0.23912832594005368,0.8264697008029599,0.8252032641725005,-2.005837031269711,1.244151573941832,0.6685816879221749,88.42170276104655,1.5152798290805756,-3.837970423643814,2.647142685658303,0.211977293329113,-0.06687656332588186,-1.1721641287904807,-0.7277541567522082,0.5951247358350985,1.0602558844182075,-0.12665864481089528,0.775141253347076,0.7830360049303033,-2.0110845548444156,-1.5666745828061432,-0.24379569021883668,0.2213354583642724,0,0,0.0016278237928345131,-4.718439277576201e-09,8.63837141836495e-08,-6.147481917722852e-08,6.41532037158678e-09,8.568093335402283e-08,-1.203780004494095e-07,-4.6592822779846664e-07,1.165023981322788e-06,3.0879634384457493e-09,1.2794042851794824e-06,1.7368521055658432e-05,-1.6205647136041123e-05,9.222629311991677e-08,3.401341094155641e-07,1.1192890837167646e-05,3.434872872648389e-07,-3.349772660944335e-06,-8.475965387761322e-07,3.142253598099123e-06,5.4371999013373534e-08,-9.989801568579587e-07,1.7307972105404208e-06,-9.893637708810834e-06,-2.1625880751240995e-08,3.692682022427358e-07,-4.232159107402444e-07,-2.4904858908768595e-06,3.821922317756081e-07,9.90854148814922e-07,0.000365635420472142,3.377840380667013e-08,-1.4514076329263064e-07,1.2655842357677778e-07,-0.0,-1.6699650329029007e-08,-2.059919599210911e-09,-3.813980932505129e-07,4.211739201704236e-07,-2.2982831955849692e-08,2.5060949494012336e-07,4.384399371353182e-06,1.2142328455525685e-06,-6.813303368907265e-08,-5.354175461574362e-07,-1.0495073948988421e-05,5.975965854227649e-08,6.229824993925255e-07,-2.219808920580329e-06,-7.872930215489648e-07,3.592057383029375e-07,1.6728139744380126e-07,1.3001376507292346e-06,-2.8889958857183504e-06,-2.866139091730874e-08,1.909134165915636e-09,-9.703300580549132e-23,-6.326655685035955e-07,1.412597443771084e-22,-4.952897846290051e-08,0.16586145746950162
2017-06-01,2017-09-01,-0.6207146680448972,0.23195117214187386,0.7400687701025284,0.7436039069985637,-1.9528966842443602,0.7270390350214122,0.37206495003646517,99.99999999966248,1.8293677384493463,-4.610413580485856,2.651120460332795,0.5106385514639378,0.7238050115106305,-0.3429690045123709,0.07453505466416874,1.4147491742321259,1.8530564956245306,0.6658172184751621,0.18251112792084762,0.18372951955041986,-0.3529861940178999,0.06451786515863975,1.4047319847265969,1.8430393061190016,0,0,-0.00036403800910529867,1.879258367269168e-08,-2.3005256152554292e-08,6.809590172298143e-08,-1.5247671000024805e-07,-1.3776725564980502e-07,-1.071419663476502e-08,-2.490790420619359e-07,-7.707763668925379e-07,4.683275154819681e-07,3.184385983540239e-06,-2.244723159890906e-05,-1.3785927074373394e-05,3.7264468925957884e-06,1.0376922980251031e-06,-9.943892443493647e-06,6.864190938035298e-07,-3.5102804438642417e-06,-1.714760632666963e-07,1.0069420582396262e-06,2.6757678304675353e-06,-2.614988464290326e-07,2.7368081854704334e-06,-2.8046581953441056e-05,1.3166834656124289e-08,1.136118224255984e-07,3.524005993693533e-07,4.504404037861028e-07,-1.8244429300418802e-07,6.265075285372924e-08,0.000180431775048808,-4.053224785593734e-09,1.1594342382295079e-07,-5.400162489718308e-07,-2.911791217496372e-08,-6.018280668788579e-11,-3.6273977110902944e-08,2.422878438645701e-07,-2.8814854903164666e-07,2.777502642564022e-07,4.2713147470019236e-07,1.8493392798778225e-05,1.7474484421393062e-06,4.4787647111611825e-08,-1.403899495667814e-06,-2.5951867424905516e-06,4.11410441409871e-07,3.4611354499280024e-07,-8.800980270143263e-07,-3.598502982516033e-07,5.99678357938748e-08,-7.163697753458124e-08,1.204355649229362e-06,1.4567388825413298e-05,-6.992828148440815e-08,1.4162980392324437e-07,5.563814535902872e-07,2.672047459162084e-23,9.755934480684686e-24,4.3524298956833233e-07,0.2140586698780372
2017-09-01,2017-12-01,-0.0016051622019119,0.24787968631334134,0.6316019102757595,0.6358400393090873,-1.894840403420234,0.06224268963867886,0.45659942089524064,35.47586786920814,-0.3617316991368397,1.2377049694685665,2.613249633963991,0.7058486844918832,0.7682198966206966,-0.33856322676570166,0.1249939541214908,1.4359733672579897,1.884885829854073,0.7062499750423612,0.15757169725720957,0.15952830846054727,-0.4783096579654626,-0.014752477078270137,1.2962269360582288,1.745139398654312,0,0,0.000290161462180163,-2.0230049235685362e-07,7.498611515096878e-09,-4.137474840239152e-07,-4.515412730081584e-08,1.0553326620729217e-07,2.5214802828803466e-08,-9.551665762157917e-07,7.870420907370315e-08,-3.9519729892641146e-07,-2.660440636182647e-06,1.5226235150151858e-05,-1.8692620802928774e-05,-6.62693079943271e-07,-6.412270128991809e-07,-4.1736275675421816e-05,-2.2715856267405884e-07,-5.256560303573535e-08,-3.3152536313443606e-07,2.9755075872904063e-07,-4.0521201971021815e-07,-2.481909158019692e-06,2.487594826957486e-07,-4.894075651218512e-07,3.3700935078221433e-07,-2.1621463483924334e-07,1.8055733412415607e-07,8.968921552365491e-07,9.453461641627085e-08,3.341886160380488e-07,-9.517379770508431e-05,3.138618969152581e-08,-4.96691797929304e-07,-8.997857845923786e-07,0.0,-4.611831100600338e-08,1.0044072026299203e-07,-6.288387028643921e-08,-4.889713099526476e-08,1.445947114352984e-06,-5.818277081390399e-07,6.462272474910344e-06,-3.6864832510846454e-06,5.70242957890499e-07,-6.157354238935112e-07,5.834554158595992e-06,1.61703324524215e-07,1.0778177658358544e-07,-1.9014850894466086e-07,1.3901484187504313e-06,-1.4547450394366944e-06,8.027056536795343e-07,5.576620562263074e-07,-1.7477357480222e-05,6.494472120808113e-08,-4.168738194983834e-09,1.1869104000357099e-22,8.836614910322677e-07,2.479646624585743e-23,-8.25733451585501e-08,0.22508313372310215
2017-12-01,2018-03-01,1.5759727900821474,0.2301388377095464,0.9129994462517883,0.9233852529411322,-2.0719986075526555,1.8112690273588565,0.688071438551467,43.34993456966164,0.8823179662565489,-2.223351537899178,2.7410262089259114,0.5770491780988429,0.24059069000569266,-0.8895823185357085,-0.458524410558313,0.9345475489683264,1.3829320940845957,0.18305598057830608,0.2057184097320124,0.2083826318039147,-0.8237921826768965,-0.392734274699501,1.0003376848271384,1.4487222299434077,0,0,-0.0008683268048772911,-4.941466393900311e-07,-5.0064759703857034e-08,-3.4695404254035686e-08,2.0435051211789423e-07,-3.1324258458340856e-08,-4.877134326375245e-07,-6.901528918350426e-08,-1.141005323753746e-06,-5.784508967089273e-07,9.918548633150804e-07,-3.4300788278223457e-06,-6.892161769358943e-06,-2.359048233887433e-07,-4.3960865460800506e-07,-1.805342220304762e-06,1.3964992823480443e-07,-3.3185786961696917e-07,-1.029806243212455e-06,-6.187730603042097e-07,-3.1636728731617855e-06,-7.387147636512401e-07,1.9327265467616112e-07,-1.085800196416894e-05,-3.421531884944043e-08,-3.0221316507574215e-08,-4.269522401626715e-07,8.915723401819444e-07,-1.1259050426123121e-07,1.8432348968645856e-07,-2.7736297694612176e-07,9.098018675494194e-09,2.97049600330429e-08,-2.333318944501715e-08,-2.0687673577339225e-07,-1.2392960256884232e-08,-3.576511155563888e-08,-5.310844958521317e-08,2.6375139181833354e-07,-4.956787033932071e-07,5.637937957962706e-07,-4.190767088081036e-06,-1.6666880614484659e-06,-4.746732776038335e-07,1.0351733248502658e-07,2.3892140012226427e-05,-3.614099878093594e-07,8.498020235437179e-07,-2.3203373629013355e-07,-1.417314719725026e-07,-3.901870576645055e-07,1.0547555147366438e-06,3.025596984809906e-09,-2.1451585073847344e-06,4.2872463875812685e-08,9.775737795997771e-08,-2.891053812783134e-07,-2.205881282879518e-22,-1.329979459488932e-22,-2.471702003498461e-08,0.2101602764934288
2018-03-01,2018-06-01,0.9553723500452804,0.20940672302154067,0.7031085584414531,0.7051865641169912,-1.9350566828589493,0.5564647167009212,0.6127509826943442,67.1952264378714,1.447421470502965,-3.5825178594322056,2.6025275195407302,0.4772563274701547,0.2907649207142197,-0.7848940006245319,-0.3631414887995984,0.9482342129793112,1.4012524159920479,0.23841323995883457,0.7694153462869353,0.7770560434142796,-1.717967723347864,-1.2962152115229304,0.015160490255979125,0.46817869326871564,1,1,0.0014893439489886019,-4.0394638801002727e-07,9.775334943748379e-08,5.642310034118127e-07,-3.60537429193783e-08,-4.557651037715777e-08,-3.364332476648927e-07,1.9074245986093188e-07,6.225807110654931e-07,-2.1134335419424334e-07,-5.7838504797193046e-08,-5.984233813197254e-06,-2.8252516077053326e-06,-9.476494293185065e-07,1.4602750649309953e-06,1.1422706554303427e-05,1.6044674208538568e-07,-1.5903778586923378e-06,1.2863780752183984e-06,1.2128512776239169e-06,-3.8682593183932265e-06,-3.7921522214100934e-07,3.6587437769589657e-07,1.6804869977246473e-05,3.3747173451688746e-08,2.3399360856936402e-08,7.274236153611318e-07,1.60271938588232e-06,6.465172125157638e-07,-5.447025761386909e-07,0.00022304886699518636,3.507852949650314e-08,1.584292709730001e-06,3.386543985603047e-07,-3.158795785763717e-08,-4.11612418455699e-08,1.6953804918420977e-07,-2.1887564765528906e-07,3.362672177100626e-07,3.870444356331422e-06,6.467637436915321e-07,2.895039321555721e-06,1.1031461738412535e-05,5.470692357207716e-07,-1.5839496043727633e-06,1.1586311864239083e-05,-9.70947093336322e-09,1.3986183043402164e-06,-2.00150662472469e-06,-3.147894378916731e-07,9.867895782911755e-07,-5.760790672155745e-07,-8.923478919182717e-07,1.076641606095847e-05,-1.1161660632441427e-08,-2.560591243357306e-08,-1.6451578707692012e-22,-3.287692542808146e-07,1.3561186847095306e-22,-3.428414165046823e-07,0.20165923949177259
2018-06-01,2018-09-01,-1.052914313060782,0.21306648742739429,0.8391438871048431,0.8591148011955326,-1.9922157130257696,1.6027073872046835,0.3166484599673274,99.99999999999825,-1.0643981346671056,2.9396770506137875,2.578842840325093,0.3692064162161834,0.6857016163382275,-0.41129022300908924,0.018247778638575598,1.3127600684752854,1.7282972602871105,0.632434994481379,0.21785516693697404,0.2229455336534742,-0.38995884596789987,0.039579155679764964,1.3340914455164747,1.7496286373282999,0,0,-0.0003415228008822037,-6.055244179590089e-07,-1.5632723898436072e-07,0.0,-0.0,1.412422907399878e-07,-5.789256864089122e-07,6.052046468087666e-07,-4.899355798158909e-07,-2.1157739646137268e-06,-4.744031243672998e-06,-1.8905744366056213e-07,1.015956160151799e-05,-1.7266422174451157e-06,-7.086012869729792e-07,3.491835387120647e-05,5.5544199831009e-07,1.492724389246132e-06,-1.530514876163472e-06,-3.589101072325781e-06,-1.942027926814312e-06,-1.8699629470405797e-06,-1.5470585563506289e-06,-1.581034715946387e-05,8.988195444759115e-08,1.401930524741058e-07,5.134799414017539e-07,-3.6677889363526287e-07,1.357267946534437e-07,-7.720655159567531e-08,0.0001714315613971778,7.088959654874158e-08,-1.738386794048535e-08,1.4113681601444516e-08,-3.499238383847043e-07,5.214670191396796e-08,-3.623857437177893e-08,5.937192118940581e-07,2.3706212672094953e-08,-2.8704104725771407e-06,-1.1858210062592574e-06,-3.5630302820893725e-06,-5.197454611673851e-07,-2.399775122257842e-06,1.5391028950164028e-06,-2.131445046951661e-05,3.087254975581595e-08,-5.544113487277449e-07,-5.245937112647889e-07,2.779245078457424e-06,6.102873674189283e-07,3.7991172629591425e-08,-1.1108156929993737e-06,-1.6740677228425532e-05,1.373685175838451e-07,-9.765432720220073e-09,3.990419134278501e-07,-1.1175629034551135e-23,-5.884861076986355e-23,4.263258584962703e-07,0.23541019512565645
2018-09-01,2018-12-01,-0.2399584943781008,0.29233912373486,0.6780522552465024,0.6729717996718138,-1.920418962665464,0.2833407542487315,0.4122738215633567,99.99999999999105,3.197214312018564,-7.985848332002821,2.6008624156473625,0.3096180831721362,0.4426924877003764,-0.6380812627612641,-0.19363661844992547,1.1519102959252372,1.6093447361133646,0.36960770676666144,0.1720252084016749,0.17077466853995632,-0.6243886772749284,-0.1799440329635898,1.1656028814115729,1.6230373215997003,0,0,0.00011590335935783711,-1.9061206624013025e-09,-1.569990590921121e-07,1.9218960607317536e-07,2.618594423630558e-10,-1.0418796581605113e-07,1.8849663208819827e-07,1.3620307014630593e-06,-1.8008297003876863e-07,1.6653785711465499e-06,4.6264814154695957e-07,-2.4369938271112047e-05,-1.4537856024059278e-05,-3.690975268525069e-06,-6.646968396828399e-07,-2.8405417300239204e-05,1.0940178013191113e-07,-8.783306011532623e-09,2.965087441229991e-06,5.175750092135587e-07,4.459614887918704e-06,4.905228009014363e-06,1.520040667634835e-06,3.128054629494701e-05,2.6132785034588766e-07,-1.4157240003600633e-07,-3.9811781491530103e-07,-2.5310282154450857e-06,-2.591575263073749e-07,2.777746329809805e-07,-0.00015709916531895932,2.6855232113957087e-07,1.9397580399793514e-08,7.951375642200997e-08,-1.6633941439610827e-07,-6.79292922622308e-08,1.9814842221296598e-07,7.576777708209931e-08,-2.575919413291808e-07,9.07601986193175e-07,-1.3594328188223054e-06,-2.2769319597862577e-05,6.529531731547577e-06,1.1337633507103154e-07,1.5014943540626653e-07,-1.8176585684019705e-05,-1.1460136800267571e-06,-1.1012692447011152e-06,-6.955777149773772e-07,-2.2768116603506017e-06,1.6603155469397412e-06,1.3892178128833279e-06,2.3605974068172673e-07,-6.230729668198247e-06,-1.3483437517990588e-09,-2.826032628030315e-08,-8.688125358809907e-24,-1.9493161816186787e-07,4.519329712123085e-23,-4.643026738168299e-07,0.24059309170379833
2018-12-01,2019-03-01,2.32035246439466,0.25243439854180827,1.2632538646407128,1.2728617049365103,-2.2228662056944066,4.276285127080599,0.7813345432438348,99.99999999994405,-0.7506055711301124,2.2492390813140433,2.717429809772519,0.4957130017502642,-0.021266514712948555,-1.1632090134067326,-0.7353494228972726,0.6444593131249049,1.0999118908180434,-0.08437511434840061,0.23790295579274556,0.23946420220917608,-1.00411541344613,-0.5762558229366701,0.8035529130855074,1.2590054907786459,0,0,-0.0005054724326753546,-8.856876471461195e-09,-1.2741041894394199e-08,2.7149116359374147e-08,6.019221827294394e-08,-1.1437458688417566e-07,-4.817149093997867e-07,6.867983776181694e-07,-4.601528871818985e-07,1.3430388483648457e-06,1.338698983453862e-06,-2.1679042873782012e-05,8.196850896779847e-06,-1.9810934643179207e-06,1.3065775597636724e-07,-7.132165866258496e-06,-1.4603976349363135e-06,2.0838438794149588e-06,-7.14048977196763e-07,-5.751789298637603e-07,1.7881206366249322e-06,-8.443012317910577e-06,1.1892083327125592e-06,-1.3656407712047437e-05,-1.9647454381575736e-08,-4.349567149956566e-08,9.145492065923417e-07,-4.5863546602287656e-07,-4.2146728744718086e-07,-4.171265364849451e-07,-4.2665461942260396e-05,-1.926970389502431e-07,-2.84354345295689e-07,4.7365722999595836e-07,-0.0,-2.1820375654278682e-08,-1.8043438128002843e-09,-6.077838347566215e-08,-3.3502222844870006e-07,6.630656797174181e-07,8.12270127998459e-07,-7.901432316399928e-06,4.694808969495156e-06,-1.1401733094772427e-06,1.2118391442195355e-07,3.2612112710168596e-05,-4.038870680546983e-07,-1.3322541898489268e-06,-2.98598338956746e-09,1.1716543922307733e-07,4.563617202815294e-07,7.933612083432829e-07,-3.868457526949098e-07,-5.528764042864014e-06,4.344826435884199e-08,1.330086540553742e-09,3.343853479821947e-07,-9.244972663927373e-23,-1.1623150506063226e-22,-3.0914061391599067e-07,0.22732732476062995
2019-03-01,2019-06-01,1.7648368491855138,0.3067976903096057,0.9304295045858116,0.9328911393324679,-2.030834847226485,2.1258781888155656,0.71794725648579,99.9999999999996,0.7070957138045494,-1.5204560630687194,2.5478013932495287,0.6980791265353226,0.33356933681634554,-0.7059114933422126,-0.3170110827307996,0.9637461561721026,1.3961698030535774,0.2568699142389441,0.9798446400250729,0.9882779902124026,-1.6711893384777052,-1.2822889278662921,-0.0015316889633900119,0.43089195791808477,1,1,2.713374069042521e-06,-7.251504266041558e-10,8.36119044915127e-09,-1.317570374054154e-07,3.996766129702597e-08,4.352943832966828e-08,4.075073983957369e-08,-8.31774261703769e-08,-1.483721116702371e-08,1.7616793972749114e-06,1.7372384200640588e-07,-3.584135741050432e-06,-5.914198736673697e-08,-7.828528402968281e-07,2.8324752111616146e-08,1.2130349399286412e-05,1.191236719572444e-08,-1.0854960343178839e-07,-7.703806361640224e-07,6.404150452387897e-07,-2.479833672290528e-07,4.5175412699491954e-07,1.1821067704239182e-08,-5.428595345051741e-07,7.473534438368504e-08,-1.6389156394175124e-07,-5.311734002565669e-08,-3.2854213719846927e-07,5.5561750130586525e-08,2.0516133426497672e-07,8.440041218860904e-07,2.2443575579660687e-08,-3.809679745162834e-07,1.8327747558974958e-08,2.1624979500300798e-08,5.0262845403891645e-08,-2.5374310538570517e-07,2.5480915958862887e-10,3.5160263091658474e-08,-2.209971080524026e-06,-1.5426331364499217e-07,-2.245695546889337e-05,-6.390552253693523e-07,8.033840591364666e-07,-1.0989244346581134e-07,2.8699184158693507e-05,-1.0592258118054995e-07,-2.9279288228075072e-08,1.2531468588102867e-07,-1.5168074147794745e-06,1.723223688518441e-07,-1.487089602213593e-07,1.2095383376870963e-07,-8.669144686565933e-07,4.481919939194722e-08,4.210532308051392e-09,-1.9314284799139642e-23,1.142642748231785e-07,1.6139407880926e-22,1.9792211330430657e-07,0.20298446385621732
2019-06-01,2019-09-01,-2.3722442701160418,0.1598649842065073,1.56393851881101,1.583074895708613,-2.3867238863110622,6.411577275825895,0.1573048744357551,38.596624887488524,-0.17099955642681974,0.656213018942074,2.5375120659703336,0.3682466372715076,1.0012739508521449,-0.044346872899980704,0.37409436417619296,1.6574554021667427,2.047641208210196,0.9613077048005181,0.2747805245820291,0.27927261731192066,-0.23549363793109454,0.18294759914507916,1.4663086371356289,1.856494443179082,0,0,-4.119223637339291e-07,-7.971845641229478e-08,2.2901672160225487e-08,1.2654323580606642e-08,-2.5104831004555974e-09,3.331839413845507e-08,3.154394413595753e-07,1.731996041453279e-08,-1.830381042969295e-07,-4.425113492314446e-08,-2.0961978387664083e-07,-2.2706604261355663e-05,-8.055126768653052e-07,-6.862570268243e-08,-5.970522782670701e-07,4.8904497084907204e-05,7.767177287408415e-08,-1.1991481866550323e-07,1.4327821200824552e-07,-8.165588057975968e-07,6.71667441447955e-08,-1.0561404344192985e-07,-1.0453676523702154e-07,-1.5891952115502e-08,2.303963722240521e-08,5.927941114151888e-08,-2.255189813101586e-07,1.5638212442782475e-07,-1.5854777741136532e-07,-1.0238583694170436e-08,1.4278312905514654e-07,-3.695381993835946e-08,-5.545938388549315e-07,-2.4916852608486565e-08,8.11422127200735e-08,1.3189279250864767e-07,-1.8942432938137372e-07,-1.3522381666305891e-07,-8.347151396914962e-08,-5.791640741099798e-08,-5.074889938051049e-08,7.116824679852176e-06,-7.737300790063138e-07,-2.528457191425568e-07,3.53796564138604e-07,6.116150600537981e-07,2.0745405769929806e-07,-6.437250783085924e-08,5.484063600673315e-07,1.2613557160615274e-06,-2.0403851364693343e-07,7.309690848936325e-08,4.928675061118216e-08,-2.685552240419619e-07,3.7177367023756514e-09,4.461709098461475e-08,2.2095120272891494e-07,-1.0770552037351766e-23,-1.9099142011656386e-23,1.9987069766104507e-07,0.2454083124987438
2019-09-01,2019-12-01,-0.2362861701342922,0.278740750382488,0.6639571554050852,0.664269967406401,-1.919440359008927,0.26525272885699785,0.42263066199465393,99.99999999999999,-0.883463860555682,2.631976044688418,2.651116530810739,0.3691647183324598,0.49792144846165487,-0.6143106146125793,-0.16838147660886577,1.1740733044393041,1.6141373877841991,0.42823626086603284,0.17467520256750124,0.174877920431002,-0.5667201545062622,-0.12079101650254871,1.2216637645456212,1.6617278478905162,0,0,-4.3282232925376907e-07,-9.900137696563756e-09,5.65487076806684e-08,1.0034984018084454e-07,1.7772081843123785e-07,-9.986649604378225e-09,7.509570934510392e-08,3.331667040808843e-08,2.4512425786140084e-08,1.4273591559368517e-06,-2.97568113954967e-07,-1.3578673177051711e-05,-1.212841489716921e-07,-1.9753237797954476e-08,-3.236759315703865e-07,1.2866993588961703e-07,-2.0286716470996496e-08,-6.929959820538815e-10,-4.0804381547822253e-07,7.637827516633168e-07,-1.3504172965616513e-07,-2.6972011250177755e-07,-7.191243379122097e-08,-3.4166138678350823e-07,1.517226589784724e-08,-1.8360966000125e-08,-1.4890072397996187e-07,1.0173934539225773e-07,-5.369562380492449e-08,-1.3238767517431162e-07,5.818991508040256e-07,1.6029750018276807e-07,-2.1746734957427946e-08,-2.4705136435185834e-07,-3.867604752187579e-08,-1.3961059313799855e-07,-1.1493397178407568e-08,1.5170062735782905e-08,1.5028841819290684e-07,-5.258341946462341e-07,-2.8214321128728436e-07,-1.4349362130974888e-06,-1.0981325587898145e-07,-1.8730139936363888e-07,1.1258697274850122e-06,-1.4986827958694457e-05,-1.8288906627852944e-07,8.956622798996961e-10,-2.1194155669803666e-07,-3.8858869433600975e-07,9.88340569244745e-08,1.018869121697334e-07,1.521330886027453e-07,4.524733972498771e-07,2.5673422766353305e-09,-3.9324494675894236e-09,-3.1291945919457235e-23,1.9586357652542263e-09,-3.0914480309965125e-23,-1.5686578583911503e-07,0.25749576566233684
2019-12-01,2020-03-01,0.5229891382363405,0.18957937873895175,0.6261484166352264,0.6366697132858231,-1.8898445901164322,0.11116206772810662,0.5435584602180111,99.99999999999999,1.3211665231269454,-3.211023213335078,2.602600277062533,-0.0801761132071199,-0.16352855308146713,-1.2368484904231287,-0.7989646152680301,0.5067757883584938,0.941238863380991,-0.21092339776620506,0.16168425157835545,0.1650366074489281,-1.2818978012428957,-0.844013926087797,0.4617264775387269,0.8961895525612241,0,0,-9.120414715418655e-07,2.3463325990208408e-09,9.1919473849456e-10,-1.7504242839618487e-07,9.919643557524505e-09,1.6752411727845964e-08,-7.039347217517036e-07,-3.89727614978181e-07,1.3152075713860958e-07,5.401580852007426e-07,3.5407614668796494e-08,-1.4547839110400456e-05,1.015850637330873e-07,-1.9231156777543733e-07,4.645096968324581e-07,-2.1203344316799017e-05,3.0345990405484357e-09,-5.7949968773899086e-08,-1.0594838552849368e-07,5.724339437448849e-07,-1.0759254539701769e-07,3.913367222500425e-08,6.636316031487953e-09,9.297654295858922e-07,-5.220157380899012e-09,1.8453008901575175e-08,1.3599081342101249e-07,4.537601406645462e-08,-1.5113312010871905e-07,3.1205419841578976e-07,7.926656162308051e-09,-6.1130541223208e-09,-2.5881808543395296e-09,-1.199018571351813e-07,4.9336782598092734e-08,2.482317215090259e-08,-1.2874675951343313e-08,4.675610854554614e-08,7.118471030623226e-08,3.1860143016280603e-06,8.937847488201102e-08,3.295011889107754e-06,-4.926927643111447e-07,-5.8831432229070946e-08,5.295021625498689e-07,-4.409674485636583e-05,6.758025082110266e-08,3.691916460585993e-08,7.558906462545757e-07,-1.3054920080703288e-06,2.955913422789852e-07,4.0480184106639206e-07,-1.0679600699706504e-08,1.93642420523155e-07,-1.0229633148703551e-08,8.029615817588472e-09,-9.66114702603943e-09,1.4812484770428604e-23,-1.61713025070786e-22,-4.3391812273370575e-08,0.2362590573392402
2020-03-01,2020-06-01,-0.9469006988442884,0.1614248322688265,0.7821605746888922,0.7912422516747667,-1.9489352377870937,1.228385482917168,0.33790464776143836,32.291538843170926,0.5685325743081402,-1.3328840651342846,2.548784076221973,-0.7581105002145705,-0.48102911743629173,-1.5698185765622912,-1.1151116038532405,0.15739306314229,0.6159997634808884,-0.5213853255034984,0.23809110664909877,0.2399622512286016,-2.218660324765324,-1.7639533520562733,-0.49144868506074285,-0.03284198472214455,0,0,1.1394847004898773e-06,6.318527561862125e-08,9.021017978532166e-09,9.980982354545485e-09,0.0,-3.0775364936617122e-09,-6.89489314280578e-08,7.083201328698996e-08,-3.631065273727319e-08,-1.3241585461453101e-06,-3.3604092909771246e-08,-1.8775911722110805e-05,1.798803654451557e-07,5.754499893819644e-08,-1.434879001243139e-07,-3.0747744274725966e-05,6.247628228614619e-08,-4.470110710356734e-08,9.216158555776722e-08,2.3819069878107165e-09,5.6201387610268547e-08,7.658195163504437e-08,1.0415141817834063e-08,3.518137709741514e-07,-2.0955994598385344e-08,2.689716144833e-07,-2.759298597746086e-08,5.734684026736108e-08,-3.2966567975618204e-08,-1.1535439343330862e-07,3.1096003566117565e-07,-4.908056128767774e-08,1.9903956339595152e-07,1.3690987900836335e-07,-2.9730202847917525e-08,-1.2332245028543796e-09,-2.538645147497483e-07,-4.5972088021658974e-08,7.717417763244277e-08,4.1832327497268594e-06,-1.2926819019688896e-07,-4.93734000957937e-06,-3.674575578987209e-08,-1.6087519151303173e-07,-2.060231251074833e-08,-2.1140249345423507e-05,2.0198136021827515e-07,2.471330663022646e-08,-3.5858551593096716e-07,1.2430806381954972e-06,-1.4702816381954373e-07,7.417734038628454e-09,4.203433175803916e-08,5.353649666587466e-07,2.3587707205738744e-09,-2.553342874681023e-09,-1.8241599259527664e-23,-2.6190016248231574e-07,-7.543052682786587e-23,-4.5877391844990906e-07,0.21822418580386202
2020-06-01,2020-09-01,-0.5949512108923471,0.10501856520152783,0.7078186582777154,0.711674993071444,-1.9291476152010776,0.48995768744490953,0.3824990472253881,99.99999999999999,0.19874018591968964,-0.3318768102278329,2.619166061709536,-0.3137872354086468,-0.13879479138517808,-1.2084826598505003,-0.7632919616720305,0.5656953377410958,0.9572881845892922,-0.16504943268556005,0.18262418332410432,0.18343118535794667,-1.185642557918247,-0.7404518597397772,0.5885354396733491,0.9801282865215455,0,0,7.18388510600239e-09,8.77766792172537e-08,-7.787585581438331e-08,4.517862910353291e-09,3.537007081382925e-08,-4.404700208477794e-08,7.054481620218029e-08,-5.0172572316624745e-08,1.971812732671603e-08,1.6346694726237216e-06,4.847220494663327e-08,-5.977588344986835e-06,-2.9821897773045834e-08,-2.1407807990103653e-07,5.72240353163762e-08,-2.9716709275488057e-06,7.91558902277248e-09,2.557075618995562e-08,-1.9516094734985898e-08,-1.1766924592046206e-08,1.505725325110889e-07,8.988128536864389e-08,1.240490253308643e-08,6.297979710571125e-07,1.1355671957134607e-07,4.746797301933854e-08,-1.3548943030550557e-07,-6.560927509144204e-08,-3.743491327486274e-07,1.3155831481411793e-07,2.759092244002454e-07,-3.118275451920331e-08,-4.021938923357361e-07,-1.3030453390041428e-08,-4.1571440226198883e-10,-6.518829941687192e-08,1.4816209791538216e-07,-5.274607063147196e-08,1.2835189226294925e-09,1.6619525760032964e-07,-6.4747542932607845e-09,2.557732146461656e-05,4.046944820318137e-07,-8.40829012458772e-08,1.0445710688015423e-07,2.1050904208426022e-05,-1.122135856120165e-07,-1.413776419450225e-07,7.779276353004844e-09,4.480814710797007e-09,-9.301232874060361e-08,1.5451445924563974e-07,2.6223301303017765e-10,-9.051745009896289e-07,-8.614766995347395e-09,-2.1953913498517785e-07,2.2763036223122758e-07,-1.1371404115814156e-23,1.0390385365307334e-23,-6.393677815363425e-08,0.21864705097578263
2020-09-01,2020-12-01,-0.4069928757562735,0.20861122706185042,0.6375590552792898,0.6506945156398873,-1.864659082414617,0.37896841140650733,0.4127998586425779,99.99999999999889,0.6536646725090067,-1.495626427747768,2.5066556593719604,-0.3564639118141421,-0.20256288610961118,-1.261095129461816,-0.8539578333182669,0.40873876723211877,0.8421429459192947,-0.2547156928750738,0.1548033690635214,0.15777220882607948,-1.290469544557689,-0.8833322484141399,0.37936435213624575,0.8127685308234217,0,0,-3.05449425628763e-08,4.440789438761313e-07,-8.284443102387357e-08,-1.288852693420749e-05,-9.141228192395827e-08,7.974649004672924e-08,-3.235892866215545e-08,3.178298354598183e-07,-2.413845668783438e-07,-6.570698582008846e-06,-2.73593300951096e-07,-4.98645020697917e-06,-5.797906050031316e-07,-3.8039190288054956e-07,-7.954953314199474e-09,-1.5312906768107227e-05,1.0242809847024164e-08,-3.064152777561042e-07,-5.074094061805242e-07,-1.7660521916648026e-07,1.5019586812287513e-07,-6.110826651364896e-08,1.023776697881203e-07,1.007031745747689e-06,1.1557829154485113e-08,3.913148456260306e-08,-2.2130629008992965e-07,-1.0626512525212465e-07,-3.5924548075378664e-07,-9.84852637370952e-08,-1.4325367735866418e-07,-2.4372429600765164e-09,-2.891564150146892e-07,-1.5517396493462449e-06,-2.6858456222193803e-08,-7.587196726199328e-08,3.414915759311542e-08,6.043240199577773e-07,-9.871661036271502e-08,3.1827813367814877e-06,-1.5914783979977302e-07,9.50662097300108e-06,5.716072676206938e-07,2.2928670731797575e-07,1.489961907623722e-07,1.4969923954686683e-06,-8.85379503590789e-09,-2.134881458684626e-07,4.0878493090484933e-07,1.2746821073315275e-06,-1.0369603579378756e-07,8.060633608018456e-08,-6.582823668460665e-09,-5.349563608998315e-07,7.156444788403539e-09,5.005060702412611e-09,-1.816009704592623e-23,2.081531947805009e-07,-9.680491573744607e-24,-1.4358421066026037e-07,0.21670995941947294
2020-12-01,2021-03-01,0.4501466149896771,0.17405552392450555,0.633366094584097,0.6466955931865978,-1.9009683940985844,0.07622629056555688,0.5419542552131337,99.99999999999999,0.07522381186890371,-0.029253557379116543,2.6479935899254388,-0.374674542625808,-0.4436973153921009,-1.5320759607064935,-1.1046689574715258,0.23321752114236022,0.6385250163256607,-0.4872111963732273,0.16351472736727807,0.16715821094250446,-1.3458494699258992,-0.9184424666909314,0.4194440119229546,0.8247515071062551,0,0,1.2773400544229465e-06,6.250224257235995e-10,9.601298277682912e-08,2.759869525386019e-08,6.263766085360529e-08,1.026933697525158e-07,-5.861932034919241e-08,1.5118922265536737e-06,2.1589920819405407e-06,-8.543814505292061e-07,5.1169382102556264e-08,-8.018317257722462e-06,-6.084967237643826e-07,-1.241816014359517e-07,5.385963698459837e-07,-1.3755382521782833e-06,-1.4471969686142075e-07,1.36289040715533e-07,-2.4684500288206125e-07,-1.4582133440357164e-06,-3.46229997835313e-07,-7.957109959562319e-08,-6.551770346131308e-08,-7.457465413233502e-07,-2.0988731424736472e-11,-2.7371117808949663e-08,-4.0721753936216904e-07,1.2110848604006323e-08,-1.503014859179047e-07,9.168011995956393e-08,7.921242733798366e-08,-5.293419882409202e-07,-2.8984559658794892e-06,4.554951545493608e-08,1.2498229599385762e-07,3.124514859968901e-09,-1.4519269973036108e-07,-2.387964080565906e-06,-1.4371322657557354e-07,1.969953200855493e-06,4.363181080037777e-08,1.6876482633295515e-06,8.09570194228038e-07,1.0874554271867028e-07,6.619464690559038e-07,6.527691707777363e-06,1.4687298347898214e-07,-2.1755302541826225e-07,-2.3864342513560296e-09,2.1995509626539887e-07,1.1343765122324325e-07,5.07972274238503e-08,4.318228389075147e-08,2.2481914981772074e-07,2.4855580428057377e-09,-1.0529446088780984e-08,-5.367168148227591e-09,-8.311946146397131e-24,-1.2090296036701441e-22,-1.6567931291878424e-07,0.20381717574767683
2021-03-01,2021-06-01,1.5611880645320042,0.24823568568399437,0.8556602582391725,0.8766521911534703,-1.9878378092680042,1.7238439491226478,0.688862696231717,99.99999999999999,-2.4355732290237517,6.5377151633724395,2.560993825593294,0.2523476482182651,-0.07589044649373729,-1.122607973408354,-0.7198244735626064,0.5933068144289557,0.9739131020392536,-0.1379493679147359,0.35611091662402194,0.35964069072508315,-1.3977768016142391,-0.9949933017684914,0.31813798622307066,0.6987442738333686,0,0,-1.55174810586815e-06,1.4375339561548197e-07,3.789084049237914e-08,1.1804334855517896e-06,-1.599621397114629e-07,-4.224431461189432e-08,-1.2461773880608662e-07,-1.5346905058342915e-06,9.242152952223746e-07,1.735332725245178e-06,1.7333736906372118e-07,-7.1238802006983734e-06,-7.993270560471494e-07,-1.4328469596676143e-07,-2.661371290190833e-07,2.156749046569557e-05,2.0375784294590395e-07,3.377213322057135e-08,-7.060049031924354e-07,-3.997194163686096e-06,3.251773297297018e-07,1.2588936670258659e-08,2.0973525039768694e-08,-7.367593780244182e-08,6.997111756915472e-09,3.7744517585008976e-08,1.464489303246497e-08,7.723379821550393e-08,3.2348821217370107e-07,-9.877669620480437e-08,-7.37886696165797e-10,8.092005912827976e-09,2.0715958793803755e-07,-1.2069103311953535e-06,-1.5113003519094264e-07,-6.012808735824547e-08,-4.366473704759107e-08,-9.915270389161527e-07,-5.012100301508675e-06,4.6697695047987865e-07,-6.953809372779037e-09,1.1416877380780546e-05,3.338263072055769e-07,3.921684944441947e-08,-3.770466911710088e-07,-1.994238417599964e-05,-1.5319121545885188e-07,8.721614265109508e-08,-2.7839602799606976e-07,1.9835018733419913e-06,7.65252679757908e-08,-3.395339344046158e-08,6.704524240143972e-08,8.704378593251363e-07,-1.6316443543582022e-08,-6.09573204533877e-08,5.9545279275248264e-24,1.1752202281928324e-08,-8.631924362832993e-23,7.286149038132096e-08,0.19214867611303527
2021-06-01,2021-09-01,0.2657714880815121,0.21798272776425195,0.5866668432263575,0.5937725980046071,-1.8369832438671398,0.0022837656126605357,0.506210940450729,99.99999999999982,-0.7050027650192651,1.9901586181060062,2.494981950307045,0.4675283229617299,0.455581132882415,-0.5801690937892873,-0.18236888352852784,1.069394062554859,1.4930972713685529,0.40108545094135195,0.17374462440330318,0.17677567719584833,-0.7776693808349472,-0.37986917057418773,0.8718937755091991,1.295596984322893,0,0,4.088131293312608e-08,1.8679161677626503e-08,-1.7576874926248245e-08,-1.068782444111241e-06,2.0319158695527e-07,-1.4000295860582231e-08,-2.1255104657564964e-07,-5.778300977836817e-08,3.010680426796326e-08,-3.982517184301416e-09,-1.0627540505368823e-07,1.785980055880066e-05,1.0871430641433617e-06,-8.36901055461304e-08,4.876609504008358e-07,1.2095803932658228e-06,1.1498668660171145e-07,3.8997784737613274e-07,1.2894094315970194e-06,7.014806103262668e-06,-2.516805244554253e-07,1.0515189622473578e-08,4.2916724635907846e-08,-2.250004806125162e-07,4.2076899708244446e-08,4.500744822824856e-09,-1.7217322297304053e-08,-3.2995356682122316e-08,1.2886943753305375e-07,-1.0871281000152444e-07,-1.5515309757689333e-07,-4.201090434905504e-10,-4.177117035570061e-07,1.962407101671483e-06,2.1199870239127834e-07,-2.5474380443719476e-08,7.127401588540918e-09,1.2716683710315234e-07,-3.076724410788853e-07,6.720690543566323e-07,1.2569719180061085e-08,-2.523288276445234e-05,-6.792028344197035e-07,-2.0217680446015986e-07,1.9707240138498813e-06,8.453879889960556e-06,-7.3732575144036e-08,-2.065754731814595e-07,7.447239598441037e-07,2.262234821836677e-06,-4.569015471676479e-08,-1.0511323350477083e-08,-7.533523172814803e-08,-4.03281554586449e-07,-4.849119248980416e-08,2.0118699340183966e-08,1.4223478858916737e-07,9.414385292189983e-25,1.2003511265508698e-23,-1.4741996498594226e-07,0.19900599075842154
2021-09-01,2021-12-01,0.9811871319595156,0.20650133631407552,0.6874273860273349,0.691219839435669,-1.8795185869938384,0.6001380819748084,0.6306080010949319,99.99999999999989,-0.23509656347982838,0.7380598711548291,2.4652473501331973,0.8145733248906772,0.6209018759793172,-0.4048585451472344,-0.027536196442332333,1.2269907178797501,1.6387250568304894,0.5692765419007983,0.2885996607285669,0.29042273889674275,-0.6827599968575728,-0.30543764815267077,0.9490892661694116,1.360823605120151,0,0,1.1100342922703122e-06,2.219766106346668e-09,1.4843107657146284e-09,1.115099405322458e-06,-4.626268480121303e-08,-8.494770102002587e-08,1.2286488547355842e-08,1.3052651015955324e-08,4.2933884061494357e-07,4.2038315693873346e-06,4.2585092191792915e-07,-1.1937949951489178e-06,6.526305059658484e-07,-1.1211700238430912e-07,-6.132476112892605e-08,4.707180306385493e-05,-6.253732464564803e-08,-1.8744290744858838e-07,-1.3685088616947993e-06,3.4161625683791258e-06,5.093982141604973e-08,4.049444994076359e-08,-2.6817290980389048e-08,-2.832220668562188e-07,3.019524591533192e-08,8.281400141364438e-08,-4.754594324673826e-08,1.6656801164423852e-07,1.7937356652713636e-07,-1.9012884634157196e-07,-7.09635647316396e-08,-1.034619613595292e-07,1.537345125928865e-07,4.748314920574839e-07,-1.8701899984506777e-08,2.7446102276823386e-08,3.7642555769156886e-08,-4.590734652153017e-08,-1.5350908905392215e-07,1.1065867611985312e-06,-6.871516141332146e-09,1.468707377291244e-05,-4.3752521919269644e-07,1.8564764513738237e-07,1.3770521092698557e-07,-2.0664829640109756e-05,4.2965066284560026e-08,4.652837571376958e-08,9.270647903206247e-07,-7.542521906568274e-07,-1.6530614663115904e-07,-5.9155001920092814e-08,-2.1771801055416384e-07,-5.720414547857419e-07,4.42575425436607e-09,-8.378953249262244e-10,5.773816451634392e-25,3.068268924577121e-07,1.3404883577391317e-22,-7.130141960670713e-08,0.21356733847536452
2021-12-01,2022-03-01,2.780689772097489,0.1889218534201713,1.568304111410798,1.5794039418916719,-2.366054097875058,6.717260944284956,0.8443038927357985,99.99999999999912,-2.1148587449605016,5.58763722762066,2.546577026518106,1.3972091141676302,0.7492671344983008,-0.34768794963756017,0.08373330305720582,1.3982484707939593,1.794104444551504,0.702036671143258,0.42455172414145675,0.427281962402747,-0.39372211692952414,0.03769913576524185,1.3522143035019953,1.74807027725954,0,0,4.8863982361615763e-08,1.4781962878945965e-07,9.704523003704059e-08,1.673774701485051e-07,1.1510178155666281e-08,-7.242130714754824e-09,-1.0838636229534914e-07,3.208205415649818e-07,-8.066554052987865e-07,4.084988344499054e-06,-3.0272394620382304e-07,-2.2913547872479416e-06,2.6311222780080308e-08,-1.7025981574603246e-08,6.435221075593787e-07,-7.218799070493875e-05,1.3856257586291417e-07,-4.4749010284475786e-08,5.089065021959642e-07,1.7912892595039963e-06,-1.1192253525478114e-07,-1.4050988959237035e-08,-1.3772530405105064e-07,3.7404768110525914e-07,-9.088426268498228e-08,4.477531460030056e-09,-2.9738757548968424e-07,-6.511702318307232e-08,-4.18953843287314e-08,-3.6613677560213846e-08,1.1284374249451272e-07,3.7925498880116456e-08,7.995537401317215e-07,8.293468979552277e-08,-7.875224375195534e-08,2.319543087317162e-08,8.968418214599956e-10,-8.330354001221728e-07,9.299871434376778e-09,-1.2553617144767075e-06,-2.6112009280725e-07,6.40516051500265e-06,6.067884403107923e-08,3.633746642705088e-07,3.6290026962978104e-07,-2.064864633610783e-06,-4.0274878762176236e-08,1.0519940398515118e-07,2.2977379004828983e-07,8.77419686013108e-09,1.9159162058976173e-08,-5.3041625978508074e-08,-1.334484090489239e-08,-1.0469206449858394e-06,2.083787441996813e-09,1.2020204129030458e-08,-2.667540150875825e-07,4.379096573696503e-24,4.096831815549594e-23,9.205210190493114e-09,0.20974593406573835
2022-03-01,2022-06-01,3.5784655497131723,0.07609506909858439,2.2515490348898903,2.2609892407391525,-2.8274341265683782,12.266598983480462,0.9220041797091744,99.99999999999999,0.4393057806722223,-0.9321996530568578,2.405654449938822,1.9015284854629224,1.0259358653092752,0.012947644703405994,0.4204376604165758,1.6507478832791471,2.040489918066412,1.006912098034629,1.396601513609516,1.4093626391444143,-0.8637063847673188,-0.456216369054149,0.7740938538084223,1.1638358885956868,1,1,-4.232257271709198e-07,-7.353774449695594e-08,1.5846774899158124e-08,-6.586619162470998e-08,-0.0,3.062361819572262e-08,5.180922292051982e-08,4.528495264869875e-07,4.891385590238853e-07,-9.619080087015933e-07,7.872957878056927e-08,3.4744987998920645e-06,-7.454756794199577e-07,-3.879505113386599e-09,2.403436553111088e-07,4.089894721722333e-06,1.377849267755387e-07,-2.589460114055137e-08,2.7515956737596627e-07,-2.739357393482161e-07,-1.47825417237251e-07,-2.3682111218424405e-07,4.846388494912178e-09,-1.9606924819941168e-07,-3.364400685958141e-08,-9.07427715225845e-09,1.7512801241294658e-07,-6.28860870497964e-09,-1.6234904082023404e-08,-8.77737483558717e-08,6.25473435706581e-07,-6.502902055464268e-08,-2.061269034668321e-07,-4.892762240314463e-07,3.7911040928341976e-08,6.104456780823036e-09,-7.141808104111425e-08,-3.3057207576611286e-07,-1.20557776122866e-07,-1.780805922431195e-06,-4.4478016359175876e-07,-6.034799846862795e-06,5.865414987357988e-07,2.2779391412524368e-07,-4.2037143791054175e-07,-2.0345050379032745e-05,-6.869326891382149e-08,4.109822513881985e-09,4.8100699917886024e-08,-4.644118202056113e-09,-2.0015750274131628e-07,-1.8658894796704113e-08,-3.241349722062973e-08,-1.6992302386644285e-06,2.395203716648806e-08,3.9904592055341365e-09,-3.2863015981855623e-23,1.0373792878638137e-07,3.8923458129760454e-23,1.5114810896147294e-07,0.21935651433536685
2022-06-01,2022-09-01,0.5685502391997943,0.1776283500375525,0.5992087926350834,0.617883485974981,-1.8261264693831576,0.15281992342617606,0.5591076390682937,99.9999999998832,-4.947538931134735,11.718397521607447,2.321478344592248,1.9772231732424927,1.8794927009519324,0.840645322864847,1.2617305470776057,2.4776602355697555,2.8441302371040553,1.8350856134425442,0.464330475413697,0.4676212073664929,0.19365061123661215,0.6147358354493708,1.8306655239415204,2.1971355254758205,0,0,-3.607446343533237e-07,3.7251014862243014e-07,7.721261805446312e-08,-4.1669877637901524e-08,2.8507174649845346e-07,-1.0425730116923637e-07,1.346426708847637e-07,1.6378734384257823e-07,1.3846575808207928e-07,1.203822094010366e-06,-3.0656414954596464e-07,-9.136137799223328e-06,1.2034085625542619e-06,-1.3082037749610226e-06,-1.62400706313701e-07,-1.6492634766368483e-05,3.3424236889539675e-07,-4.378964212757494e-07,3.347348482610065e-08,3.150194485453689e-07,8.908446681684552e-07,-1.949428973594129e-06,-9.73618508991307e-07,-1.667698677492236e-05,-1.4323341656357826e-07,1.1079615845547468e-07,1.4387769594097061e-07,-3.036096457284202e-07,4.031142148284471e-07,-1.0964313819168632e-07,-1.1990831378354743e-06,-7.170413309663505e-08,-3.7739821150735167e-07,-6.457306730396893e-08,-4.926839975571507e-07,-1.2783598513045655e-07,7.441487385196835e-08,-7.587336946512417e-08,-2.1602580756720417e-07,1.251961949837924e-06,-3.0282881742492583e-08,3.0286379618665226e-05,-1.8260062224348964e-07,1.2775421146736561e-07,6.811243196242705e-08,4.0596488007657595e-05,7.605550013528738e-08,-4.1131958282235534e-08,1.1902436646944104e-07,7.067475738023213e-07,-1.1645077433497812e-07,-2.2000912687172328e-08,-2.768920197745684e-07,1.5655349235418102e-06,1.4161036779636838e-07,1.2230124931608883e-08,-2.6839223874145204e-07,-3.455714651633991e-23,1.7000027665840307e-24,2.411724862592098e-07,0.2547975789928717
2022-09-01,2022-12-01,0.8631807809706515,0.38633560744429063,0.6184770863718143,0.6250791208545892,-1.8485836647531642,0.22738131951538526,0.5770117673298969,61.310529443276536,0.7844110342758949,-1.5586134878124118,2.4625770270872063,1.9477215854952767,1.8285102921136864,0.8184139146640043,1.2203408426180626,2.438381419553006,2.863913954038079,1.7319263902526139,0.25500519779615294,0.2583701962778965,0.5176086609570781,0.9195355889111365,2.1375761658460797,2.563108700331153,0,0,2.906228031694256e-07,2.7924221471905383e-07,1.3572597287875305e-07,-1.3819053259078895e-08,-7.909674877466271e-08,-2.527944036929951e-09,1.1438898339145743e-06,-9.9867236653971e-09,-2.441915039954162e-08,8.386180022355067e-07,-3.330991094412002e-07,-1.0854460698403119e-05,1.7480002676982446e-07,3.844352337740667e-06,1.6247879064071903e-07,3.614938217812079e-05,1.9764240306985038e-07,1.97224954931966e-06,-4.4484880322700854e-09,-2.376818756409476e-07,3.876079034156656e-08,9.868715027537274e-07,-1.0747630667163585e-07,-1.6023696861039356e-06,-1.4330789002119285e-08,-8.584151637696334e-08,-2.185503485195155e-07,-2.39610781934232e-07,-3.1970399617884087e-07,8.093715944856003e-08,2.542781223877805e-08,-9.597334927526545e-09,-9.93224271586544e-07,-2.735928868970592e-07,5.6487699643204675e-08,-4.192518266145582e-08,-5.133800161414919e-08,-9.517378318436678e-10,3.52992776182084e-08,-8.186708548051494e-07,5.17578594980984e-08,2.5128531892529648e-05,-6.444687752685257e-07,1.4486980195204176e-07,-5.11503973004397e-08,1.748805956712264e-05,4.593940210633433e-07,-5.794761107827146e-07,9.03356400244545e-09,3.569687137967796e-07,3.25307256087542e-07,5.492009046170905e-08,7.840470266189943e-07,-3.0796714371390536e-06,2.6254650701308886e-08,-4.4597590081939435e-08,2.1710903158607088e-23,-1.3535070356245006e-07,1.1303771992101314e-23,-2.5592348227268136e-07,0.300675569799604
2022-12-01,2023-03-01,3.856031921887748,0.16653823296797168,2.3461560168901383,2.3720604914661827,-2.872300456193935,13.612363680578861,0.9159428187881169,99.99999999999801,4.065749942365422,-9.749337119341254,2.4470976610714463,2.2165571229428416,1.2941837007128973,0.271645063229494,0.7108316581626205,1.9694033636777528,2.424913801237305,1.2525491424709045,0.7519714950295453,0.7577875053723835,0.0813878470967442,0.5205744420298707,1.779146147545003,2.2346565851045552,0,0,-4.37042142726239e-07,1.23631471170721e-06,1.3726252383222204e-07,-5.236271322436676e-08,8.8148967659275e-08,-2.8358895275134303e-08,-2.5774386986770334e-07,-1.2724952390439163e-07,1.6755036982607368e-07,-5.729709921580982e-08,-1.731248180242053e-06,5.1957643010190865e-06,1.627829520947062e-06,-1.5759048553624303e-06,5.493848323524238e-09,-2.2368322476975665e-05,1.2440496145749484e-06,8.074326756559777e-07,-1.3549889290550835e-08,-8.259676055204764e-07,-7.433831206001723e-07,1.9046120708302616e-06,-9.368909382185628e-07,-1.4650582691403028e-05,-7.312131854829398e-09,3.4368778438713274e-09,-9.066312029765988e-07,-8.950281909455276e-08,4.163152759044825e-07,1.3933636533237499e-07,1.10496469178834e-07,-3.9831636201096587e-07,-2.0270392696000145e-07,6.48411719909529e-09,-3.103197357423531e-08,-4.050441548043662e-08,6.584242975559463e-07,-2.2617287725783532e-07,3.49345115049328e-07,6.200476174619e-07,-6.078295243392936e-08,-3.437197039819697e-05,-1.3421711783533537e-06,2.0070165622991652e-07,5.2155072019850306e-08,1.508422679089999e-05,1.869733295822777e-07,-8.930502422033415e-07,3.6292884892388128e-09,9.070819244762282e-07,9.896138376454871e-08,5.069559082000397e-07,2.549085860360494e-07,-3.654528874137174e-06,-3.039234375909533e-08,4.697028053167074e-10,2.0389922293272632e-07,-9.358400277168583e-23,-2.981791263947296e-23,-5.8422887811873e-07,0.30635803648697685
2023-03-01,2023-06-01,1.706622084439502,0.21147652255777832,0.9124408442761283,0.9235448726077239,-2.0022717798908873,2.2354602512146147,0.7237905128902926,64.98508815311015,0.6098835355997506,-1.2502927398726194,2.4396525819620756,1.748596256624424,1.3748098661539931,0.34109072480167885,0.7750577533261328,2.005560189366291,2.4096928972140095,1.3219407355145485,0.9733583438454579,0.9829973501992882,-0.6097859243435148,-0.17581889581906088,1.0546835402210972,1.4588162480688158,1,1,-4.887596593456079e-06,-4.972974332270561e-08,5.8799985853018336e-08,-4.067680081498659e-08,-6.561094416309087e-07,-5.71532412514725e-08,4.942882909181891e-08,-3.8470591510583724e-08,1.2549251830082965e-07,4.391659701157558e-07,-1.6109140506300058e-06,1.060690264868595e-05,-3.5732182538882246e-06,-3.3246096442087654e-07,6.062858328003545e-09,7.1705951710151254e-06,1.0099745216215088e-06,-8.661270405196614e-07,-2.352160460976201e-07,4.8566155081919434e-08,-2.500489281774028e-06,2.9856077498750514e-06,-3.7972401737068764e-07,8.685713284286965e-06,-1.4404146377541673e-07,8.928946810861736e-09,-1.7311003776767268e-07,8.450394775709841e-07,8.294041993483545e-08,1.291155200184335e-07,-1.1348770018448684e-06,-8.08954744708992e-09,1.0101785226764786e-07,-8.706683371298033e-08,-1.7191693426997578e-07,5.801366240708582e-08,4.4007432830481785e-07,-1.9938077629977404e-08,1.4418974045776364e-07,9.22028457728026e-09,-6.344057971590881e-10,1.5003981397377257e-05,3.6268614479252127e-09,-1.761384133955193e-07,-3.68017064649039e-08,-8.941859493637208e-06,-3.413682759206628e-07,-2.1013868004977678e-08,-4.103982959177531e-08,-9.240032219211793e-09,-1.7716356247509518e-08,-7.636812932501682e-08,-1.1788164832680792e-07,3.984270959649988e-06,-2.9319407181794023e-08,-2.2537670903160454e-08,-5.065524211703174e-23,1.286066436873334e-07,2.1381833404913948e-23,1.9179507902559596e-07,0.3145017042137029
2023-06-01,2023-09-01,-1.0789631902348162,0.2893210759862648,0.8986764274608853,0.9035965424483686,-1.9992528366738127,1.872201833188162,0.28455681973869495,51.520650865046825,-0.11723497395046205,0.6336168739957212,2.4774977637668987,1.3367178992657711,1.6787889658210418,0.6446080167925619,1.0774654732673197,2.3229484328762138,2.718371924342697,1.6064586968244754,0.1590445723101451,0.15852747023631006,0.43227689073384384,0.8651343472086017,2.110617306817496,2.506040798283979,0,0,-1.4196514204906301e-08,-2.1290599860867745e-08,-6.014782033691177e-08,-9.637121847786198e-08,2.2819212900553305e-08,-6.20121356947264e-08,5.8018133473578605e-08,-7.457019914194492e-09,-6.464939177089594e-08,-1.5110680461781544e-07,-6.593832094955735e-07,7.480809507079985e-06,-1.0075500321719078e-06,-2.1617708373100443e-09,5.110033861856996e-07,-4.349176960228984e-05,1.8743024088015596e-06,-2.137986587918066e-07,4.1346887118632205e-08,2.554732480292605e-06,2.8458266459143754e-06,-1.4546419788471647e-06,-1.7564368486705554e-07,-1.0433056253493371e-05,-4.005261858013134e-09,6.779002755632696e-08,1.006570431806189e-06,2.3014838365441262e-07,-4.2708209682543876e-07,-2.2260705518851893e-07,-7.04168877040089e-07,7.598104756482236e-09,6.637466863493198e-08,5.432747641415426e-08,-1.9347505358175288e-07,3.4149065010707503e-08,8.551986164012147e-08,3.7775583551496375e-09,1.2995789488123337e-09,-3.3384257153175234e-07,2.8910116144651886e-07,3.1002734156125066e-05,-8.603399536677072e-07,2.165619603875346e-08,-6.291273592791438e-08,1.3508175361283527e-05,1.4376966629071346e-07,-3.357132985847359e-08,1.4117615668564828e-08,-7.181907522510741e-07,-2.2976645904808367e-07,-5.4861471322137415e-08,9.365406393445072e-08,-2.004071921227957e-06,-3.036414628130962e-08,-8.585606106873166e-09,1.7754557395023614e-07,1.1511662024061454e-23,-6.635845724708821e-24,2.158032986901268e-08,0.35798244423120296
2023-09-01,2023-12-01,1.4774584148348424,0.3526522402132817,0.7537405884793569,0.7763985489791692,-1.9073652859764807,1.265188930466789,0.6626460707003805,51.3436362086083,-1.497405837918584,4.119899606090967,2.4453299205020484,1.490287307731819,1.2090857640764288,0.15529583907225747,0.6136139979859312,1.8623021850307555,2.246635595729064,1.1209227040231085,0.1778897315813767,0.18352180817860475,0.1899186812609715,0.6482368401746452,1.8969250272194695,2.281258437917778,0,0,2.232278689513823e-08,-3.454681619677323e-08,-2.756941573763524e-08,5.1017010396314e-07,-1.1973503795170482e-08,-4.5293095661162705e-08,7.107231936431959e-08,-8.581625641344175e-08,1.85133961528535e-08,-1.8277313252916435e-06,-1.0477971307838315e-06,2.1798809397638557e-05,-2.894860411693136e-06,-3.0545771244787597e-07,1.6726974352575795e-06,-3.5174728335551355e-06,1.3267676842000313e-06,-1.5160800743594189e-06,2.4731759637498893e-07,9.446055147823207e-07,1.2308250458989572e-06,-1.839154321949131e-06,9.112431280774193e-08,8.093552488280616e-06,2.6753256610931672e-08,-8.48543665973899e-09,2.246045083671038e-07,7.19388345111903e-08,2.168402837927617e-07,2.199969646274623e-07,-5.606985157167986e-08,4.401174898409619e-08,7.580286561884008e-09,-5.887452089801737e-07,-6.989846469528297e-08,-9.840553941610214e-09,-1.7282425379763224e-07,-4.7240609818415585e-08,1.515605039098436e-08,-3.1259684369730994e-07,2.76513844127102e-07,-1.1993660715693523e-05,2.3467664252367622e-07,4.2912916311818e-09,4.977669648342978e-07,-1.8615160624966335e-05,4.360269338389601e-07,6.766168769980149e-07,2.187004403453624e-08,1.0338739576263021e-06,9.959489896217038e-07,2.8929236779298264e-07,-9.727951921019112e-08,-3.1299678078978015e-06,-1.6255933574922086e-08,-5.25968032394169e-09,-1.0705039830906353e-27,3.368174527378617e-07,3.84305240045273e-23,5.136763284392731e-07,0.3689835638424225
2023-12-01,2024-03-01,1.9346626654904495,0.3678661548109565,0.9717426221552605,0.9766931572590837,-2.03157818753271,2.4548513058774346,0.7352591537096753,99.9999999999998,-1.8040473299997033,4.864096224421487,2.4909611230780646,1.0099449936324945,0.6182458659626211,-0.43799167202526534,-0.029284661122662835,1.2455862438963805,1.6481591367825488,0.526279327259882,0.3335873914152819,0.33470759153540747,-0.6022946229420713,-0.19358761203946875,1.0812832929795746,1.4838561858657429,0,0,4.2773235974707974e-07,-1.6335692429322236e-07,-3.308897554846177e-08,1.3543009442754085e-07,1.521311382210394e-08,1.452364161776373e-07,2.5768482590827898e-08,-9.450390917777878e-08,2.4458072944363392e-08,3.9083391640044534e-08,-5.039846794575481e-07,-3.939205915797584e-05,-3.947402631075978e-06,5.897751214323128e-07,-1.774196737753063e-06,-7.386350945945924e-06,-4.857208273741804e-07,-6.810134273686146e-07,-2.84660685975786e-07,-4.397094283709938e-06,-4.314733826675916e-07,2.8212425048638404e-06,-1.95727638121398e-07,1.6173674574943792e-05,-3.978943958736586e-09,6.275932084712327e-08,-3.195434450984788e-07,-1.7549541644890527e-08,-4.124544953776078e-07,-1.8461539041122317e-07,-1.528604262295279e-07,-4.9303467652865786e-08,7.995468308984252e-07,-6.348174013155179e-07,8.343300325221184e-08,-6.37357778488042e-08,4.7561495771378857e-07,1.003751252042307e-07,-2.6653868962984448e-08,-1.5745017472030045e-07,4.759065835749656e-08,7.863808720571092e-06,-9.136955533796786e-07,1.2488617851662396e-07,6.566470509020276e-07,2.7224323433904427e-05,-6.615242075574177e-07,4.105072838512987e-07,-1.1242315943091194e-07,3.820662458009878e-07,5.645111381749592e-07,2.0454795085322374e-07,3.418340491382882e-07,-1.1153222736693254e-06,1.1354669609041374e-08,8.138756882791364e-09,-1.946796035702683e-07,-2.6804229286621465e-23,-8.817232186394578e-23,1.400984190151717e-07,0.3627639679470685
2024-03-01,2024-06-01,2.092368016167967,0.4162172969779964,1.0255145356975253,1.0331022018848313,-2.060782885905607,2.8094812334410553,0.7524939139881477,26.27218542478243,-0.4104319263287911,1.4191516781584212,2.4479029356567965,1.1063814765646107,0.6873437967671181,-0.366458136883794,0.06488382248614741,1.2947353273406612,1.7264804884247338,0.583289472522619,0.8550025673870263,0.8631609041707128,-1.1366059385921592,-0.7052639792222177,0.524587525632296,0.9563326867163686,1,1,1.4386603101390065e-06,-2.9956483754313598e-09,-4.821484418232892e-08,-1.435183010314278e-07,-1.9189617839569038e-07,2.9273637189413572e-08,2.154364990833134e-07,1.985110876919301e-08,-1.614255543933631e-08,3.0745002445653903e-06,-2.1151823365822065e-07,-1.309931174120492e-05,-1.211178447716776e-06,-8.267646774504705e-07,-5.610245634792204e-06,-1.7818792497653474e-05,5.62733928691962e-08,5.50200000257951e-07,-7.916617970740833e-07,-3.7159441096394494e-06,-6.433042453865951e-07,-1.8353746370855773e-06,-1.8098961380181168e-06,-8.539359341230541e-07,1.3503843633688336e-08,2.3569130129371158e-07,2.897917395911761e-07,-2.989789148509447e-07,7.641290076485448e-08,-5.003554003723767e-08,-2.37220629705515e-07,-2.3451736267467325e-08,-4.3866414720353576e-07,-0.0,3.471006802019486e-08,-2.6046202572349196e-09,-2.0605519103056383e-08,-3.815637614097696e-08,2.2679093284056043e-08,-2.2267735088664084e-06,-3.093692907636185e-07,-1.0221805990351426e-05,1.4450996016050287e-07,-8.141981366160794e-08,5.699749978178575e-06,-1.9419012151442424e-05,-3.091314911137032e-07,2.6127823610427984e-07,6.858028443471912e-07,1.9553709994905556e-06,-1.8496431094698873e-08,-7.629653586632263e-07,2.0898073800313038e-07,3.6125990183689146e-06,8.319466264148075e-09,7.843347813874572e-08,7.353827369203778e-23,-3.6321738861772524e-07,1.303517956037478e-22,-2.6029515459452344e-07,0.3596620468593361
2024-06-01,2024-09-01,-1.5974916197048827,0.32657508741796093,1.1420379269559109,1.1611675728940292,-2.129678730905574,3.7020326934585426,0.221858439076986,99.99999999999999,0.1837375188874768,-0.14323693578598914,2.488860696170534,0.976749369197094,1.457766045977805,0.3978033269535184,0.8298787953776051,2.083446929917377,2.4755536146701997,1.3761222741233148,0.2047190557928784,0.2083257609497045,0.22545391550257346,0.6575293839266602,1.9110975184664316,2.303204203219255,0,0,-3.426491821713263e-08,1.768421623198047e-07,-1.2451838412783643e-07,2.029791838803731e-08,0.0,-5.43108218564403e-08,-1.1711005857722462e-07,7.828014649138431e-08,6.351629262764758e-10,-2.356915590541836e-06,1.2066892845654234e-06,4.45599105959878e-06,-6.815702259920059e-07,5.51617007739323e-07,4.2149983599523745e-07,8.176699756618572e-06,1.167232697039691e-06,8.399434912235133e-07,-3.1738542678776054e-07,3.4450210048676303e-06,1.449560200954471e-06,9.33980404677052e-08,2.801950526328936e-07,-2.3459219328211715e-06,-2.0380347615787003e-08,-7.001799664350823e-08,2.733827424258257e-07,2.4458724885422345e-08,-2.8638020019679385e-07,-1.0875194607767097e-07,5.611048227212309e-07,-1.5375735731097456e-08,6.789876682600706e-08,5.981657875223017e-09,1.5905071592748362e-07,4.0002396603697386e-11,-2.8201456056316287e-07,-1.9322469231634735e-08,-1.2280620065371396e-08,2.43717383503116e-07,-5.200256309938229e-07,5.370113350289486e-06,-3.952509932132492e-07,-1.1282636332601475e-07,-3.4296087913106273e-06,-1.0087055822591507e-05,3.7291530820586305e-07,-4.2080589957202265e-07,9.351315814740686e-07,-7.379062327073428e-07,5.0517644534596105e-08,-8.738504413911238e-07,4.604266492312981e-08,-1.6893524213404676e-06,-6.535747266066441e-09,-1.0813079480704162e-08,-7.08592116698343e-08,-6.836692756586519e-24,9.333994118899395e-24,1.656034275731658e-07,0.39205853113214695
2024-09-01,2024-12-01,0.1820884779537124,0.4296424586081994,0.5753032271373605,0.5950006530181429,-1.8029313591291718,0.06128297333788211,0.4561337457178947,99.99999999999999,0.5512442237379902,-0.8786799765826354,2.399299638866263,0.6529068849768116,0.7147953801404333,-0.2580565526475443,0.11113700022065882,1.3256061569503934,1.7085858362095696,0.6073847654883835,0.16765962730058787,0.1713406786525236,-0.1225987097217985,0.24659484314640465,1.4610639998761392,1.8440436791353154,0,0,-1.0779000763985656e-07,3.026779630621399e-08,-1.0684268329566364e-08,3.793057925579271e-08,-1.9476099277373168e-08,9.824734415710252e-08,-1.7258029702160402e-07,1.32786534970153e-08,-3.309124631726806e-08,-7.770274700524492e-07,6.4975450814605e-07,2.361678991239783e-05,2.5814390307124647e-06,-3.1272291188237515e-08,1.367435459452722e-06,-1.8316573474656613e-05,-4.922931913625898e-07,-1.4479751451073208e-07,-4.0795522053406575e-08,-3.983299064431761e-07,-1.1676630808623656e-07,1.7770471023744553e-06,9.77789033688092e-08,7.906551992059398e-06,8.323455309724958e-08,-8.017269905692659e-08,-3.436242863224839e-08,-2.1618785328050242e-07,-2.916045900053066e-08,-2.143643752521174e-07,-3.529581611856475e-08,5.402177516271989e-08,3.2468191788543243e-07,6.907603491720594e-08,-4.423290235221474e-08,5.695364494543193e-09,7.643050343956932e-08,3.043129759913724e-09,4.160646005607678e-08,-3.84357720195112e-06,-7.362114787375854e-08,-2.563817310916806e-05,-4.208055818308543e-07,-1.5201204251691424e-07,2.181233230664362e-07,-1.0816468883638865e-05,-1.1517160848186202e-07,-7.936432093027722e-08,-1.53866311777739e-07,8.033009859325393e-06,8.786266221760818e-08,1.8875202550715613e-08,8.892171681809952e-08,-1.0391528011014908e-06,1.4303945824220403e-10,5.290355304980627e-09,1.6657102971566632e-23,2.341418035772563e-07,-7.759590396406183e-23,-8.423013318870616e-08,0.40108364397186735
2024-12-01,2025-03-01,3.069283205859108,0.4289038606622433,1.6204079018867588,1.6329245789046638,-2.4219287403246703,6.971603086542224,0.857342178046399,99.99999999999999,2.3315403886879738,-5.251257118892672,2.41902094614944,0.9365620200689762,0.27646718376976,-0.729337696070016,-0.35018659651859607,0.8849685192200925,1.296442968463562,0.16924121860419916,0.394432361375002,0.3974430858541161,-0.7142951914456086,-0.3351440918941887,0.9000110238444998,1.3114854730879695,0,0,8.524291830470584e-09,9.538766166817472e-08,-6.295083240577078e-08,1.4695852571116853e-07,-2.806903198013353e-10,-3.329165613516185e-08,-2.3367231403091769e-07,5.608170264654036e-08,4.27377050516619e-08,4.417336939531887e-07,-5.740949889155207e-07,7.725242893552383e-06,-3.642440586745499e-06,2.3122411468052853e-07,5.072392226728297e-07,1.8080381121405394e-05,8.371838686549033e-07,-9.678204569568236e-07,-5.945441407134134e-07,-1.5202373184896813e-06,-1.0143741802385447e-06,7.689036964318085e-07,6.699468371782362e-07,1.7263319458652144e-08,-8.751799461870326e-09,6.12761028518032e-09,6.402150208525035e-07,7.023865086792413e-07,-1.7073308473491666e-07,8.414246446457432e-09,-8.186608837172425e-08,9.665426600838238e-08,2.2730921694917835e-08,-4.6199834706700986e-07,4.6405898223781095e-08,-1.2712885171796717e-08,1.9064750322290926e-07,3.413664878781229e-08,-1.9575335465323677e-08,9.428777085506119e-07,-2.2392326372952752e-07,4.19831980842714e-06,-7.981941900285081e-07,4.4292106173158923e-08,-4.77680324072281e-07,-1.1815020546623362e-05,8.006531572178904e-08,-1.6178084796491885e-07,4.78880125288981e-08,1.5551154514674813e-06,-1.4040620261201326e-08,4.566233934261053e-07,-3.230504614488842e-07,-1.3912239917726315e-06,-2.459713257021004e-09,-3.89356208145537e-08,2.5978388603026056e-08,-3.4074652278169594e-24,1.4043041709119014e-22,-1.753860042218654e-07,0.38844666026393565
