Date,Target_date,Actual_direct,Forecast_median_direct,CRPS_direct_parametric,CRPS_direct_empirical,LogS_direct,RMSE_direct,PIT_direct,df_skewt_direct,nc_skewt_direct,loc_skewt_direct,scale_skewt_direct,Actual_YoY,Forecast_median_YoY,q05_YoY,q16_YoY,q84_YoY,q95_YoY,BaseEffect_YoY_expost,CRPS_YoY_timesafe_parametric,CRPS_YoY_timesafe_empirical,q05_YoY_timesafe,q16_YoY_timesafe,q84_YoY_timesafe,q95_YoY_timesafe,Violation90_YoY_timesafe,UpperViolation95_YoY_timesafe,SHAP_Shap_target_headline_3m_lag2,SHAP_Shap_headline_1m_lag2,SHAP_Shap_core_1m_lag2,SHAP_Shap_sin_cycle_1_lag2,SHAP_Shap_cos_cycle_1_lag2,SHAP_Shap_sin_cycle_2_lag2,SHAP_Shap_cos_cycle_2_lag2,SHAP_Shap_Factor_1_lag2,SHAP_Shap_Factor_2_lag2,SHAP_Shap_Factor_3_lag2,SHAP_Shap_Factor_4_lag2,SHAP_Shap_Factor_5_lag2,SHAP_Shap_target_headline_3m_lag3,SHAP_Shap_headline_1m_lag3,SHAP_Shap_core_1m_lag3,SHAP_Shap_sin_cycle_1_lag3,SHAP_Shap_cos_cycle_1_lag3,SHAP_Shap_sin_cycle_2_lag3,SHAP_Shap_cos_cycle_2_lag3,SHAP_Shap_Factor_1_lag3,SHAP_Shap_Factor_2_lag3,SHAP_Shap_Factor_3_lag3,SHAP_Shap_Factor_4_lag3,SHAP_Shap_Factor_5_lag3,SHAP_Shap_Constant
2012-09-01,2012-12-01,-1.6759017886272431,0.5987691425695603,1.331417259198598,1.36637489330524,-2.3093474703274373,5.174127845231734,0.24062025446798013,99.99999999995804,0.836734102554202,-2.0910319434569224,3.127727711576963,-0.4353856468247485,0.1332820859744523,-1.1759995364680254,-0.6864693008673843,0.8670632282261156,1.3707761709850184,-0.016410199667937775,0.2208957425472261,0.2299008129650654,-1.4569720161387412,-0.9674417805381001,0.5860907485553998,1.0898036913143025,0,0,-0.03969563554346994,2.2447809166379631e-07,4.215763007349112e-06,-0.00018149523811891195,-0.00018279865224397,2.711657455611774e-06,5.620589560887775e-05,-0.00037405179635372843,-7.6145653913377496e-06,0.0002859886971571399,3.333429040353775e-05,2.167619482161562e-05,-0.034702042146243235,4.677323825464681e-06,3.1939658304460172e-06,-7.426257871575467e-05,-6.897691273207443e-05,3.4592110993812364e-05,1.2272339261893644e-05,-0.00028567426205000016,-1.281360647783056e-05,0.00010348158956258666,5.642263086731056e-06,-5.977762817564511e-05,0.6230052983029806
2012-12-01,2013-03-01,1.0026598726764036,0.574339313889359,0.7584956610170743,0.7716608183432149,-2.076514462145778,0.1834585010796461,0.5484168366111657,99.99999999979997,-0.32010775329392416,1.6294738920976366,3.15092767369425,-0.5953826692453035,-0.7024628089420646,-1.9724984585556455,-1.4791620342206133,0.12275476895472491,0.6443802573236396,-0.8460476374144044,0.282876847828899,0.28315220991421314,-1.4301171322300206,-0.9367807078949884,0.6651360952803499,1.1867615836492644,0,0,0.005056532212946388,8.567255264984288e-06,1.0132189790672558e-05,3.663838537656727e-05,1.0813286525989693e-05,-0.00012838352635028907,-0.00013350708010739296,-0.0004545042134821137,0.00022019096248157948,-0.00021253696333056586,-1.5902340751254457e-05,-2.426656271397426e-05,0.017519176977965477,-1.6577497526210786e-05,-1.4366318975865577e-05,-4.869928158545994e-05,1.042381400192749e-05,-3.7015833936308156e-06,2.9553273415342396e-06,-0.0001918469743920439,-4.435015883307276e-05,-7.36018544609164e-05,-3.190585546605365e-06,3.957782471144628e-06,0.5824334010730872
2013-03-01,2013-06-01,0.9673552161846288,0.6720681124573247,0.7400455630247482,0.7633038962262367,-2.054099158153423,0.08719447362765968,0.535282910070412,99.9999999999999,-8.617065487040058,23.625043223198595,2.6540992123977114,-0.1279526276012355,-0.20177440353306153,-1.5736165703497242,-1.0047680563957702,0.5594218580868956,1.0032585316519067,-0.3697914316473927,0.3501995012974523,0.35179812568620916,-2.0856294124614334,-1.5167808985074789,0.0474090159751869,0.49124568954019787,0,0,-0.010156613138113835,-9.642336482440022e-06,1.6995348335412126e-05,6.716323376524934e-05,0.0002776954679968003,-8.426228480197862e-05,0.0001285361688114204,-6.88155528028159e-05,0.00010767761877466827,-0.0001912196534646869,-8.16239777385595e-05,-8.071198036737019e-05,-0.03549863580176173,4.94971214596844e-06,1.0671270395602376e-05,0.00011359944606294542,4.215571055410148e-05,2.5855419665248233e-05,1.217781281501595e-07,-0.00023007381151533843,-0.00012536830621551589,-0.00011136491617401332,-2.4410561923860523e-05,-2.4161875339377528e-05,0.534105915027342
2013-06-01,2013-09-01,-0.5156316360427127,0.46762656713230555,0.8475303148443205,0.8463570645680295,-2.077538232843455,0.9667966941109654,0.368636875563381,54.47679746947393,1.8433097144976476,-5.01925440751083,2.979919540166231,-0.0553795839522308,0.19043496684152367,-1.03271119034235,-0.5274625870580617,0.9651971256389114,1.5065948839020358,0.07352832505844731,0.1793863197939019,0.18177120294697108,-1.2408850278147086,-0.7356364245304202,0.7570232881665528,1.2984210464296773,0,0,0.02033446070509757,-3.994336762199697e-05,-6.12198292172114e-06,-0.0001828445753038391,-1.6651289431504405e-05,3.475886148788052e-05,-9.655831621566557e-05,-0.0005712301718501885,-0.00041670535229592,-4.434769711331853e-05,-1.516325503660454e-05,-1.2386577963847688e-05,0.024175759050498638,-1.44860880657205e-05,-1.1603808810230142e-05,-2.273735669807974e-05,-5.042831341660269e-05,-7.200545841233012e-05,3.801375107320637e-05,-0.0001529273401295015,-2.484190660932007e-05,0.00025869117396799937,6.490425610217738e-06,-5.257851862367896e-06,0.5390007964878222
2013-09-01,2013-12-01,-1.1860208515447113,0.5882940371953089,1.1045517598641121,1.1126979353044557,-2.220296927086525,3.1481933244045104,0.284883307323679,99.99999999999875,-3.8388986280822883,11.885015618851943,2.939967132290082,0.0670906503184021,0.5106693725034072,-0.7889511666474363,-0.2688702023432597,1.224350260354849,1.7647729789557598,0.3635958632045799,0.2017741129734023,0.20539964795839483,-1.017320102364863,-0.4972391380606865,0.9959813246374223,1.536404043238333,0,0,-0.018412230258414826,-1.9695920888180754e-05,-2.2122298264494387e-05,-8.620601152486446e-05,-4.67478337277694e-06,7.358399656463e-05,7.064894907169541e-05,7.68808705631567e-05,0.0002204594738267844,-0.00011924933102843392,-3.447015787893445e-05,-1.76532855482314e-05,-0.007234060565486587,-1.1545730832909537e-06,-4.822241516011652e-06,2.7674435702230743e-05,-6.342215175023102e-05,4.483122919735677e-05,-1.5865607622290016e-05,-6.543443346165844e-05,2.3249241148503015e-05,3.8663415751838344e-05,-4.43814402133163e-06,-3.19979361320535e-05,0.5503072938331584
2013-12-01,2014-03-01,0.7453886205475158,0.31505180213068085,0.7086373476165708,0.7236169803134124,-2.011184010463909,0.18518977728512395,0.5426775036965371,88.77439379647197,-1.0993336247703733,3.6787225250414375,2.949090973789003,0.0027728372861801,-0.10481136731802856,-1.3114611470248185,-0.7916208383752094,0.6572315924348993,1.1797811775642126,-0.18357431785069878,0.1843024293545419,0.18242056018410896,-1.091746944656137,-0.5719066360065278,0.8769457948035808,1.3994953799328942,0,0,0.011510945009726475,1.1498360638510553e-05,2.842476203182382e-06,0.00026083856357595326,-0.00010615085863336741,-9.678811493534158e-05,-0.0001321143918230626,-0.00033847863977531673,-0.00011440932377975089,8.353537272903722e-05,1.2528459502013026e-05,-0.00010443850959113736,0.007366197740136141,1.915193199035801e-06,-3.9174152486106595e-05,-1.7714882495761827e-06,-5.857843063259365e-05,-1.4657521987507153e-05,-6.0700471876758125e-06,-0.00016083485657243687,0.00020952975681735506,-9.384307665705148e-05,-1.387457756603948e-05,-6.07016529085638e-07,0.5191775547908722
2014-03-01,2014-06-01,1.1545891680473377,0.5806954457431147,0.7659711778069743,0.7676147033303944,-2.0482681505640787,0.3293540045001966,0.5829960536636718,46.41362032569429,-1.0102714756259432,3.5716001329727596,3.005065295785904,0.0495813252518573,-0.09389210532419837,-1.4022384136005637,-0.8585904395596059,0.6236746150305625,1.108992564603856,-0.23906596675997704,0.3698941722949453,0.3707284202007709,-1.8625907334595335,-1.3189427594185759,0.1633222951715927,0.6486402447448861,0,0,-0.024033702769133015,-5.727148597757581e-07,2.671704517740575e-06,0.00023244363338840264,0.00019238201759559003,1.6377823028391058e-05,9.482713597843753e-05,-0.0006090528616515635,0.0003234285573512787,-5.086234253481397e-05,5.744717457864161e-06,-1.431986178752401e-07,-0.02394685089499925,6.227360104064629e-06,1.324176859503814e-06,2.8803118814982455e-05,-1.4605198014678878e-05,9.91745742392919e-05,-1.4135900814405787e-05,-2.1022919462910757e-05,-0.00022991305930816989,-5.423920293411108e-05,1.2601215488144393e-05,-2.607837334913857e-06,0.48035028710205835
2014-06-01,2014-09-01,-1.064681367721576,0.661186670055342,1.1026165493609406,1.1248931878380426,-2.2049906593200737,2.97862048381995,0.28908425608239485,99.99999999999987,1.2510519900438162,-3.218721727882222,3.094629756609649,-0.0876811076678585,0.34378590177637103,-0.9381136902424223,-0.45347126372588814,1.1271238349263295,1.6089059314476464,0.1784892342625355,0.2052509948735101,0.20720123053317058,-1.1578608668729138,-0.6732184403563796,0.9073766582958381,1.389158754817155,0,0,0.04091774041792255,-1.3799690054603737e-06,-4.42579035139716e-06,0.0001886298134968303,0.00011113968085690472,-9.998665691653193e-05,-0.00014930546359281853,-0.00016712023088568374,-0.00041055793479225,-3.0110401183372708e-05,8.559612103604807e-06,-6.372535644577463e-05,0.027541399777675033,-1.6323893366692508e-05,-8.157486026425283e-05,-3.4810985060349425e-05,-1.35790201406836e-05,-0.00014902956055052886,-1.773231421950883e-05,-0.00011703058376086655,6.069319046354444e-05,-0.00011927934129615777,5.380478193534677e-06,5.253956670155802e-06,0.49208047625102874
2014-09-01,2014-12-01,-2.1510413154555152,0.30421494493409373,1.4680415130801103,1.4752534294930886,-2.360243470546532,6.0282833041823665,0.20513689856985068,99.99999999999999,-0.3567641520229961,1.3815775253613458,2.978541861471478,-0.3289362236455595,0.2848778414518427,-0.9266596994710853,-0.4582053256398935,1.0264472298856937,1.5400201132397413,0.2088241052183193,0.30751189940813717,0.3096235790154115,-1.0354277193236863,-0.5669733454924945,0.9176792100330928,1.4312520933871404,0,0,-0.028530445878509402,-3.959515349619906e-05,8.419649417466639e-07,2.942509155890633e-05,-9.435884156218304e-05,5.056288055586092e-05,0.00011754540663778773,-0.00020626487305318818,-0.00012208715789085325,1.1628703718504296e-05,-3.329188814763665e-05,-4.870787261013887e-05,-0.008175340333976766,1.556797152279439e-06,3.333883309438795e-06,-0.00012633046705331344,2.3200971046537634e-05,4.536987241211559e-05,6.1428647944303385e-06,-8.657703433497193e-05,0.00021903717946735498,4.85606248428441e-05,1.6369618410837826e-05,1.6359341499132687e-05,0.4986171017742788
2014-12-01,2015-03-01,-1.4527353949258526,0.46711960503025496,1.200613928647785,1.191397386937992,-2.2509748014912265,3.685843220856466,0.2595856507739534,99.99999999997162,-1.8567491229483604,6.097715040738247,2.9988188935225977,-0.8784672275139016,-0.39850347752487475,-1.6687407413775432,-1.11358879259661,0.35385493142336716,0.8696169438776045,-0.5152833787824385,0.6585028095046538,0.6626631259251617,-1.1327625413260087,-0.5776105925450754,0.8898331314749016,1.405595143929139,0,0,0.005895638968336082,-2.7649915723487215e-06,4.800865691385941e-07,0.00014523732242043062,-8.08206279438648e-06,-1.3513166392652226e-05,-4.2835283902290205e-05,-0.00013563758466644758,0.00016117695974839704,-0.0004470213531816035,1.1950892354196501e-05,7.032658875733598e-06,0.005695080368277951,-2.2529011199727473e-05,-7.5059087129599075e-06,0.00010433706754614981,-2.5559984716647304e-05,-5.323079181132125e-05,1.8370298458947984e-05,3.11572967225802e-05,-0.0001735772245079465,-6.43851726721753e-05,-1.2385852531399259e-06,-3.9046928925077735e-06,0.4668184765704355
2015-03-01,2015-06-01,0.4976034012297958,0.4273030507154028,0.7206998699607263,0.7188684816867458,-2.039989127551202,0.004942139282446514,0.5200607695749033,99.99999999999999,-0.28319300429808164,1.2111381730810058,3.056307252150278,-1.042713669218287,-1.0602887568468853,-2.4000228570332323,-1.8456816091990518,-0.33700577703221707,0.1634725924739667,-1.167114519525736,0.18534274565642245,0.18375491682921763,-2.4683793849448716,-1.9140381371106912,-0.40536230494385644,0.09511606456232731,0,0,-0.07750440810387443,7.681686028389076e-06,1.613038053275323e-05,7.754476345471004e-05,0.00015730015117595492,0.00010138960686759512,0.00013181334698416446,-0.00015553461402408763,2.9574207112679656e-05,0.00021208431904626987,7.781417841326464e-06,-9.391848517734186e-06,-0.05282548714432764,5.124879204313081e-08,-7.805340848887998e-06,7.951274437265365e-05,1.448433256536078e-05,-2.1659156719779634e-05,3.026437225659425e-05,-1.2703040893368073e-05,-2.494261203196188e-05,5.4048826087932036e-05,-4.789548934416506e-06,1.290087625540666e-05,0.4166871503531096
2015-06-01,2015-09-01,-2.710354368949197,0.4482432182470538,1.9325140674728627,1.946965130811159,-2.618632347569868,9.976738717841979,0.14703307355160966,21.152398784220505,-0.5262328962895255,2.0237341551670744,2.910663792377224,-1.4541319195251925,-0.6644825227261295,-1.927882790548412,-1.380736750228434,0.1097803341988635,0.5811390766990123,-0.776543327287893,0.29853841627548827,0.2977571521764578,-2.233870979642698,-1.6867249393227202,-0.19620785489542267,0.2751508876047262,0,0,0.023632188104147765,3.298606598185922e-05,3.0070774638486516e-05,-0.00017119929006924098,2.582929778301624e-05,3.474815934639467e-05,-8.247241141149429e-05,-2.2903602923577415e-05,-0.00010675454212427832,-9.417859008401006e-05,-1.117113503662534e-05,1.2709698587169914e-05,-0.006101630705238261,-5.312643513434057e-05,-1.3604714127821705e-05,-4.334350726241462e-05,5.2089994412378e-05,-6.735140855287247e-05,3.6535584145134324e-05,-0.0001221103971291904,-7.078794038273514e-05,3.78631825968968e-05,1.8247701825209872e-06,-1.208474876175995e-07,0.3615008902981412
2015-09-01,2015-12-01,-1.6024726857608584,0.3251131840441891,1.1542034549583018,1.1650218976321736,-2.1832591913165738,3.715587285472082,0.25359680199488494,27.74943047920699,0.7467683635447582,-1.8400119108811643,2.818850721652189,-1.316989762101528,-0.8350932946502663,-2.025751688825093,-1.5594759817645736,-0.12710023457995717,0.3400314936891979,-0.9163715906613135,0.32034325081306547,0.3230892195938115,-1.9645924021308587,-1.498316695070339,-0.06594094788572265,0.4011907803834324,0,0,-0.04842885756396771,-9.305094116574355e-05,-6.900335837470929e-06,-8.383854875813274e-05,-4.337432905647919e-05,2.4353709825552173e-05,0.00017124160410599015,-0.00035344981300314585,0.00010918503735645044,-0.0002835127558914909,-5.264646652580801e-06,2.4588519618434478e-05,-0.017412917777728697,-1.0378371238106385e-05,-9.507893932402625e-06,1.2954108413367402e-05,1.4429176940885865e-05,4.230555062482004e-05,1.043347216549664e-06,-4.0734467694456066e-05,-9.508946666070527e-05,-0.00012454567782275771,1.3483724768776878e-05,-3.081231050411761e-06,0.3675221259252097
2015-12-01,2016-03-01,0.3572872619265865,0.1538970576594385,0.6911265754538456,0.7050293500679272,-1.997485405905738,0.041367575191832186,0.5258505543716194,99.99999999999999,1.9339425974249356,-5.447689963218839,2.896016178397318,-0.8644840978884183,-0.9153316489552052,-2.1110314252207054,-1.628165025368681,-0.17857735637293487,0.34147717066941324,-0.9538059133700649,0.2725346599531352,0.27638385015329897,-1.6272698668225734,-1.1444034669705485,0.30518420202519764,0.8252387290675458,0,0,0.0016520457530003788,4.632976381528998e-06,1.1654691298214015e-05,0.0004905318596033659,-0.00034511115509674306,-7.446725395359541e-05,-0.00017946238900495008,-0.0005438657475816317,2.668444597177544e-07,-9.207350117514544e-05,2.3795023380885158e-05,-7.215556620814506e-05,0.0002599664657462127,-5.547689770064503e-05,-5.755196712417423e-05,0.000131782157032112,-2.0443910588975175e-05,-0.00010018272516586531,1.9191491193570792e-05,-0.00034181998678659535,9.193576599567679e-05,1.272309471810683e-05,2.4150680961669453e-07,-1.4403312320566128e-05,0.3286108057088485
2016-03-01,2016-06-01,2.45646196530096,0.2595363630608092,1.3120011882609843,1.3223645842073308,-2.2840548571880745,4.826482101778249,0.7780039123520134,46.491040723295335,1.0700398380310687,-2.7708724093736996,2.8110619042051,-0.3747694568706272,-0.924000857430665,-2.0717906155286583,-1.620699408453552,-0.20818072092183737,0.29661769180619935,-0.9888849481958673,0.6705752498806427,0.6787841232769957,-2.550380771579909,-2.0992895645048026,-0.686770876973088,-0.18197246424505134,0,0,-0.008897056396121329,2.9270462564852327e-05,2.225474860039427e-06,0.00015431349400389692,0.00028065474604195047,0.00022207289807804221,0.00020448477487117114,-0.0008454795680953863,-0.0003022467905517667,-0.00047804942449303526,-2.1849911324965473e-05,-2.476901219043528e-05,-0.009428716875561552,1.2257541696643692e-05,1.986141072590875e-05,-8.57076772092405e-05,7.192743915388595e-05,6.0061899847373596e-05,-3.093293462210958e-05,-0.000393527744018415,9.415158184699944e-05,-0.00017625516901399,1.4826874672661348e-05,9.448314923780977e-06,0.29327923398489025
2016-06-01,2016-09-01,-1.9380357611535004,0.3511032760764178,1.3444765279468651,1.3599450359285625,-2.2916798855630915,5.240157531769917,0.2160159088094256,99.99999999999999,-1.2234869858264434,3.8039924803598817,2.8394381944111857,-0.181689804921703,0.3905949543857765,-0.8229562789366022,-0.347488947589131,1.0992925318963955,1.5570446824157207,0.30281913536667204,0.2107259083601915,0.21480948365883584,-1.1067909428407612,-0.63132361149329,0.8154578679922365,1.2732100185115618,0,0,0.01270531564525919,-3.7973387707815035e-05,-0.00010378538652685234,-0.0002258320780700498,0.00037072809109663465,-4.516758577801076e-05,-0.0002514030931378795,-0.000603248420844699,-0.0007571370411159524,-0.0002435990142672039,-5.23068504320435e-06,-3.1947514415441855e-05,0.009588054770738942,-1.0010153751996331e-05,-5.2693534844545746e-05,-9.866687383780038e-05,0.00015738434398106729,-0.00011552735820195741,2.048969082976238e-05,-0.00020006468354789368,-0.0004140986932147459,-6.761221366532925e-05,-2.0797694361658294e-05,3.4113439783019006e-05,0.29790161703595275
2016-09-01,2016-12-01,-0.9027447866095883,0.1554449841506143,0.8666419824062588,0.8423035050865362,-2.0399136240252673,1.11976559094153,0.33414280533696183,99.99999999742435,3.4260949523374973,-9.134752214955274,2.7479632984939992,-0.0067578301338855,0.25778961255616517,-0.8650712294124833,-0.3782222263802795,1.0348011312368937,1.5306981533258943,0.21892836651851155,0.23065954989613105,0.22478223728063618,-0.8253266606888846,-0.33847765765668086,1.0745456999604923,1.570442722049493,0,0,-0.00630781974431782,-4.305396179667993e-05,-2.43850684960267e-06,-0.00014832439858715539,-0.0004776284385336725,0.00012980626298588968,0.00021292271368403864,-0.0012760866945826493,-0.0006663846909660096,-5.2661700277302654e-05,-3.269569752131161e-05,-9.902517087211654e-06,-0.0018259496352002215,6.985229976075366e-05,1.568502923927195e-05,-0.00017731003218577926,7.61594727965592e-05,0.00011234032553431779,-5.0566934142045255e-05,-0.00017894606287913826,4.338095482582788e-05,9.090981272485528e-05,5.706470858127603e-06,-1.0989118082379265e-05,0.3241059522989504
2016-12-01,2017-03-01,2.649242671295582,0.279458840559734,1.3727352857044317,1.377891791448715,-2.3229475128237977,5.6158754044170704,0.7806369682225809,99.99999999999183,2.363913540569034,-6.536837051135701,2.9020968168707633,0.5662310222083633,-0.02621493547559866,-1.2258447752995152,-0.7487121342546126,0.7280022248705212,1.2122673822368961,-0.09607964561553217,0.22044190539886974,0.22675219838988694,-0.9483428382809059,-0.4712101972360032,1.0055041618891307,1.4897693192555055,0,0,-0.0011736739369016824,1.127435115389162e-05,7.50532834721257e-06,0.000581113045532094,-0.0003756254021980779,-0.00018471678969586076,-0.0002474833358163371,-0.0008458920671339682,-0.0007198503181191185,-0.0005147452063221584,0.00010298085632558867,-1.3920400182906185e-05,0.000138960127520517,-2.034468331723994e-05,1.0978846096060041e-05,7.517153311594182e-05,-0.00022765192520491615,-6.895947177235319e-05,1.7637583724811198e-05,-0.00021302051057332596,-0.00024600022604516947,9.159028542725897e-05,1.8505726623742153e-05,-8.023739281904714e-06,0.3002610749739893
2017-03-01,2017-06-01,0.9795640593527112,0.20966312842221946,0.7416163936323953,0.767298622926387,-1.9950746965393504,0.5927474434476377,0.6067952918806586,99.99999999973761,1.308737975886536,-3.4546981655058175,2.7969696740169674,0.197006545721301,0.004531312988678149,-1.1437868133814524,-0.7051801472481861,0.7267513965567662,1.157793359558493,-0.047884469116876716,0.5583487545941472,0.5589463085404706,-1.8402970871839832,-1.401690421050717,0.030241122754235423,0.4612830857559622,0,0,0.00552347063121935,0.00013644798946094503,4.018468900224074e-05,2.3032156336161267e-05,0.00023599558155610445,1.0260661398341978e-05,0.000228086473700301,-0.0007767347865710157,-0.0008992050842886104,-0.00021590367529986785,-1.4739516949763287e-05,-4.033775029852938e-05,-0.003252446336142194,-2.8831347606848672e-08,1.6418062696386036e-06,0.00019624844077254267,5.022605237046476e-05,0.00013297545508922465,-3.173961691013293e-05,-0.0001730700315072427,-0.00013131153463306677,-0.0001122045981142499,1.4644591186648891e-05,1.4786884949621643e-06,0.2765295697881347
2017-06-01,2017-09-01,-0.1263638609870554,0.2844812570365236,0.7008042182892749,0.702011282865293,-1.9840183293766174,0.16879371100380858,0.43649488248409557,86.89731038041401,0.72973495402247,-1.7575098617799516,2.8548196387439955,0.6499245207629123,0.752635800268807,-0.4302563366978075,0.045900788600521734,1.4772492029701292,1.9385324207612142,0.6815154860096762,0.17068132445857415,0.1713821484834317,-0.47424648361441346,0.0019106416839157715,1.4332590560535232,1.8945422738446083,0,0,0.009330666209389875,-0.00020003917809843503,-7.922019809024201e-05,-0.0002715339817227866,0.0002886003750239803,-0.0003043788337104421,-0.00015527496382164948,-0.0006682529717091082,0.0010033822695181076,-0.0003197695149237974,3.6716005050785696e-05,8.657270852416913e-06,0.010557330908209277,-1.77988393794226e-06,6.11958134185835e-06,-5.761460383079607e-05,0.00019867234256674152,-0.00023546214749431345,-9.31087951837978e-06,-0.00021633351355211363,-0.00018791516392330717,-1.3778741838176628e-05,1.1026038973315776e-05,9.509908543910374e-07,0.3151408684034655
2017-09-01,2017-12-01,-0.1616119614833877,0.2644883395761649,0.7319276807422334,0.736256594113178,-2.025956216807751,0.18156146656304137,0.43456743070060777,99.99999999994607,0.8190507829133914,-2.112803217703062,2.9754874412396113,0.8352077270444624,0.9417328023093505,-0.30492487721965295,0.23406766939917953,1.7449846923417236,2.189863432230621,0.8756107174153094,0.18826919307839335,0.19400361143607908,-0.5863846276226655,-0.047392081003832985,1.463524941938711,1.9084036818276087,0,0,-0.005501599091672162,-5.275254691227779e-05,-4.3747046465877214e-05,4.430583003106867e-05,-0.00047690650700752676,0.00015956180210747748,0.00029373317710275083,-0.0006511318383514794,-0.0008637498858269901,-0.0003870520842684257,-1.4798039087231601e-05,-7.705395616846294e-06,-0.0032518453757797916,1.2989359222753242e-05,5.627190597470353e-05,-0.00014816988157752517,-6.759049692587294e-05,0.00020179016950882565,2.5419786947127876e-05,-0.00014199780259332645,0.00010899033242858149,-5.2735407488623704e-05,-1.9080366482643744e-06,2.9989672152090394e-06,0.32028900909501884
2017-12-01,2018-03-01,2.477398143619069,0.3029678523724231,1.2894020727162854,1.3110407935970774,-2.2485411317530843,4.728147091490974,0.7757857599379729,99.99999999999999,-1.3501127525159493,4.156757251894648,2.8324888789868674,0.7922465951253344,0.24863902231367274,-0.950054602714415,-0.44789223083974183,0.9904008340781174,1.404551741455955,0.17289705922056697,0.2710642864694489,0.2776993716371015,-0.8489777912351979,-0.34681541936052473,1.0914776455573345,1.505628552935172,0,0,0.003412181518729194,-8.990554434879853e-06,-4.440675121274483e-07,-1.875214083169593e-05,-0.00038347006837762416,-0.0001231473947844417,-0.00024311288529243224,-0.0004646837073541099,-0.000680520230183918,-0.00029497253408859194,8.555090015620635e-05,4.080437903520353e-06,0.003962195583226217,-2.9238454956215737e-05,-5.4134643067961986e-05,2.3635067170542806e-05,7.090493600134221e-05,-7.518938223213382e-05,-1.9807417674754682e-07,-0.000230044434858027,0.00014064987344318127,0.00018243242880152245,-1.5452006185321173e-05,2.5617669667293682e-06,0.3197364409042235
2018-03-01,2018-06-01,2.370847191536285,0.397714087740792,1.1446723768844669,1.1621354851776797,-2.1683824968516454,3.8932542452936354,0.7500691059182001,99.99999999890717,-1.9837397644356356,6.000100975581306,2.771632319717031,1.1400673781712278,0.6467841022223546,-0.5000961806006756,-0.030117504684109103,1.3778771343740193,1.7809012854400388,0.5473555802871566,0.8526765146422449,0.8591083866246079,-1.2513690839691918,-0.7813904080526253,0.6266042310055032,1.0296283820715226,1,1,0.0030374432769279167,5.425205944072417e-06,9.990215872001097e-06,0.00020610410206933438,0.0003424691902416532,-0.00010191496110477388,0.00020764053755872264,-0.0007133837010813664,-0.0003074793840701365,-0.00021941218993798986,-3.380132842505945e-06,-4.867671181671152e-06,-0.002889978505071515,5.591787775287092e-06,8.804709599405447e-06,0.00011165067537616916,0.00010044241813755851,0.00011336767326433122,-2.1924957609315922e-05,-0.0002410278254578773,-0.00020491919337797113,-0.00014350009583775835,-7.999842030908855e-06,4.3363122288430526e-05,0.30250839854182593
2018-06-01,2018-09-01,-0.748192918317514,0.2537301451663787,0.8116470376163161,0.8086569391268846,-2.0178303883765336,1.0038498251409484,0.35129828482119685,91.07507881709562,-0.4031425610646105,1.4362337346596659,2.7729248532310096,0.9846101138386132,1.2350908797095865,0.04519820460738877,0.5780296582244977,1.9591298218174538,2.384911514159537,1.1716583434179917,0.17087702766469406,0.17437986044703463,-0.33887098996537823,0.19396046365173067,1.5750606272446868,2.00084231958677,0,0,0.014748750652682682,-0.00013656582364006964,-0.0001458983174127838,-0.0004764001008873462,0.0003622203959322784,-0.0002018724741538835,-0.0003275919060123418,-0.0003287473618146353,-4.228779336761306e-05,6.248346277092838e-05,2.723285322868021e-05,-0.000101588562055678,0.012049318455978144,-1.3526003838093542e-05,1.5066280499267913e-07,-0.00014235190786401745,0.00012321896309811263,-0.0001296069059307302,-7.2561506713275235e-06,-0.00010956544932667004,-0.00031210899679717883,-6.906298658364533e-05,-3.585083220423998e-07,-2.847126575948389e-08,0.33811032451434075
2018-09-01,2018-12-01,-1.3436083445384384,0.48581445121667244,1.1061877526996275,1.134412157297204,-2.1515660600564264,3.346787765628446,0.2540407880713653,99.99999999999807,-0.15799349617542857,0.9085821567999361,2.7365805419218514,0.6891110180748505,1.1464667170136282,-0.007909327367431707,0.44306967209672415,1.8183675811708564,2.269670990716724,1.0250131042094601,0.25614219811585187,0.2622646739154646,-0.051184988553635666,0.3997940109105202,1.7750919199846524,2.22639532953052,0,0,-0.0037538737407809344,-6.429958487286703e-06,-1.3871276927701385e-05,-0.00019036334450874028,-0.0004654336796335958,0.00011611489680678924,0.00024856015957683487,-0.00015893134950319634,-0.00046425408378844254,-0.0003523266042461086,6.444759365281909e-06,-2.1610087381800456e-06,0.0018760544836162593,5.838401957173517e-05,4.432482875390962e-05,-0.00012413203472304258,-0.00011846357722997075,0.0001793516806104757,-4.54514392997921e-05,-0.00015391765875393142,-5.462282068410879e-06,0.00014135879847745317,-4.379543859969526e-05,-1.526450269378347e-05,0.373596642584184
2018-12-01,2019-03-01,2.6266663227207943,0.4041569865866951,1.3735257303302275,1.3810418512684641,-2.280193747483341,4.939547749203235,0.800270694490216,20.92127402622305,-0.6085984197605158,1.9885660891404549,2.688218634816723,0.7264280628502817,0.17080072881675692,-1.0323100570992982,-0.5704650260466738,0.8228839860993649,1.2808258265425636,0.06976148217008316,0.16341353380622176,0.16275423435745698,-0.5198354782048253,-0.05799044715220096,1.3353585649938375,1.7933004054370365,0,0,-0.00032451873926400807,8.454243540915125e-06,-5.703134431337283e-06,0.0004456423256155347,-0.00038051124376151275,-0.00010782604502952654,-0.00031391677140422063,-0.00019495693371082544,-3.849805274513516e-05,8.048515645570339e-05,2.712545582750448e-05,-0.0001402270474188769,0.00281053890286854,-2.3384059986478206e-05,-3.67482481196333e-05,4.7286809516317844e-05,-0.00011539325013760374,-0.00015481162144065139,4.522620580048526e-05,7.580921635305751e-06,-0.0001924652409456473,-0.0002334440515232668,5.254978255308514e-05,-1.924065511055512e-05,0.3551941014917953
2019-03-01,2019-06-01,1.8589498705711804,0.12253140859781855,1.0397491000828647,1.0656421498680488,-2.137611384275268,3.0151490750819354,0.7202317433421839,99.99999999999999,0.6689790717345286,-1.6941092614657212,2.824475314619897,0.5984537326090056,0.1643491171156651,-0.9844466575789358,-0.5204675803616761,0.914898921189607,1.360158565224405,0.13371626496621047,0.9476772384863941,0.9560347743819075,-1.9036175232649168,-1.439638446047657,-0.004271944496373891,0.44098769953842404,1,1,-0.002120061463079955,4.276820352230732e-05,3.618952303069334e-05,0.00022924963235719298,0.0007507645674687621,0.00012657098579819481,0.000280941826718229,-9.692945397782574e-06,-8.657192713809338e-05,-0.00031250570695355297,7.081830815591268e-05,-0.00018107899256032466,-0.009699001723291068,1.5680763104521646e-05,1.5045632106417121e-05,0.00025652001205256407,8.833934554915859e-05,0.00013177905113585182,-1.7221538222506602e-05,7.90233754944012e-09,8.682153815209122e-05,-9.365442490079685e-05,-2.5268734128909145e-05,-3.412594623150891e-05,0.32886518190397607
2019-06-01,2019-09-01,-2.5491941213637404,0.6345495533553211,1.9187497212197206,1.9413353648771612,-2.5907160703409287,10.136223786313634,0.1257342548068118,33.16359946607049,0.08291893933655,0.33204607599977193,2.6629334284279147,0.148203431847449,0.9441393505272144,-0.18597105633144786,0.255653130727798,1.5912419394858952,2.0512253182417988,0.7855019621883841,0.29911788707959114,0.30394751448128954,-0.4629781812596448,-0.021353994200398917,1.3142348145576983,1.7742181933136019,0,0,0.015863977132357637,-5.308333763609752e-05,-6.367328340481761e-05,-0.00020014912094749626,0.00035917697036799587,-0.00020697788704047144,-0.00024203172973082777,-0.00048206474885940297,5.643585588705663e-05,-0.0005276135238524185,0.00010791448767551416,-6.56925934748017e-05,0.014563206460204578,-2.0384441003448156e-05,-7.904468710840852e-05,-0.00011469264757156854,0.00019388003330633713,-7.802395557540905e-05,2.458775256451577e-05,-0.00010040862928892282,8.083783294887072e-05,9.877159408380523e-05,1.5011540353202218e-05,2.7163794680810234e-06,0.367385936668919
2019-09-01,2019-12-01,-1.3138421111992926,0.516967772065557,1.1104471312643607,1.1215393815717665,-2.155625965523326,3.3518648286602524,0.2531347333598535,51.49849045869609,-0.12144128324606623,0.8449638265079523,2.725940657382602,0.1556449901822354,0.6133474609984478,-0.5121289100348612,-0.07492373228084018,1.308228168312126,1.7733451629252188,0.4841055179820586,0.3431660607452953,0.3450757230789489,-0.39228245326704747,0.044922724486973514,1.4280746250799397,1.8931916196930325,0,0,-0.008335310770475115,-0.00010709744044039534,-3.09129438480789e-05,-0.00015026695647976537,-0.0006845606612195369,4.750057978116777e-05,0.00020417773210579577,-0.00043153310119513957,-0.0004328176545954471,-0.0008046511991415226,8.748049116137827e-05,-3.178325719805806e-07,-0.0028801369066454095,1.3326083830014012e-05,1.3586308597732268e-05,-0.00011306297131582958,-7.651801064561521e-05,9.248718955356932e-05,-2.0424113426682448e-05,-0.0001174225571876392,-0.0002487868190848971,-3.445368715352244e-05,2.9045693836212636e-05,-2.370548215894898e-06,0.3862511233742178
2019-12-01,2020-03-01,-0.0618969635020505,0.3410104073280037,0.6499308352232978,0.6472155315417002,-1.9022369668144874,0.1623343494691868,0.4442474870655183,13.572860287499976,0.2543656948510391,-0.36409778643349666,2.5997433106432246,-0.5164958313734758,-0.41576898866596224,-1.5601482988052544,-1.0990092004867258,0.26539308157927327,0.7196310734605751,-0.5010215904979631,0.18033454116156145,0.18128055102295573,-1.4567505896220594,-0.9956114913035305,0.3687907907624683,0.8230287826437701,0,0,-0.0066709084381263925,3.816325069511665e-06,3.153174869559107e-06,9.504225129681948e-05,-0.00034483078983117856,-0.0001864114763570153,-0.0001750439707711601,-0.00022691299634472259,-0.00042395948771838343,-0.0005536417950709967,1.0073980381931912e-05,-0.0001672896343571993,-0.004477129073177939,-6.0561601642259035e-05,1.9777827188801963e-05,0.0001259731222361532,2.9380703762498967e-05,-9.478876755037976e-05,1.9219586797840936e-05,-3.57300715752812e-05,-0.00011073358877752226,-0.00022434634252131299,-2.6454833587817453e-05,-8.054414481922406e-06,0.3553183270573186
2020-03-01,2020-06-01,-1.2069191362176213,0.30222964863437785,0.9584270735392745,0.9793530495033115,-2.0807076852350352,2.2775300548202653,0.2957525577214952,99.99999999999999,0.4290941806782183,-0.9093451027297952,2.7592274753816155,-1.2829630830706762,-0.9056758868576764,-2.049170558145,-1.6218141626574034,-0.2087938003993507,0.22233728059941826,-0.9812332990162709,0.17869632222645088,0.1819569304827605,-2.2497586860426497,-1.822402290555053,-0.40938192829700026,0.021749152701768703,0,0,-0.0008800733955560533,4.588481692627654e-05,-5.987576643238797e-06,0.0001851469539296532,0.0005844779602219675,0.00015332110660682565,0.0003159971960901539,-0.0002979547327161498,-9.154527919831322e-05,-0.00043648210290457367,2.3536165322181908e-05,1.5073247578754797e-05,-0.003897626947425748,-1.5179082583839291e-05,-1.28812788453199e-05,2.0922946334548343e-05,0.00013898264399232117,0.00014771528567847602,3.026259027848758e-06,-1.2243836938026468e-05,-3.4761963562440884e-05,-0.00017826765638010507,8.245800410711957e-05,-2.0931475677653452e-05,0.31789133802377767
2020-06-01,2020-09-01,-0.6297416761359642,0.29065214439777365,0.7472995913351079,0.7706378529122373,-1.9586192657554875,0.8471247848766904,0.36393160331357927,99.99999999999999,-1.1993547543235565,3.459408123159112,2.6325505808337932,-0.8030999717637322,-0.5730015166302977,-1.645323206104874,-1.2450252706734888,0.08450341775923331,0.4973600774106109,-0.6456645527297411,0.17200287178243845,0.1770964457917358,-1.7080286805556932,-1.307730745124308,0.021797943308414006,0.4346546029597916,0,0,-0.0031411571988600073,-5.100887130071814e-05,-9.604129905501778e-05,-0.0005404741564305328,0.0005479874266451907,6.674746583095925e-05,-0.00026826979371077025,-0.0002545162091123547,-0.00017554568792672677,-0.0008055914138948573,-5.115769608147417e-06,-0.0001016753656097463,-0.0018950207928401506,-2.658575969707083e-07,-2.7826411657020908e-06,-0.00011445896458098543,0.0002152530355108844,-0.00019657529248169223,2.318896584400712e-05,-5.7812553969149146e-05,-9.050060549522068e-05,-0.0002684808933809883,-1.3168990016313868e-05,-2.25629337670274e-06,0.30842828508362086
2020-09-01,2020-12-01,-1.3700510191686277,0.3378724463189164,1.0110193353599308,1.0286449436759957,-2.075770466283956,2.917002563962982,0.2698306183718643,49.50842351559145,1.5058205082245175,-3.718418538309638,2.625201780458005,-0.8171521987560659,-0.3901713323841799,-1.491473521574023,-1.0727918282551445,0.2702302550243312,0.7506776722683488,-0.474639443963909,0.252205029553153,0.25659348350133576,-1.4926694256027175,-1.0739877322838391,0.26903435099563655,0.7494817682396542,0,0,-0.0011953860023585336,-8.685753923639836e-06,-8.99714407505938e-06,3.7681423867180606e-05,-0.00038837054692766193,0.00019261659447882682,0.00017367645249565414,-0.0006376849346525494,9.182399545637922e-05,-0.00065561178055567,0.00014303761250209713,-4.956286393799291e-05,-0.0012422217619263252,-1.666120750971242e-05,-4.766835538590135e-05,-0.0001320309014307746,-1.9944594114046192e-05,0.0001776993446515702,-2.209816445418699e-06,-0.00016823964181826977,-6.514268741476688e-07,-0.0006833498794731228,5.911099117900024e-06,-3.870660562528152e-07,0.29921461592546517
2020-12-01,2021-03-01,2.2246024460283564,0.3297757983809072,1.1612408192570853,1.1678342209300439,-2.1743137146382954,3.5903680246348704,0.760419802839494,99.99999999999999,-0.14831125655747082,0.6992642146284939,2.717509994227756,-0.2455273463734641,-0.7192340082853266,-1.8378268335165608,-1.4489088435109942,-0.026270584517535184,0.38798866817237065,-0.8016779578805533,0.16993691938658542,0.1725419957170837,-1.489235121034556,-1.1003171310289894,0.32232112796446966,0.7365803806543755,0,0,-0.004097497010930084,-2.1628001811389655e-05,-1.3266269834113968e-06,0.000573460961372716,-0.00044849368141178697,-2.8545914017105548e-05,-0.00019618855930853227,-0.0011911864328053965,2.9428615139432827e-05,-0.001091150193115513,-3.103704978638416e-05,-9.964221240710417e-06,9.187682708238524e-05,-3.024785100570834e-05,-4.111865840293402e-06,0.00013118309589022344,-1.8889447282430296e-05,-0.0002117649408006858,-7.136006179100972e-06,-0.0009589457352237995,3.446507596653942e-05,-9.356703167120467e-05,-0.0004307683071299861,2.719471968762283e-05,0.27884818253066807
2021-03-01,2021-06-01,2.185793453337226,0.25239652910061555,1.1739787619842836,1.1816728431413017,-2.1669456203130513,3.738023666647585,0.7730101851495002,51.26877561038881,-0.11144539868563799,0.5156921056660976,2.6015179947596843,0.6026508010152476,0.11930156995609502,-0.968054468250529,-0.5671603781223242,0.7555998587227352,1.2078172776505,0.05620243768094113,0.6586824678299377,0.6658746179950521,-1.4689203645728957,-1.068026274444691,0.2547339624003685,0.7069513813281335,0,0,0.0019464881555912245,2.0573584227758142e-05,2.0524064286075028e-05,0.0001843201190081505,0.0006725601103072601,0.0002075448671604828,0.0002486984176262132,-0.0046844800481406,-0.0006875093044454275,-0.0018307521418829977,-2.0083114404506104e-06,-0.00020977581328142866,-0.003762614501355122,8.663926922938904e-07,8.789327268274353e-06,0.00031458934484607367,9.175950040440029e-05,0.00011511957635456375,1.816645990056287e-05,-0.001033137770200093,0.00017752098972781028,-0.0003752931552822444,1.4695990477254438e-05,-9.021959696429647e-05,0.26116269673685494
2021-06-01,2021-09-01,0.7114717776239843,0.3026377560444974,0.6511568461479863,0.6552225932338515,-1.919585096268929,0.16714525720085635,0.5602387086354998,99.99999999999768,3.1931915039539898,-8.02882659072545,2.6032177291912495,0.9379541644552348,0.835745659060363,-0.21982788497872927,0.1724307638663671,1.5084201973869578,1.9466949552952963,0.7600862200492386,0.26722079351794586,0.27008706600874194,-0.5578571572653622,-0.16559850842026583,1.1703909251003248,1.6086656830086634,0,0,0.012846089936234394,-2.900528840098362e-05,-2.7685524866851506e-05,-0.00044866053635368795,0.0005130552450195977,-0.0001115170701538292,-0.0002812721272890909,0.0005159888995523857,-0.0031506871975905547,0.0005374286684056635,-2.4723881370326715e-05,-4.153409692728045e-05,0.009206102463888245,1.5625819767241398e-06,-2.2074236000048618e-05,-3.5080396707746476e-05,0.0002679829531990614,-0.00018559157967350446,5.7714688701611063e-05,0.00010058478492144964,-0.0001374381226692287,-9.491008788466074e-05,-3.765991379530242e-05,1.3132971849001547e-05,0.28867634202125925
2021-09-01,2021-12-01,0.9561201240249062,0.23586381732349515,0.6987484321137,0.7063799964618659,-1.9389574932595752,0.5187691473431572,0.6042721886848158,59.82219620142052,0.9938988397039581,-2.3866795469980873,2.641747719171122,1.5194969502536182,1.3394328735782652,0.25863792838717065,0.6790085040528089,1.9943240720134585,2.4913728340521684,1.2804669192473916,0.26723701004312633,0.27115727641305465,-0.004026220805211377,0.4163443548604269,1.7316599228210765,2.2287086848597863,0,0,0.0035289128710197203,-0.00013571970934855653,-0.00013007059884361788,-0.00011255795706234698,-0.0009466066455633365,0.00016082110272172336,0.0002027927111059221,-0.000419466313825716,-0.00055838825392264,-5.703605372980983e-05,-0.0001512719597177048,7.599354823916323e-05,0.0034466251544953046,-1.6214719317203484e-06,-5.690074897701118e-06,-0.00018010318836969528,-4.2332381488308974e-05,0.0001562219322279904,-3.800947491925437e-05,5.573574290164677e-05,9.376887572852741e-05,-5.899144687797565e-06,1.4103879174821552e-05,-8.208994890316e-06,0.3082271019078809
2021-12-01,2022-03-01,5.579284960102626,0.3136872900024027,3.7570692741812803,3.7933864126851695,-3.829288123093083,27.726518823364906,0.9732468907253733,47.43716613214638,0.774666020407288,-1.6371293582094613,2.5802767723919406,2.3581675787721856,1.0417681612471297,-0.007347410638227123,0.4221910606042879,1.7246126470351282,2.153793449649918,0.9633463387465291,0.8797142875613687,0.8876095416191974,0.05596289318495591,0.48550136442747094,1.7879229508583112,2.217103753473101,1,1,0.006178701298674562,-6.645288306028828e-05,-2.6981867922827146e-05,0.0003738235948892652,-0.00039478890895347637,-0.00011260205615922323,-0.00022582644596193954,-2.5200223412458783e-05,0.00047830177006901673,-0.00020211590010487274,-3.178722250242873e-05,-1.4766483632988398e-05,0.007603133177500829,-9.45363736468896e-06,-3.263495925285203e-05,0.00010875702624636348,-7.149450171261461e-05,-0.00010304997304380872,2.4401594674318953e-06,-7.207844761787097e-05,-0.00010981562771915226,-2.0892402731518103e-05,2.1324290474346143e-05,-2.169417135079075e-06,0.3277355030088479
2022-03-01,2022-06-01,6.068889418297374,0.3498988921853417,4.268276725047507,4.3131550801878875,-4.285338611048293,32.70685263775918,0.9850933537403773,99.99999999999999,1.6273353182770551,-3.764175978140813,2.528289277662306,3.3289415700122227,1.8991939384842147,0.8465996769202726,1.2710627692533816,2.54076711903141,2.9758425895050373,1.8117192154378792,2.28342881794401,2.299318437343035,-0.37709050672318284,0.047372585609926084,1.3170769353879543,1.752152405861582,1,1,0.012609746339282498,-1.5993531046209456e-05,-3.664623867983808e-05,0.000325416559513662,0.0008317362092660753,6.140660756517482e-05,0.0003462070901721611,7.550635328677724e-05,-0.0002573349992101286,7.45381923009208e-05,-2.7527806760945625e-05,1.2955587477983482e-05,0.0014328255033238023,2.0941291368347996e-05,2.1364927409248126e-05,0.00010196593863352654,2.874903843015299e-05,0.00019019001394822324,-3.4702212876090725e-05,-3.972284707152768e-05,-9.118325490389317e-05,-7.053388771013793e-05,1.0990585946070626e-05,-1.7651011916131758e-05,0.3190748643776723
2022-06-01,2022-09-01,0.1985517052279561,0.6067088627853133,0.64332239122524,0.6488842696470705,-1.9108160316290785,0.16659226526530135,0.44271524936044393,99.99999999987358,-4.042642913181832,10.892908425383569,2.544020692367027,3.200711551913216,3.302750841302555,2.16518057288411,2.6222788653180147,3.956086682485673,4.344012556560541,3.1510736256062266,0.7185576482295116,0.724960259288956,1.0143319731341005,1.4714302655680052,2.8052380827356633,3.193163956810531,1,1,0.02538395180307242,5.797004880943733e-06,-6.550847758095691e-06,-4.197248695498846e-05,2.5988719433536287e-05,-1.5573452008044843e-06,-3.587406231322819e-05,2.741050998829421e-05,3.565956317057527e-05,-4.35209775440873e-05,1.948047846427212e-05,-1.959022128572938e-05,0.021113159453498086,1.1046546628357174e-07,-8.038570615075291e-06,-1.9525163598419303e-05,3.857534211529185e-05,-2.631364665922528e-05,4.826349765687015e-06,-1.1390162524923484e-05,1.804444936324593e-05,-2.0221752324982173e-05,4.028476551141215e-06,4.228316691191366e-06,0.38826768982508625
2022-09-01,2022-12-01,-0.6438340512879392,0.5596398010288206,0.8334352170074131,0.8491065029757554,-2.0260467356770144,1.4483493132101424,0.33955072435326983,56.189956349567666,-0.6139171581205729,2.1914718156786144,2.7416389539780606,2.8007230080850043,3.101591471164194,1.910931924180753,2.381247209245877,3.77623172909454,4.2147760720198075,2.961681520906989,0.18438112723588457,0.18770019197507393,1.823403394098749,2.2937186791638733,3.688703199012536,4.127247541937804,0,0,0.012472787687358978,-3.303967730747729e-05,-1.037199098834139e-06,2.0734502368287697e-06,-0.00015639259092281368,1.3408804154060086e-05,1.2856619498511832e-05,5.843250426141496e-07,5.0722413486392254e-05,-0.0001050028395729697,-7.560307540091707e-06,-1.1361642974225019e-05,0.015027159216268706,3.069725836325434e-06,2.2089746501638294e-06,-3.4186962980167826e-06,-6.304709219703193e-06,1.0946823945063524e-05,-9.550395959593516e-06,-7.942856603866494e-06,3.585557748295069e-05,-1.3356550504768443e-05,-1.9149515393912263e-05,-1.9373772051365898e-05,0.4637358398374823
2022-12-01,2023-03-01,5.987436207850649,0.4170143589057855,4.11862796411677,4.16161350649605,-4.077764723067391,31.02959957520232,0.9808727980569207,99.99999999999999,-0.3219657532907459,1.252718531260106,2.6740212488868216,2.90276082002201,1.510155357785794,0.40768907181208136,0.8253023534724746,2.161143258119597,2.5983432578932635,1.4059017680593477,0.8271749463530425,0.8347456353472419,0.6222747566367011,1.0398880382970945,2.3757289429442165,2.812928942717883,1,1,-0.002163889807984095,-5.153744076016979e-06,6.322063671787045e-06,4.021175224028009e-05,-2.0764056556582588e-05,5.449560145542335e-06,-2.4898162808633726e-05,8.61367340327157e-05,2.2424971238296844e-06,-6.420986610246132e-05,1.589213436113988e-05,3.553579825818814e-05,0.0017495773136686776,-6.444685333701211e-07,-8.653384893568529e-07,1.8549076677475743e-06,8.641417482358053e-06,-1.0225882407600718e-05,1.3202076615520938e-05,2.340783186272275e-05,-4.294581492017995e-06,6.072330071166092e-05,4.20165369746687e-08,-1.0830495248803494e-05,0.46746484413871203
2023-03-01,2023-06-01,1.2434704318277312,0.4684526748253645,0.7091973116587005,0.7251243114161235,-1.9461408964472293,0.6006525236689794,0.6117034898630576,99.99999999999999,2.337635171644835,-5.658588946775663,2.6214643769573973,1.6964060734045994,1.5026516341540077,0.46129308270200803,0.8264221173952079,2.1926912712606783,2.612215385762861,1.3855384654476666,0.7344360080749822,0.7394344202507463,-0.43534951849079057,-0.07022048379759073,1.29604867006788,1.7155727845700626,0,0,0.02017037959105856,-1.1837935697662237e-07,-9.902928780537135e-06,-2.3131361704885508e-05,-2.1175569124671418e-05,2.565370084406405e-05,7.268872185615795e-06,8.84070431053246e-05,-6.9800921790222185e-06,-0.00011005033042037111,-6.200474929578693e-07,-1.1689168127121984e-05,0.005337209023923943,7.493769284772977e-07,-2.538910273948691e-07,-1.7020945241573083e-05,6.126179463603416e-06,3.10020657565147e-07,1.0987707912102374e-06,1.4473646414665182e-05,1.018273041192292e-06,-1.7347345540684294e-05,-5.9977230408123934e-06,-1.7271605943197885e-05,0.4671990016315014
2023-06-01,2023-09-01,-0.0225740853323941,0.4263654466215881,0.6752415412916211,0.6904902400133716,-1.9464876388984638,0.2015467033510606,0.43784888307833386,99.99999999999986,2.0937977495890614,-5.324394146557682,2.731791531576502,1.6411246257645118,1.7533595087530074,0.6509684884046505,1.0627242522467164,2.434987782027547,2.95253417657356,1.6467681470976103,0.18634651921585382,0.18814786689200447,0.3367042631008663,0.7484600269429322,2.120723556723763,2.638269951269776,0,0,0.006150905068560972,-2.9114343076622713e-05,-2.500458086504294e-05,-4.909539943426101e-05,3.1250982176702376e-05,-3.5019873706217887e-05,-2.7974652263772698e-05,0.0001258991183406319,-1.7232438880052103e-05,-3.998162758419118e-06,3.10501305514752e-06,-2.913797065841496e-06,0.012037696188588659,1.0495023779542554e-06,5.284014725196523e-07,1.603804767044594e-05,2.030781865937484e-05,1.6998743226188754e-06,-6.560954612414662e-06,4.306143406309591e-05,-1.952279108398189e-05,-2.631199435493388e-05,1.279076206097315e-05,-6.385267515574887e-07,0.517419246379138
2023-09-01,2023-12-01,-0.4069281653197976,0.4540267787103811,0.7196846316010646,0.721590086340815,-1.9078631754277602,0.7412434156500082,0.367817269413918,18.019573726163856,0.6682779201617148,-1.246547924965818,2.5083124023769954,1.7003510972565472,1.9155898332640917,0.8766075744154768,1.2993401414970238,2.58290813569939,3.0559263627843944,1.8020831385864966,0.1551321776557753,0.15667678364835763,0.7403139120557113,1.1630464791372583,2.4466144733396247,2.919632700424629,0,0,0.0023646303870640904,-1.6503101443061468e-05,-4.1403638998521005e-06,-9.327103244011667e-05,-0.00011057936175210554,-1.23858652298225e-05,3.220103697687972e-05,0.00026632658487040856,-2.8133773569486252e-05,-4.842833227248529e-05,1.0151877514791501e-05,-3.2887976623127385e-06,0.0022479380383553025,1.4952938663187852e-07,1.185758595710887e-06,-8.601330598456322e-06,6.053607883427698e-06,2.8299312755447325e-05,8.952028874721869e-07,-1.6701536210468214e-05,1.4493274865717497e-05,-3.429981994721037e-05,-1.0160900752620906e-05,-2.6838347797991333e-06,0.5183903636841436
2023-12-01,2024-03-01,3.344001218156833,0.49246366993260143,1.7092174515203435,1.712208438339305,-2.4567667990555897,8.131266388932662,0.8520400709008902,99.99999999999999,-0.8831516683974022,2.9073524616433337,2.686306028136087,1.0394923498330932,0.32660796277703524,-0.7692825026050437,-0.3614789637783719,0.998876691201789,1.4246062477376698,0.20349204529388487,0.3051957013158214,0.3062093741922615,-0.5757887044432403,-0.16798516561656848,1.1923704893635925,1.6181000458994732,0,0,-0.00359061978953393,-7.132644925048022e-06,4.705970565482264e-07,-8.7390421303392e-05,-1.6866597199012052e-05,-3.622753368713777e-05,-2.0605716343268293e-05,4.303211335767381e-05,4.440132495552068e-06,3.431853297475467e-05,-1.0440250699202889e-06,-1.479841530500607e-05,0.003159107947663672,-3.786075147847983e-06,-1.2004204688993952e-05,4.660961867990583e-06,2.2355903026476453e-05,-3.0130954302729854e-05,-6.120555863842495e-06,3.6223607934406485e-05,-9.5708519963242e-06,-7.270457715810572e-05,-1.6934497646625342e-07,3.5271810945187883e-06,0.5296380948852396
2024-03-01,2024-06-01,2.362819660421067,0.5030096337680773,1.1327970122278237,1.143614167628672,-2.157097807422788,3.4588933352389954,0.7650772181719909,32.87390218696591,0.6797369419237542,-1.2790056005477817,2.556944116823056,1.3193296569814272,0.8543771503181798,-0.21478461608180238,0.19668643224489787,1.4918287978250213,1.989647099998328,0.7286247418761604,0.7871768215254391,0.7956954992005313,-0.8804116623422776,-0.46894061401557735,0.826201751564546,1.3240200537378528,0,0,0.014595414513630476,6.936187105069006e-06,2.4757280700467504e-07,-3.84320892679841e-05,1.997238635042053e-05,-5.04557553202032e-06,2.2111271076045676e-05,3.441775276546351e-05,2.1732679354350937e-05,-1.3906201821848722e-05,6.193915648842851e-06,2.1281819096071408e-07,-0.00033980151640965433,1.6066143211522635e-06,1.0476115657477103e-06,3.8337176872259456e-05,2.9905673992324333e-06,5.559305909027395e-07,2.90527620692898e-06,3.020849618074532e-05,-3.082513130229929e-05,3.378374968927208e-05,-8.400944233219421e-07,8.770975460844201e-07,0.505582905449285
2024-06-01,2024-09-01,-1.9421145486806068,0.6012993001353064,1.5435093452366913,1.5724739017305258,-2.374469792201961,6.468954006348577,0.16742556694370334,99.99999999999999,-0.8357241885171293,2.8450186173054495,2.6411644845950977,0.8394445411443741,1.4752980033483523,0.3321012127732041,0.8179371840545662,2.1231403899977574,2.561307402193781,1.3249731783145258,0.23480319094908342,0.23972868343560036,0.057059246326194676,0.5428952176075568,1.8480984235507478,2.2862654357467718,0,0,0.009969614944138255,3.381816595172949e-05,-1.1638873901673966e-05,-3.336736571739494e-05,7.3249527967511315e-06,1.8981631154485802e-06,4.584403302708107e-06,0.00014908277723137833,-3.655715355312169e-05,-0.00010182361367298891,-2.552018886854889e-06,-6.917080798624248e-06,0.013035798393615834,2.6799518303271768e-06,-7.62797789583682e-07,-2.219938326174915e-05,3.4274170853027842e-06,-4.389706109182067e-06,5.88073417974567e-06,-5.846472777727641e-05,1.8685125602122986e-05,1.699297061441801e-05,7.811806441033678e-07,-1.0076892561854151e-07,0.5465264665578873
2024-09-01,2024-12-01,-1.2668136518691142,0.5728327161678529,1.1174554361085638,1.1280173603699477,-2.15591453607317,3.3842987594316045,0.24626879731634768,99.99999999991266,-1.7037975254638846,5.122124415001201,2.6554751794755567,0.6244731695070449,1.0843847615162867,-0.0022913514660085595,0.40664741927842746,1.7693840382607204,2.1885071870296198,0.9411765824743235,0.4735852242665586,0.4753232143884274,0.30429965893119726,0.7132384296756333,2.0759750486579263,2.4950981974268256,0,0,-0.0033172382428490973,-4.469974545269577e-06,1.273333535835141e-05,-3.546950212150526e-05,-2.8485904315470786e-05,1.769580323923406e-05,3.3982499616826244e-05,0.00012898238239622995,-7.265516972305527e-06,9.498992111458182e-05,-1.1667542843391883e-05,3.827802269733367e-06,0.001331900160342874,-4.735511684902269e-06,-3.641088994322624e-06,-2.4447451438285356e-05,-7.76938677526736e-06,-1.3562146765103876e-05,9.825275308281416e-06,-9.73377758762627e-06,5.399738349727827e-07,5.004872758314062e-05,-2.451966911526709e-06,1.1443681412688274e-05,0.559012760622105
2024-12-01,2025-03-01,2.212995154062014,0.3806464622221261,1.128817067573812,1.1406359821086363,-2.1510431121216658,3.3575017284873483,0.7597422008310144,20.347856073728195,-0.16053323519850776,0.7686637435597131,2.6054950620746795,0.34172165348334,-0.11636551947663194,-1.2432797182675202,-0.8111295853818833,0.5518332683071335,0.9816473457578868,-0.21152713503216347,0.2014164258394817,0.2033407875082562,-1.0532307279050854,-0.6210805950194486,0.7418822586695683,1.1716963361203214,0,0,-0.00810369775141133,6.109174091135612e-07,-6.312695799339304e-06,8.273015829472545e-05,-1.7368439651539428e-05,1.4958270845940817e-05,-1.6221748277047898e-05,-2.2878424742318946e-05,-2.4799519026435047e-06,1.146518786195991e-05,-2.0194248084524895e-06,9.951209843178556e-06,-0.0054878926198707375,-6.359397826197523e-06,3.3502595073193743e-06,1.091111032413485e-05,-1.2611090683477986e-05,-2.1669384007195165e-05,8.776580514906979e-06,5.4363942364433904e-05,-1.1130224361128759e-06,1.837277946403011e-05,-4.7174794150406017e-07,-2.6509425949475125e-07,0.5361100539710627
