Date,Target_date,Actual,Forecast_median,q05,q16,q84,q95,Squared_Error,Empirical_CRPS,Parametric_CRPS,Skewt_df,Skewt_nc,Skewt_loc,Skewt_scale,PIT
2015-01-01,2015-04-01,-0.436408859321169,0.2690260699141689,-0.8596204922618256,-0.38233773061531195,0.5542709263552936,0.7827042771865855,0.4976384393852662,0.2129485131994952,0.4115920354401971,12.384099093632999,-9.999999914762675,2.1330834340330163,0.18577824522764336,0.10971191890728688
2015-02-01,2015-05-01,-0.5646743254231978,-0.0887258496210741,-1.208976331355216,-0.696232090701315,0.1912125685876731,0.35433199177177244,0.22652695161836475,0.14493323987812248,0.26227284093517184,8.95595060215198,-9.999999999999998,1.3973657468165936,0.1456030026375394,0.17492543564461976
2015-03-01,2015-06-01,-0.3619796751591408,0.16705996767205633,-0.8938015448601178,-0.6753028859790788,0.5396914878920356,0.7393963973044038,0.2798829436869607,0.1296444002033427,0.24105362503102779,33.76670061475261,-9.999999999995968,3.4042989691826184,0.3325960676418362,0.23428387389958433
2015-04-01,2015-07-01,-0.6049125622189067,-0.6390766027093875,-1.2179900691150716,-0.9594927982600865,0.010200266442961237,0.7242555523541583,0.0011671816626352136,0.05570162559874005,0.1173223572358266,9.05213725964926,9.999999999999998,-2.461861299700404,0.17968898967884897,0.494925809785412
2015-05-01,2015-08-01,-0.6894260284991738,-0.564674325423198,-1.0657141430084671,-0.8773406412068141,-0.014761832116416684,0.7665539577290825,0.015562987420356438,0.057855451636103374,0.13050841207440586,6.871507462469217,9.999999999190406,-2.0867627166933387,0.1469387218436871,0.3670861429963513
2015-06-01,2015-09-01,-0.6613065813612096,-0.36286657688435753,-1.0080130698215228,-0.8053975324453511,0.4424845914392961,0.8227634974944387,0.08906643627214346,0.10192348295004588,0.2159516848497019,26.19350059131859,9.999999999999858,-3.5135684548305615,0.3158898352873963,0.2518798161798294
2015-07-01,2015-10-01,-0.7572129780924364,-0.6049125622189067,-1.6646836713264612,-1.375932308559591,-0.15383117654828027,0.144126809978129,0.023195416675250102,0.08581298433550345,0.13970937742652004,33.517195728999496,-9.999999999999996,2.786287754888038,0.33821934325288316,0.4064670395653071
2015-08-01,2015-11-01,-0.9613875482682666,-0.6894260284991738,-1.7014069284191358,-1.2928222661196962,-0.4410017126737885,-0.2674495640750508,0.07396306823511464,0.07771211489749874,0.1310370466231151,20.900800368630915,-9.999999999999257,1.4931937754439029,0.22343036444122882,0.33676942536890053
2015-09-01,2015-12-01,-0.8846061718801757,-0.6613065813612096,-1.4265715413593938,-1.0423446647952694,-0.10066459596078658,0.07852576692002344,0.049862707125937926,0.08666444726393993,0.179394455143863,70.13311844695156,-9.999999999998554,3.0408224649103066,0.3619126070663374,0.27648902122318014
2015-10-01,2016-01-01,-0.8913308118217778,-0.7572129780924364,-1.1362124505078341,-0.9860728517986139,-0.27669195768251315,0.3378112156801728,0.01798759332425126,0.057047783839768565,0.1212615379072135,7.985576342157174,9.99999999263647,-2.0836707891955806,0.1302940619592325,0.31447449774292396
2015-11-01,2016-02-01,-0.4777355470935163,-0.6974916655352548,-1.0812029687759406,-0.9238394991574417,-0.3314219102166227,0.137045350792881,0.04829275159257939,0.06726299368571832,0.1312479535134726,3.7153066847457272,1.6195684113356974,-1.09983430766477,0.2298985464526099,0.7407025771450463
2015-12-01,2016-03-01,-0.4835425102155177,-0.8501532432273251,-1.2705051637321496,-1.196192851561939,-0.19187388345258682,0.27323508103856653,0.13440342955945472,0.09647229849393384,0.17313966831186087,17.807907510547295,9.999999999999998,-3.136252108185371,0.23303551879954784,0.7112773921873917
2016-01-01,2016-04-01,-0.0345979297843968,-0.4505146810366511,-1.3954062031234393,-0.8913308118217778,-0.05457422551806701,0.11941491958165062,0.17298674397222957,0.12179699195798319,0.2507668108861885,38.505519583108814,-9.999999999999998,2.4895480271055503,0.2910883107424987,0.8380830000105772
2016-02-01,2016-05-01,-0.078091993123941,-0.10582749367316069,-1.082948983973786,-0.6597373510331295,0.15780989480758123,0.3415555609940797,0.0007692579907157659,0.05362629407553052,0.10672354759341152,28.509310054481702,-9.9999999997734,2.224300645013808,0.23857259063779465,0.6094554039700976
2016-03-01,2016-06-01,-0.2309070414847625,-0.3000535557061035,-1.0984031269329186,-0.7866152521042373,0.30913452109642137,0.49635069470124193,0.004781240428962112,0.06996408203969781,0.1210085532976762,99.99999999999999,-6.083210565104129,2.6570182081944007,0.47324892440024663,0.49886760575579725
2016-04-01,2016-07-01,-0.0341674115764689,-0.11796057153707906,-0.5871199339029063,-0.3705730260890938,0.15906336393944898,0.5805148988774711,0.007021293656184401,0.037329834938020855,0.07849777390324103,3.1815248911772125,0.9703765869252443,-0.3606088204755775,0.22192316023091585,0.6306524443959607
2016-05-01,2016-08-01,-0.0035302097705525,-0.05028968918310284,-0.5431090164230492,-0.2846117455680641,0.2384721933708534,0.4579454420819751,0.0021864489149327187,0.03312867064190634,0.06509842709212903,3.7332126838256112,0.7152606797880755,-0.22237961412091856,0.22046887638824128,0.579013596870974
2016-06-01,2016-09-01,-0.1371437538706388,-0.16640133026850634,-0.5776135299450759,-0.374997992568904,0.3381859930422948,0.8984523098298137,0.0008560057766770564,0.03991018024245551,0.08525836265938055,6.520347194860323,9.999999999985485,-1.2851340388429289,0.10896816133889688,0.5011954257893301
2016-07-01,2016-10-01,-0.2647019222216329,0.23122673087190293,-0.8150513075604149,-0.32268312648806585,0.5401441198677579,0.8671723764940964,0.24594522895916862,0.12976720919465368,0.2552966100084824,27.38975805558181,-9.999999999999998,2.864472555456112,0.2662105695080348,0.1902057112196349
2016-08-01,2016-11-01,-0.3096467326607843,0.2335719003792036,-0.7794332922588998,-0.3547815443284641,0.49720928885994553,0.6472799115188721,0.2950864832818331,0.12918858191227228,0.2583817399278606,19.772403968350027,-9.999999999999998,2.2540481833119412,0.20909299630961392,0.16748163396637614
2016-09-01,2016-12-01,-0.3244976139693989,0.1160381859295789,-0.6655428886316095,-0.22329629928439232,0.6472184293308735,0.8259881849295603,0.19407179099263225,0.1474975910451931,0.29351104059174793,99.99999999996973,-5.276149560536781,2.363861715167565,0.4165402714148299,0.14520475073539943
2016-10-01,2017-01-01,-0.2193919160335511,-0.13058408849229153,-0.5099447544531532,-0.35166954044587584,0.25307922399022686,0.6924771095312017,0.007886830232598101,0.0421057641073982,0.08845948631491157,3.727214548058785,1.4082961282841164,-0.46713485902883595,0.23468698824871218,0.3458337367292402
2016-11-01,2017-02-01,-0.0934193881882983,-0.47958878512366354,-0.8872851436974472,-0.733773378847502,-0.1450762033404232,0.31608994722258643,0.14912680312942367,0.12040193048643917,0.233494070830746,3.8856178047641676,1.8716998930298518,-0.9216056099326203,0.21680866881777144,0.8498065765013595
2016-12-01,2017-03-01,0.1182657315096591,-0.49893708129733483,-1.0949632894708294,-0.941183670644552,0.11680157801707836,0.41962460269449053,0.3809393121368652,0.2000233127312963,0.3909377843420665,23.63537243294881,9.999999999999988,-3.0890674120575508,0.25413540325857054,0.8853185366204733
2017-01-01,2017-04-01,0.1239956835564548,-0.6718455059345096,-1.5554221180652128,-1.0855658476436325,-0.2585775522302214,-0.08544501239446944,0.6333631988903933,0.29301277327008507,0.5835149352350903,48.38967637204866,-9.999999999972438,2.326975760299125,0.29804990830120026,0.9823742047572132
2017-02-01,2017-05-01,0.2363944157873554,-0.3543015364069646,-1.179770322908067,-0.7368935480519312,0.09700497147058229,0.2519209097234216,0.34892170793875443,0.1817531818834399,0.36845626840598894,31.232034557688046,-9.999999997936005,2.32322377841542,0.2617372114256094,0.9286620781034645
2017-03-01,2017-06-01,0.211977293329113,0.04911921728831814,-0.9035480526480909,-0.6633153430515293,0.6128297658182014,0.8415554434680672,0.02652275293170932,0.08574058901072143,0.15452171835708906,99.99999999999999,-9.999943027836856,4.526115188580907,0.4488836240713879,0.6344530164950635
2017-04-01,2017-07-01,0.3411499143932239,0.07845461033850754,-0.42576970704484296,-0.19976695466950634,0.21815793902888458,0.42496057319665326,0.06900882277239988,0.10106056157467429,0.1993904226361761,3.82286324137697,0.03541896926259167,0.02922774594529147,0.18624976568887508,0.9086628848403291
2017-05-01,2017-08-01,0.3939075833012673,0.26478256102100417,-0.2144554820753264,-0.016700293724358772,0.4313861751475301,0.6167743502027534,0.01667327137887845,0.049475017795943065,0.10486536281884884,3.2773622572653944,0.19384318334081066,0.18234713866874894,0.17969991275616382,0.79406971082992
2017-06-01,2017-09-01,0.5106385514639378,0.21197729332911308,-0.18059839084611617,-0.024619098591749378,0.6873070402420467,1.1886099223887392,0.08919854711067639,0.08600574587163608,0.16429589824033786,4.745155085319701,3.157295434413466,-0.46463233331092635,0.2050279889874478,0.7686431616644542
2017-07-01,2017-10-01,0.5208852935738584,0.6874480022632135,-0.22090668117487056,0.14975396067100633,1.1401584903407738,1.473537462041214,0.027743135925934963,0.07458607740366778,0.1338938654285204,99.99999223908387,-9.999999999999336,4.707206367547439,0.4024367965584984,0.3816535260079999
2017-08-01,2017-11-01,0.5982825822619553,0.8240324897664131,0.12921629134297064,0.34877277163358755,1.2399492410186674,1.443410332966679,0.05096302073827124,0.07763589852939666,0.13774180463657146,99.99999999946719,-9.999999999999387,4.291344309836382,0.34795789660825294,0.3199949545827672
2017-09-01,2017-12-01,0.7058486844918832,0.7764539134758053,0.10625235830801216,0.3974186110160538,1.4307994766673104,1.6744640633213237,0.00498509835987207,0.06190822308760057,0.13018342341250783,99.99999999999999,9.00708105378229,-2.7672309855919304,0.40099433820278557,0.3763618821671311
2017-10-01,2018-01-01,0.4828958814294459,0.609693121115118,0.249298788436203,0.3808332474089404,0.9732508363497594,1.1760406518198665,0.016077539991905775,0.046425825503628074,0.09278062094970226,3.279379581055199,0.850045291182657,0.42373910312887,0.21346978162746183,0.27763143420530223
2017-11-01,2018-02-01,0.5275904350424909,0.20502216373268217,-0.22141218389295503,-0.04775299174363923,0.5982825822619553,0.9963432459127305,0.10405028965579839,0.09381196795478272,0.18430329728285202,4.502607336091918,1.7070620473432414,-0.2347352169864366,0.24551176423702345,0.806059829831614
2017-12-01,2018-03-01,0.5770491780988429,0.13845398203260473,-0.5019504456971813,-0.3412773384735779,0.7058486844918832,1.0097314374012178,0.19236574601238193,0.15714513220013457,0.2961733920567294,19.862411093522674,9.999999999999998,-2.2694023762259654,0.23085981186588758,0.8399204410762844
2018-01-01,2018-04-01,0.508604894016873,-0.31294530806151855,-1.0936867528993277,-0.7065333758779602,0.18751515429194732,0.47263090278422126,0.674944734535046,0.26931421982486803,0.5383713281804137,99.99999999999999,-9.788324485958896,3.3025058086145447,0.362330695603357,0.9669881142671537
2018-02-01,2018-05-01,0.4485120447570878,0.04270577761715799,-0.842911105671007,-0.3838687268423513,0.47286415519502967,0.6065057277143104,0.16467872645004406,0.12165242505356934,0.24778105960859045,33.24651324733986,-9.999999999982665,2.774058305336448,0.2703666824080574,0.8433275304079524
2018-03-01,2018-06-01,0.4772563274701547,0.414191102058048,-0.4685200551232782,-0.1288166900083425,0.9411006299107072,1.1932876152793703,0.003977222656279826,0.06009241444350344,0.12017665934210145,99.999999999975,-6.671683477921474,3.382870128198648,0.44547758163069484,0.560078215164663
2018-04-01,2018-07-01,0.52264543290228,0.25397984061115153,-0.21723197642202763,0.0545251860661935,0.506931428145041,0.6658515898227252,0.07218120048114289,0.08492871387700554,0.17348183705545814,3.033157835135869,0.2995697363015226,0.18770884693713175,0.17977565642542176,0.8763475732329369
2018-05-01,2018-08-01,0.5386646238818571,0.3216259682239375,-0.15985102061950585,0.0905530884081962,0.5820823265315411,0.7729797347607391,0.04710577804979699,0.06721465510824433,0.13513026830038194,3.578974176702906,0.5229861384414702,0.1983416314661675,0.20241976743803206,0.8142976067762351
2018-06-01,2018-09-01,0.3692064162161834,0.24822965729569546,-0.10583320547350894,-0.022650443386659336,0.702638932914823,1.1704169218259195,0.014635376198905856,0.04945948508900725,0.09752832081874091,7.290507484417473,9.999999999999968,-0.942100733937916,0.1147256211786642,0.6170217098488783
2018-07-01,2018-10-01,0.4029215472739267,0.5734445643668096,-0.31511082651771716,0.029861713025596315,1.1416617314925936,1.4315614678868485,0.029078099358459623,0.07825797121423649,0.15102998745156843,99.99999999999999,-9.648963307070836,4.709399592912168,0.42441101771978207,0.3511634495048002
2018-08-01,2018-11-01,0.2384944634538754,0.7095546423032673,-0.1804769907004733,0.31415735102848785,1.1559791722006274,1.3834509325475253,0.22189769209762106,0.1479481555537304,0.2980703272933718,50.36936697781479,-9.99999999999954,3.8206182128622648,0.30686990220291016,0.1456353698282402
2018-09-01,2018-12-01,0.3096180831721362,0.39371876180220866,-0.3141024061673381,-0.05504135406395605,1.0579958260356292,1.3244820820871972,0.007072924146038729,0.06598527260003997,0.13832377495495315,99.99999999999999,7.06045519714559,-2.571019861644771,0.4315564172381953,0.357730486086539
2018-10-01,2019-01-01,0.4635088793381037,0.5786716253376678,0.18258862861255676,0.32420075949008975,1.0292820301024186,1.6695886594768425,0.013262458066160119,0.050955105288646545,0.10987826375727025,6.539177990447922,9.999999987144507,-0.608990625277778,0.11463749044128987,0.3456030562337746
2018-11-01,2019-02-01,0.4265958203488296,-0.0677750164362223,-0.39069273497389645,-0.29676453212816867,0.3103549252972293,0.8765813131326183,0.2444025242635524,0.1480848380069602,0.28763102483792663,4.149414620220296,2.428386542524438,-0.6156264095774019,0.21751757404886585,0.8664516949771832
2018-12-01,2019-03-01,0.4957130017502642,-0.1478823732889989,-0.7754611857875382,-0.6319783271085733,0.31189674338423456,0.7154243503120661,0.41421500677192974,0.22374396689129333,0.4445885998768101,29.068609661714362,9.999999999999998,-2.89996075764512,0.26735714972479924,0.9114538911480216
2019-01-01,2019-04-01,0.4856009844630193,-0.44155740518618813,-1.2080639333220722,-0.7967642022244092,0.1491385470081319,0.4377998667506766,0.8596226794969116,0.28180692584201944,0.574166627366144,99.99999999999999,-1.7130619569834162,0.4781581059991081,0.47742771839194703,0.9580606771988719
2019-02-01,2019-05-01,0.597808168526015,0.020789553208899747,-0.8271412201943651,-0.44022853859830846,0.4509479307867714,0.7385727785204743,0.3329504824224811,0.1877941645205285,0.3780803631312655,88.82900707001637,-9.99999997119344,3.5810156332753342,0.3554588376829659,0.9160607853178615
2019-03-01,2019-06-01,0.6980791265353226,0.43264777633815754,-0.35583936841034447,-0.029711460338344153,0.9446382755477601,1.2124112752074008,0.07045380166749006,0.10218181950421172,0.18331547226940065,12.216891671514592,0.2909692095707358,0.26987849604891206,0.4217632620130208,0.7547492986007902
2019-04-01,2019-07-01,0.402144511891489,0.2664740887112771,-0.2542764248612883,0.05303694977163431,0.48682319111179573,0.7137139434566546,0.018406463725897774,0.04104666115240941,0.08485497250625403,3.495672577708502,0.286873558559931,0.20774018888539494,0.20929779105716467,0.7076968650134604
2019-05-01,2019-08-01,0.3797065754404194,0.4713173473683163,0.02823857026452714,0.23227800478693428,0.6653044368629679,0.9964678819494165,0.008392533533225143,0.034712447228094696,0.06645397581822912,3.14337968852247,0.34481348623920727,0.3838446259419396,0.19947878610738815,0.35793508533291607
2019-06-01,2019-09-01,0.3682466372715076,0.6273187499481025,0.21682636060758043,0.3097714195391177,0.9394176221815265,1.3711912480691821,0.06711835956671432,0.07335005186503776,0.14375471614955201,5.854082879899781,2.071327245125261,0.07046786438799002,0.24254372165570937,0.19908419324585946
2019-07-01,2019-10-01,0.1650218075520904,0.5253187706678375,-0.31610695412458867,-0.13905981886788155,1.1469790604285988,1.4884860433961755,0.12981390163043002,0.11455728785398661,0.21873927064965978,99.99999999999983,2.657354330741152,-0.954068661143617,0.5532585789464286,0.26327848161458167
2019-08-01,2019-11-01,0.3716808187001597,0.8507667542898112,-0.03926487871392936,0.4029817106332878,1.3215433946251132,1.5500623997026786,0.22952333367981173,0.14418538257214952,0.2930448277160157,97.58762720525684,-9.999996863268388,4.605455399750316,0.3734478922290974,0.15475756899257398
2019-09-01,2019-12-01,0.3691647183324598,0.43878052647423615,-0.1386449880511621,0.10720195763589402,1.0886657693669477,1.3831106361865686,0.004846360743232617,0.05925041878786534,0.13092137724890845,56.055213259150236,9.999999999999998,-2.801374727807402,0.33162410436279005,0.3586216467452069
2019-10-01,2020-01-01,0.2362599837253398,0.38305071393969214,-0.028636055813890948,0.09711388144424404,1.0031827619410494,1.3377940787775848,0.021547518476862777,0.06221088846689909,0.13281882825654126,11.807402662953361,9.999999999999947,-1.3591843483559443,0.1732073161985847,0.31558914120393217
2019-11-01,2020-02-01,0.1846803752465931,0.05949634568036544,-0.4390675847930403,-0.30599705349123596,0.7071084314165255,1.0987512840503033,0.01567104125843816,0.06491515887518307,0.11773887292849747,14.812565971976444,9.999999999999998,-2.0904166743311854,0.21312105816451637,0.5812213695372536
2019-12-01,2020-03-01,-0.0801761132071199,-0.2529457542778779,-0.8437634729025412,-0.735256716818089,0.3612655148631738,0.6469438719156305,0.029849348875718554,0.07170055044009402,0.12915001799906267,37.12892294783537,9.999999999999998,-3.271360201831082,0.3014654173945814,0.624435931167971
2020-01-01,2020-04-01,-0.5441236332512034,-0.49781142731673,-1.4815729664255706,-1.0943744544405831,-0.008068495837765144,0.2141678786004242,0.0021448204185170717,0.07854787099750478,0.12249705176208048,84.74463966869789,-9.999999999999998,3.60721570845174,0.41155272725699293,0.4831019188187931
2020-02-01,2020-05-01,-0.6513082666900871,-0.2650028871700627,-1.1942313216608547,-0.8533563318777304,0.09254641735481073,0.32544498524105236,0.1492318462461101,0.09582762438306659,0.18384009607365692,56.529178585633076,-9.999999999981048,2.9352670550307765,0.32634868870837674,0.257213543792706
2020-03-01,2020-06-01,-0.7581105002145705,-0.3063432984641956,-1.1439371314890145,-0.7169967490819218,0.1692906770747339,0.4334890498170374,0.20409360457736392,0.12671349592055023,0.24597440326657022,18.02519594072169,-0.42740788140327135,-0.15555056502254724,0.43895799860484014,0.18316723090529297
2020-04-01,2020-07-01,-0.3907521106108369,-0.6172695613742896,-1.028267544914474,-0.8268026182602028,-0.30509393662478956,0.2049054879771932,0.05131015550037319,0.06816139337802457,0.13289760272406437,2.7702275421106415,1.0892208918352762,-0.8699811535390773,0.21133013703346945,0.7628914085938966
2020-05-01,2020-08-01,-0.3640190078056271,-0.4332066736044915,-0.9300846419723284,-0.7278309310765785,0.4179116416642259,0.7218679463319376,0.004786933098695347,0.059649320778520455,0.11079715687188534,12.597616293454992,9.999999999999998,-2.4162499252278855,0.19990759052753995,0.5012609522684339
2020-06-01,2020-09-01,-0.3137872354086468,-0.31171038399300244,-0.8719827277676728,-0.7126526454457327,0.33440953842935883,0.7138284222603097,4.313311802663911e-06,0.0602354547533896,0.11233068605158651,18.86422687073283,9.999999999994232,-2.761884734804245,0.24170648158862593,0.49200291901306037
2020-07-01,2020-10-01,-0.1251881102137808,-0.02722695880348347,-0.7785927103262047,-0.405036853545937,0.6398370577946899,0.9474910324176022,0.009596387185631196,0.07286785546420499,0.14346595589008315,99.99999999999999,6.501766648382016,-2.978288610329538,0.46431526345818996,0.3660835814582657
2020-08-01,2020-11-01,-0.2078391915756761,-0.03317273047098723,-0.7749647052197162,-0.3900193204387392,0.5690634797030427,0.9194794379963684,0.030508372634835787,0.0749136762677279,0.15360919959522057,99.99999999999999,6.156478190596273,-2.680521777219835,0.4369646748018273,0.3171236121374259
2020-09-01,2020-12-01,-0.3564639118141421,-0.23322587110818915,-0.8481235878643512,-0.5179442711402693,0.3247450333504709,0.6597726361673394,0.015187614677042117,0.06398076691309858,0.13512756635022005,60.95120558281191,9.999999999999998,-3.3785663587093464,0.3197291775425354,0.3266003809736687
2020-10-01,2021-01-01,-0.0010016226286602,-0.06474017250450714,-0.3966243015825377,-0.26433421249487665,0.3032550440646986,0.7418502401309368,0.004062602740275828,0.03778952141793133,0.07324561924792466,8.585885400361978,9.999999999999742,-1.146364745402929,0.10726739751682798,0.5402136677730289
2020-11-01,2021-02-01,-0.3000163151732238,-0.38022733382918616,-0.8381273034448355,-0.6936435759862469,-0.019683204553352845,0.42914674466167924,0.006433807513827142,0.047026361854545104,0.09105018497703771,8.530265905144793,3.1454947701737446,-1.232800109329245,0.2589221156300553,0.6012561393623517
2020-12-01,2021-03-01,-0.374674542625808,-0.5091012789922189,-1.1242140237738063,-0.9602563491974081,0.03558150754034983,0.34928069944548157,0.018070547450124538,0.064642762105462,0.12145491889158724,26.837231341361697,9.999999999999998,-3.1409456973163032,0.26011710903653495,0.6152526664782247
2021-01-01,2021-04-01,0.0320072592403519,-0.034844287369528715,-0.8898958739356022,-0.4805602965985756,0.44291955689299556,0.7572898892229674,0.0044691292841330405,0.06901519945707092,0.114672716493264,99.99999999999139,-9.999999999999998,3.905552849404694,0.3912318782663867,0.5412907877741722
2021-02-01,2021-05-01,0.1730495275708676,-0.08166455131108918,-0.9745913992492206,-0.5607504869007407,0.39086462552729273,0.7324996886142188,0.06487926198068371,0.0849788236523119,0.16331672385067514,83.91614435753993,-9.99999999999987,3.774471275399679,0.38346343457344556,0.6974845645564327
2021-03-01,2021-06-01,0.2523476482182651,-0.1391288589251083,-0.7501406230200125,-0.5965026618654932,0.3836134470650734,0.7206233348486528,0.15325385564517569,0.10849784636865449,0.21192043420523496,85.52014827432546,9.999999999999998,-3.6694350908872106,0.3550813500497329,0.7801240522529231
2021-04-01,2021-07-01,0.2190012863472645,-0.18551861148834442,-0.5922440007314121,-0.4062112986404749,0.11766543322639933,0.5775059262646209,0.1636363477449315,0.1332749152810248,0.2623010962134727,2.801931280374688,0.8981976162086334,-0.39788298542979683,0.20387923025006865,0.8874325621611906
2021-05-01,2021-08-01,0.429600905174432,0.013709282647234089,-0.39301610659583364,-0.20481535427343545,0.22666081416890532,0.40014072740416967,0.17296584168830528,0.1523300415259338,0.30258269676093313,2.950026587132521,0.3635363937373684,-0.07406361731037958,0.1769227646241175,0.9404444191244078
2021-06-01,2021-09-01,0.4675283229617299,0.06709649608893647,-0.3058478441407608,-0.2037852101202553,0.4225752727082366,0.7950786484618888,0.16034564797268283,0.13060038122979897,0.26076459294035176,5.5589100539374074,2.9779701605601536,-0.5928501870156476,0.20105037253099975,0.871040941010804
2021-07-01,2021-10-01,0.5823126668181189,0.12925965444541276,-0.54805867104871,-0.37794890213405097,0.6264771498308619,1.0401851609705304,0.2052570320199834,0.14771785356763142,0.28334650081799384,36.1718345071241,9.999999999999998,-2.932499623723858,0.30091133641051165,0.8270551272817432
2021-08-01,2021-11-01,0.710035299743339,0.5298793743301111,-0.137524608469608,0.24742077631136894,1.0174297742326741,1.31647527012034,0.03245615746149653,0.06690467481496845,0.1195029267877433,57.671084813720114,9.999999998825844,-2.496673151803026,0.30398454031478905,0.6385876950038752
2021-09-01,2021-12-01,0.8145733248906772,0.5612922139558663,-0.04291471320447826,0.1518466660828039,1.0104857541971768,1.347589349853795,0.06415132115637202,0.075857850245343,0.14289921918022694,77.99781413680813,9.999999963191812,-2.6215138471428197,0.32012717138992103,0.7012178627026897
2021-10-01,2022-01-01,0.7957239129027904,0.5768474896655995,0.1866899878642414,0.3263006709955718,0.8865693335114777,1.0043396505522035,0.04790688864910593,0.07072946274500473,0.14067143770696353,5.567393238771414,1.2041362671044125,0.2639611454678743,0.23132466701613102,0.7944728030391398
2021-11-01,2022-02-01,1.3247702629749725,0.5901512330548364,0.17192431147172726,0.3042144005593883,0.9140442200227277,1.2716266944962644,0.5396651191208017,0.2683785324723578,0.5301762225873571,10.513354018848831,2.8001481742769294,-0.1564763194024497,0.2583006918820587,0.9643879242033914
2021-12-01,2022-03-01,1.3972091141676302,0.46531149643218583,0.01584836120418931,0.1544334583830853,0.8446860344141823,1.2821247872419228,0.8684331699409963,0.32828934962373924,0.6489480921419869,11.259037929696431,7.729746633590171,-1.0345493699057033,0.19058489075724694,0.95876582127928
2022-01-01,2022-04-01,1.4520340608803473,0.5666014431208843,-0.24043188423822137,0.16176229921480711,1.1519099307079728,1.4223289078018455,0.7839909205923752,0.2868392524947258,0.5767895111707836,99.99999999999999,-3.634747708687887,2.3549694147649345,0.47603089005890664,0.9579341840127127
2022-02-01,2022-05-01,1.7347557963353744,1.110674446850446,0.1723979203324788,0.5909702485033641,1.5549097598982295,1.7872755439573431,0.3894775307749294,0.20750529409211646,0.4224799041220986,55.40314784237523,-9.999999999999318,4.664609774178825,0.3556661622349105,0.9214008761253893
2022-03-01,2022-06-01,1.9015284854629224,1.0057326070242567,0.32195610882972403,0.6227067608489456,1.6150011116796925,1.9212991838814197,0.8024502558277008,0.28476013209977247,0.5678809864585088,99.99999999861608,9.433341515624033,-2.59631505452377,0.3878941309795276,0.9511117182452535
2022-04-01,2022-07-01,1.954319371245905,1.1116685111330682,0.6001949419980425,0.8268214758926078,1.3777028374824545,1.8742336665440096,0.7100604720489038,0.3415540366979426,0.6755132569609635,3.4768557317811646,0.7810547487337713,0.8579126974295512,0.24479726271323635,0.97174634836197
2022-05-01,2022-08-01,2.0278869879979844,1.3727352283526173,0.8715449527614806,1.0636238752351979,1.6407314163418008,2.1457069715983934,0.42922382816642085,0.2485958453964392,0.4872840669578552,3.852508100631122,0.9690647380855621,1.0660244056403776,0.2567339420600301,0.9462834485939551
2022-06-01,2022-09-01,1.9772231732424927,1.4704784775070756,0.9896111175622835,1.150129624237639,1.9015284854629222,2.523473732711512,0.25679018665598047,0.16383997345512277,0.3120098488088114,7.180708729635658,6.180059452213613,0.2905401858612311,0.18051143975515688,0.862335161701696
2022-07-01,2022-10-01,1.803498536654491,1.4745687358849402,0.7867189867707403,0.9659321870159054,2.1081339623521194,2.4573152344291564,0.10819481383429631,0.09805979061322807,0.18109261218643413,56.762372725013165,9.999999999999998,-2.2738061521936306,0.37746102968867523,0.7006309462859013
2022-08-01,2022-11-01,1.8810182035837288,1.8498690057557,1.1705565735849355,1.4678205697423508,2.526649496337942,2.7510838438141505,0.0009702725253296829,0.06451617146095079,0.11805333387322495,84.19235035308016,9.999999999576813,-2.0650202178459436,0.39572775862034637,0.480499132208152
2022-09-01,2022-12-01,1.9477215854952767,1.970769477763934,1.1197351351473372,1.410892087022475,2.605351261400468,2.759539057299034,0.0005312053380276293,0.07502911055602464,0.1258969976630982,99.99999999999999,-3.7396878478785283,3.9123508386829124,0.5142065398213461,0.47257577435011544
2022-10-01,2023-01-01,2.1423345032683727,1.6798080102526036,1.1644948696163926,1.3163941498233633,2.229490579518778,2.6341183988332517,0.2139307567414663,0.13740259045100048,0.2600466546897161,17.844080159680622,9.999999999999998,-0.5077796730302216,0.2165458572067909,0.8179412064491675
2022-11-01,2023-02-01,2.3335967200265983,1.2017862264533719,0.6983070395881086,0.8604623411681445,1.7612135343783066,2.1678260392977933,1.2809949933624705,0.42231447730899047,0.8397757354176183,14.41587643053794,9.999999999999998,-0.7241463544791261,0.18833778716943955,0.9755855573321143
2022-12-01,2023-03-01,2.2165571229428416,1.2166138532081483,0.5665844118543539,0.7598663277136986,1.8326372585695694,2.1583105182241797,0.9998865426877096,0.33688328910153786,0.6804867506970559,33.95227846144112,9.999999999999998,-1.8576329365097763,0.3068360945868855,0.956007631948152
2023-01-01,2023-04-01,2.183259842193941,1.506385815718847,0.4073203218339927,0.8693209952745029,2.036133345003055,2.204590627566372,0.4581584477166061,0.20942214995252634,0.437588127482803,29.115287645854103,-9.999999999999998,4.826695856964981,0.3279598581257318,0.9156519362098529
2023-02-01,2023-05-01,1.9244677346550887,1.750478848445347,0.5757607124416265,0.9569302096308229,2.2708609806997835,2.4414478028305346,0.030272132524506418,0.09219476094521756,0.17067826250340631,24.546146012336326,-9.999999999999915,5.0897113041735835,0.3335605617334499,0.6451858196348341
2023-03-01,2023-06-01,1.748596256624424,1.4677197639148432,0.6208427462333345,0.8677883280111267,2.193226705657782,2.376661035684389,0.0788916041568352,0.10013632348544167,0.1786985059256141,99.99999999999999,-1.7270118218719785,2.4974738037347226,0.5769536435976719,0.6665729803521376
2023-04-01,2023-07-01,1.6721459951614115,1.4240654546526343,0.8006231232521975,1.061610746442593,2.0394791717457394,2.557559611409615,0.06154395457912702,0.0858851950886156,0.15616772706142798,16.125871718300232,9.99999999998087,-0.900047117510774,0.22940115948510537,0.6754276781045128
2023-05-01,2023-08-01,1.4484577048607503,1.28506444570613,0.6231783318008333,0.9347642376156706,1.978469458218246,2.5285394983734832,0.02669735713716892,0.07221038006108188,0.12884320171803518,14.779603405206382,9.999999999999995,-1.0153669484374825,0.22981060564325956,0.5888165685504603
2023-06-01,2023-09-01,1.3367178992657711,1.4587593198092108,0.9070861969358601,1.013397629295465,2.215404258458431,2.5704666772964124,0.014894108328260705,0.07661260018005007,0.15053158659668164,25.937802166928126,9.999999999999991,-1.5496579708122944,0.303412962283287,0.3593053515134347
2023-07-01,2023-10-01,1.516241572947763,1.6991776971076789,0.8200013240733383,1.0760619647858682,2.280839323905237,2.5175556847290004,0.03346562552265216,0.09183727417909722,0.1596056405480799,95.9807842755553,-9.999999999999972,6.237660624928968,0.45049422622107066,0.3596687912508092
2023-08-01,2023-11-01,1.37220703342118,2.0396391089194665,1.0139241261866516,1.2623897172129368,2.311694504310058,2.4709551088714754,0.4454655754039505,0.16987337646157905,0.3320468508204026,15.798384094579927,-9.999999997811344,4.108577202096528,0.213663850059425,0.14552163370911186
2023-09-01,2023-12-01,1.490287307731819,1.6573330845829126,0.6830602869481339,1.0253384975223874,2.075797079343644,2.2154932562153897,0.027904291563785346,0.07958743915110214,0.12435119561500474,30.67655216828756,-9.999999999999991,4.572566701584257,0.2939705101500222,0.4093250902734513
2023-10-01,2024-01-01,1.190673841069323,1.2682510269425684,0.6055253082518552,0.7761176036684283,1.8826538297178845,2.249042682907775,0.006018219768012077,0.062147897448123726,0.12221491009019025,31.27205204047278,9.999999999999986,-1.7881767170914826,0.3031416000647354,0.43331542079484026
2023-11-01,2024-02-01,1.078269397196152,0.3970706773442245,-0.20355782850014492,-0.028269052443175013,0.9995909273892599,1.37220703342118,0.4640316959279046,0.20804611071093723,0.4088877310209089,27.707754230347177,9.999999999992223,-2.4173423990416807,0.2805318854746228,0.8878413095296324
2023-12-01,2024-03-01,1.0099449936324945,0.6140630813783687,-0.12432297128303738,0.11294083506979646,1.2946874523658884,1.4906960143335497,0.1567224884499833,0.12089635058738622,0.22160369695533305,84.53588390338787,9.999999992882827,-3.4547079767754254,0.40790254410632726,0.7571495421498105
2024-01-01,2024-04-01,1.1463631911723835,0.6344183585069274,-0.514060165238206,-0.004375425140867854,1.0036372213374278,1.1972257192573998,0.2620875116928618,0.1768836405469793,0.3665058349642312,19.606874230196503,-9.999999999999993,3.2134630741069268,0.2591423648746074,0.90444395756554
2024-02-01,2024-05-01,1.1483961063521342,1.0487845617877412,-0.24549790260595117,0.30332777916743936,1.4873983825676618,1.6410767579466246,0.009922459810504058,0.08099304939284346,0.15193299230186186,16.533889387488358,-9.999999999999998,3.7205846887856593,0.26861766130592823,0.6219974610974426
2024-03-01,2024-06-01,1.1063814765646107,0.97358648865562,0.04663277428198498,0.4687737663813252,1.4976765583694096,1.6769544525759628,0.017634508813748985,0.07095956427402875,0.12320083882804433,31.24535117748476,-9.999999999999998,4.0472017453981195,0.30064869293709945,0.5778344291236603
2024-04-01,2024-07-01,1.077584369934126,0.9836846143992162,0.390080427621018,0.6227228160429198,1.657477038204913,2.030093144236833,0.008817164089515847,0.061902852368251465,0.1153347318767941,36.70732141275112,9.999999999999725,-2.1108593664274706,0.31331716140930266,0.5240998853485626
2024-05-01,2024-08-01,1.087329751640187,1.1483961063521342,0.5563088958827846,0.7480062129337384,1.822188530157831,2.194804636189751,0.0037290996778053575,0.062459334367286526,0.12332877300685488,29.399646436669652,9.999999999999998,-1.7779717291229018,0.2933278453475704,0.41882312145362716
2024-06-01,2024-09-01,0.976749369197094,1.2209436071120905,0.5306477782430541,0.8254345755780186,1.7874134276415528,2.2339132838138376,0.059630825830885914,0.08141995376056413,0.16392812221354908,23.842895402655728,9.999999999845073,-1.3758068768730103,0.25697366842446856,0.2821722911000561
2024-07-01,2024-10-01,0.8322523405180249,1.122940754573598,0.2837121347994742,0.5861112561007964,1.7784315294741688,2.0723466035272864,0.08449975406614438,0.11038040938254753,0.2187573581529823,99.99999999999999,-2.1557883689281745,2.3576019242178923,0.5393515636095421,0.257093582935082
2024-08-01,2024-11-01,0.8574455312346352,1.5611427213059414,0.8036602826270967,1.0197350772634834,1.9573230750804527,2.1572165359725477,0.49518973531425214,0.21082108211798836,0.4333928677637639,56.22397112223372,-9.999999999999998,4.7156046474893705,0.31723886334169565,0.08176566328656018
2024-09-01,2024-12-01,0.6529068849768116,1.048593977784762,0.24061299214619863,0.5473951418938583,1.5033178326017802,1.7010497455417273,0.1565682754148075,0.11551870307591003,0.23067745703791148,53.06313285568876,-9.999999999999998,4.271952805168011,0.32081232905776763,0.20415717435679334
2024-10-01,2025-01-01,0.8618556813806855,0.8600214160435549,0.31675118183906115,0.4617487101797657,1.5759350228729287,1.912520147641383,3.364529326998844e-06,0.06032668925258882,0.12227921122890818,31.451721235546184,9.999999999999998,-2.147718648191065,0.30569407906141144,0.4379213820740665
2024-11-01,2025-02-01,0.919417392368338,0.1938290957602007,-0.3931514051389584,-0.21868892003045215,0.8705281598051507,1.1870774398413957,0.5264783761746982,0.20863627487437486,0.40953765280455745,25.674214612727283,9.999999999999991,-2.5952710573278974,0.2815828504434355,0.8821192757998961
2024-12-01,2025-03-01,0.9365620200689762,0.19464111593165967,-0.48229506665720123,-0.19354370389033093,0.8719286085560718,1.1332491990761362,0.5504466279959331,0.209749840247842,0.4204306684630554,70.68043761342443,9.999999999998824,-3.5356943545717545,0.3787481761218056,0.8956565429842083
2025-01-01,2025-04-01,0.6417389652563443,0.3204260133068182,-0.4957598876297986,-0.22856589751532044,0.7255153311522897,0.908504461769688,0.10324201309051849,0.10071070453765225,0.2060307281441518,35.520517928197656,-9.999999999999998,3.2052391866868764,0.2876614992737867,0.7867060230691991
