Date,Target_date,Actual_direct,Forecast_median_direct,CRPS_direct_parametric,CRPS_direct_empirical,RMSE_direct,PIT,Actual_YoY,Forecast_median_YoY,q05_YoY,q16_YoY,q84_YoY,q95_YoY,CRPS_YoY_timesafe,SHAP_Shap_PPI,SHAP_Shap_real_turnover,SHAP_Shap_retail_turnover,SHAP_Shap_Manufacturing_EU,SHAP_Shap_Vol_loans,SHAP_Shap_Exchange_Rate_CHF,SHAP_Shap_gdp_index_ch,SHAP_Shap_gdp_index_eu,SHAP_Shap_Wage_change,SHAP_Shap_Business_Confidence_EU,SHAP_Shap_CH_2int,SHAP_Shap_infl_e_current_year,SHAP_Shap_fin_spread,SHAP_Shap_unemployment_rate,SHAP_Shap_M1_change,SHAP_Shap_oilprices,SHAP_Shap_variable_mortgages,SHAP_Shap_infl_e_next_year,SHAP_Shap_EU_fin_spread,SHAP_Shap_kofbarometer,SHAP_Shap_Saron_Rate,SHAP_Shap_M3_change,SHAP_Shap_M2_change,SHAP_Shap_headline_1m,SHAP_Shap_core_1m,SHAP_Shap_sin_cycle_1,SHAP_Shap_cos_cycle_1,SHAP_Shap_sin_cycle_2,SHAP_Shap_cos_cycle_2,SHAP_Shap_Linear_Pred,SHAP_Shap_Constant
2012-09-01,2013-09-01,-0.0686985256836081,-0.0197075460237172,0.1765894494741341,0.1552400286437456,0.0024001160880358437,0.5973003294244652,-0.0686985256836081,-0.0197075460237172,-1.2045495396440842,-1.1597876798767892,0.2630789213340812,1.0288073563899236,0.1848007224754551,0.0,0.0,0.0,0.0,0.0,0.0,-0.008422034335621267,0.0,0.0,0.0,-0.07035438329442623,0.0,0.025081709350033853,0.0,0.0,-0.008758032332319997,-0.20154664871988115,-0.002847887144075023,-0.15864498280188552,0.0,-0.03678164792040069,0.0,-0.01546345612108062,-0.00404046371077763,0.0,0.0,0.0,0.0,0.0,0.0,0.46207028100671704
2012-12-01,2013-12-01,-0.0163107733018641,0.048292005934325,0.1868858380886804,0.2112905784722688,0.004173519085039785,0.569099177620938,-0.0163107733018641,0.048292005934325,-1.2045495396440842,-1.153596981434113,0.6012119286783671,1.0202904090350629,0.18686113981022393,0.0,0.0,0.0,0.0,0.0,0.0,0.0,0.0,-0.01184650459986478,0.01628335613612313,-0.08495723810306531,0.0,0.024503594720181775,0.0,-0.0029139519087265087,-0.0051207623281493515,-0.23826286260727184,0.0,0.08464369068927972,0.0,-0.06813033308066194,0.0,-0.032419179973484744,0.0,0.0,0.0,0.0,0.0,0.0,0.0,0.36651219698996484
2013-03-01,2014-03-01,0.0721983425743033,-0.5585614490200008,0.3699205185374619,0.35247329742705197,0.39785791469209003,0.8380110473237015,0.0721983425743033,-0.5585614490200008,-1.2045495396440842,-1.1597876798767892,0.2097351736294328,0.535984424459481,0.7438945036798147,0.0,0.0,0.0,0.0,0.0,0.0,-0.006709330170323158,0.0,-0.013116026305530198,0.0,-0.12739832917221233,0.0,0.0,0.0,-0.007952947216173479,-0.04497108964807988,-0.4224792024092044,0.0,-0.23852112226677752,0.0,-0.08113855854151937,0.0,-0.06912140259291434,0.0,0.0,0.0,0.0,0.0,0.0,-0.01055269460678009,0.46339925390951386
2013-06-01,2014-06-01,-0.0402056980780329,-0.4168131110357187,0.24386571579987537,0.23925535907316844,0.14183314349468093,0.7613832483699332,-0.0402056980780329,-0.4168131110357187,-1.2045495396440842,-1.153596981434113,0.2097351736294328,0.5252252091309195,0.319452339620195,0.0,0.0,0.0,0.0,0.0,0.0,0.0,0.0,-0.017348346972035827,0.03801465382819891,-0.08769419927161609,0.0,0.0,-0.021739386018964635,0.0,-0.08804269734044914,-0.3123470112041022,0.0,-0.20438094008182214,0.0,-0.08659434796471885,0.0,0.03960398299933086,0.0,0.0,0.0,0.0,0.0,0.0,-0.024416334361004384,0.3481315153514648
2013-09-01,2014-09-01,-0.0019006300588486,-0.5585614490200008,0.41443149466847246,0.40455027965005474,0.3098712673665007,0.8948579738945532,-0.0019006300588486,-0.5585614490200008,-1.2045495396440842,-1.1597876798767892,-0.0749603893010153,0.2630789213340812,0.5887961310897138,0.0,0.0,0.0,0.0,0.0,0.0,0.0,-0.018223356022204158,0.0,0.0,-0.09605400300589437,0.0,0.0,0.0,-0.0370717453945893,-0.04361506152158469,-0.3430809420357605,0.0,-0.1859437576900381,0.0,-0.0876298563637227,-0.013514292667514027,-0.06255341449475642,0.0,0.0,0.0,0.0,0.0,0.0,-0.016677903002690033,0.34580288317875335
2013-12-01,2014-12-01,0.2551637534921269,-0.5723289789584918,0.6099255675276468,0.5948863905247308,0.6847442222585912,0.9408386431092818,0.2551637534921269,-0.5723289789584918,-1.2045495396440842,-1.1597876798767892,-0.0399983765390743,0.2630789213340812,0.43638249531300544,0.0,0.0,0.0,0.0,0.0,0.0,0.0,0.0,-0.016576542543942138,-0.035853535274843105,-0.0932004721298031,0.0,0.0,0.0,-0.04028945974578502,-0.043421972502689865,-0.31541846664640655,0.0,-0.18296187857707238,0.0,-0.07420708533754014,0.0,-0.07794155464541552,0.0,0.0,0.0,0.0,0.0,0.0,-0.012970842558463702,0.32051283100346983
2014-03-01,2015-03-01,-0.1784907206497266,-0.5743695280465921,0.27943538374585963,0.2821136753302881,0.15672003014596456,0.812074624627897,-0.1784907206497266,-0.5743695280465921,-1.2045495396440842,-1.1597876798767892,-0.0163107733018641,0.2630789213340812,0.8058512340503303,0.0,0.0,0.0,0.0,0.0,0.0,0.0,0.0,-0.012046049248663477,-0.06158192977176375,-0.08320186468906701,0.0,0.0,0.0,-0.03371388378476171,-0.02379906878705815,-0.3359281729306509,0.0,-0.16239495653906785,0.0,-0.07548948359434651,0.0,-0.08904486768521493,0.0,0.0,0.0,0.0,0.0,0.0,-0.011257046655205993,0.3140877956392082
2014-06-01,2015-06-01,-0.3619796751591408,-0.3925293191426426,0.14858478587627996,0.20253906984877665,0.0009332807475187074,0.5303637797102321,-0.3619796751591408,-0.3925293191426426,-1.2023110981006724,-1.153596981434113,0.2687637325909264,0.5929503194690912,0.15245753144251956,0.0,0.0,0.0,0.0,0.0,0.0,0.0,-0.01152873333889942,-0.006566709685931538,-0.04765217781282436,-0.11445562022484937,0.0,0.0,-0.007048555413113713,-0.03450868588460754,-0.029570229069585095,-0.258848503000354,0.0,0.0,0.0,-0.09495836373582733,0.0,-0.06465765691481802,0.0,0.0,0.0,0.0,0.0,0.0,0.0,0.27726591593816774
2014-09-01,2015-09-01,-0.6613065813612096,-0.1054813702986656,0.24447915371420367,0.2793140937562891,0.3089416652527216,0.24159349031731953,-0.6613065813612096,-0.1054813702986656,-1.2023110981006724,-1.0373178900398905,0.2766918689188991,0.5767975332628377,0.18674501004072708,0.0,0.0,0.0,0.0,0.0,0.0,-0.007143438782148905,0.0,-0.008216499119027953,-0.03164366095300408,-0.07803858226210345,0.0,0.0,0.0,-0.01901554278796812,-0.009225346137130164,-0.20739159305476063,0.0,0.1043441304193223,0.0,-0.06946356600016826,0.0,-0.05437784165889274,0.0,0.0,0.0,0.0,0.0,0.0,0.0,0.2746905700372164
2014-12-01,2015-12-01,-0.8846061718801757,-0.0197075460237172,0.4804582398301238,0.5015667381189828,0.7480496330083902,0.10356525199199537,-0.8846061718801757,-0.0197075460237172,-1.2023110981006724,-0.9770202599772126,0.3034746598595816,0.6139261107053429,0.5318917904626654,0.0,0.0,0.0,0.0,0.0,0.0,-0.010421752107427323,-0.0064026851127869655,-0.01440604960067332,-0.012679515985710266,-0.0642428763164301,0.0,0.0,0.0,0.0,0.0,-0.18426664104521498,0.0,0.05907461403377939,0.0,-0.06235524811670712,0.0,-0.052394367607023755,0.0,0.0,0.0,0.0,0.0,0.0,-0.011408795875693977,0.33979577171017117
2015-03-01,2016-03-01,-0.4835425102155177,0.0452448775781988,0.2906658557497761,0.32651829263908966,0.2796161014897023,0.1742141228588343,-0.4835425102155177,0.0452448775781988,-1.1597876798767892,-0.5585614490200008,0.36922658799407043,0.6308620893403145,0.2337105053659661,0.0,0.0,0.0,0.0,0.0,0.0,0.0,0.0,-0.014652779269474949,-0.0019782227357521553,-0.062465268786683056,0.0,-0.0024424000633018507,0.0,-0.0038569632065686504,0.0,-0.16949748695970102,0.0,0.030453670375487588,-0.005567674066172113,-0.053131738668597904,0.0,-0.02885906863556488,0.0,0.0,0.0,0.0,0.0,0.0,0.0,0.35724280959452775
2015-06-01,2016-06-01,-0.2309070414847625,0.025393588205258,0.14872086460733222,0.18320775714775567,0.06569001277950101,0.39073637562180397,-0.2309070414847625,0.025393588205258,-1.2023110981006724,-1.000808038367218,0.3677923900544222,0.6146880926305569,0.13229528136525007,0.0,0.0,0.0,0.0,0.0,0.0,-0.01108555330288219,0.0,-0.01058742298557403,-0.02841290394342428,-0.05886678230500298,0.03549570664407175,0.0,0.0,0.0,0.0,-0.16493738266019212,0.026065095706268925,0.059166619403276076,0.0,-0.05088507926194817,0.0,-0.022310975205185962,0.0,0.0,0.0,0.0,0.0,0.0,0.0,0.25175226611585094
2015-09-01,2016-09-01,-0.1371437538706388,-0.0815778177670978,0.14281924596571952,0.1544307053757673,0.0030875732550628,0.5629930357006651,-0.1371437538706388,-0.0815778177670978,-1.2023110981006724,-1.045092856475538,0.270373147457903,0.6142617043659279,0.15565568446756645,0.0,0.0,0.0,0.0,0.0,0.0,-0.01563623789713194,0.0,-0.02101956506140357,-0.10474173933947996,-0.08462684975602605,0.044285615743989024,0.0,0.0,0.0,0.0,-0.18818078160949409,0.0,0.05937458294164353,0.0,-0.07030021189284423,0.0,-0.03659987649264914,0.0,0.0,0.0,0.0,0.0,0.0,-0.009967349452648155,0.34583459504894665
2015-12-01,2016-12-01,-0.3244976139693989,-0.0815778177670978,0.14270700127110023,0.16880343431311706,0.059010027386967506,0.43050988996773903,-0.3244976139693989,-0.0815778177670978,-1.1629725530339918,-0.9770202599772126,0.2807803958803517,0.5908421194774944,0.19340320950751877,0.0,0.0,0.0,0.0,0.0,0.0,0.0,0.0,-0.01172505104850552,-0.08097943553565176,-0.08541102083553027,0.06669992200058789,0.0,0.0,0.0,0.023165321630368052,-0.20687369862420898,0.036264751983430744,0.04474454576658858,0.0,-0.07690174930027367,0.0,-0.04081236773994836,0.0,0.0,0.0,0.0,0.0,0.0,0.0,0.2502509639360454
2016-03-01,2017-03-01,0.1182657315096591,-0.10487998704422624,0.2320691871191696,0.2193510641500532,0.04979401170892981,0.7159951517405734,0.1182657315096591,-0.10487998704422624,-1.1629725530339918,-1.000808038367218,0.40903220665131046,0.8169389056827292,0.5529396756187052,0.0,0.0,0.0,0.0,0.0,0.0,0.0,-0.022730782059365216,-0.01697654761714895,-0.08922898247344965,-0.07923283692018576,0.07508123900800887,0.0,0.0,0.0,0.0,-0.2266080038610238,0.028584563964091942,0.0,0.06215508579446601,-0.07823127781299463,0.0,0.0,0.0,0.0,0.0,0.0,0.0,0.0,0.032571458690359066,0.20973609624301598
2016-06-01,2017-06-01,0.211977293329113,-0.3925293191426426,0.3553267780590286,0.34357555945926704,0.36542824452207734,0.8881755997444745,0.211977293329113,-0.3925293191426426,-1.1597876798767892,-0.9613875482682666,0.08931003558540201,0.3718564600575291,0.29750118935180736,0.0,0.0,0.0,0.0,0.0,0.0,0.0,0.0,-0.017286966271827776,-0.10119773863817676,-0.12511916448971125,0.058384990009015765,-0.0112934671809458,0.0,-0.03574809400435452,0.0,-0.32983123063444986,0.0,0.0,0.0,-0.11790482236556137,0.0,-0.040910676046917636,0.0,0.0,0.0,0.0,0.0,0.0,0.029867138071881127,0.29851071240840543
2016-09-01,2017-09-01,0.5106385514639378,-0.2379100909859488,0.60009495108531,0.6044983294055881,0.5603250701135682,0.9874723588117849,0.5106385514639378,-0.2379100909859488,-1.0916999701163554,-0.7572129780924364,0.0721983425743033,0.26509870826035437,0.5711946831230625,0.0,0.0,0.0,0.0,0.0,0.0,-0.007904886652840892,0.0,-0.008847946240573383,-0.05487884191138691,-0.0556384432561249,0.09188412892436498,0.0,0.0,-0.033637066107799894,0.0,-0.27002946120461313,0.0,-0.016915856332513666,0.0,-0.0790921757232884,0.0,-0.060173222095363306,0.0,0.0,0.0,0.0,0.0,0.0,0.0,0.2573236796141908
2016-12-01,2017-12-01,0.7058486844918832,-0.2375858085587268,0.8029920935280338,0.8076044961900141,0.8900686426776615,0.9984349265753952,0.7058486844918832,-0.2375858085587268,-1.1597876798767892,-0.8913308118217778,0.0448336693382955,0.2551637534921269,0.555847463717426,0.0,0.0,0.0,0.0,0.0,0.0,0.0,-0.021645444163183005,-0.01230738595136502,-0.058222394802950175,-0.057616080605644916,0.11830419700828294,0.0,0.0,-0.01624616063102219,0.0,-0.27914028278263225,0.0,-0.022922331153694613,0.0,-0.07276924245935171,0.0,-0.05382284073150564,0.0,0.0,0.0,0.0,0.0,0.0,0.0,0.2388021577143398
2017-03-01,2018-03-01,0.5770491780988429,-0.1784907206497266,0.6272510823667177,0.6326278865649537,0.5708405386009987,0.9987655089094177,0.5770491780988429,-0.1784907206497266,-1.153596981434113,-0.7572129780924364,0.0721983425743033,0.2551637534921269,1.4660513136420235,0.0,0.0,0.0,0.0,0.0,0.0,0.0,0.0,-0.014151619503955049,-0.06069357971770292,-0.05046465024031527,0.08823363223897324,0.0,0.0,-0.013890166924384753,0.0,-0.2436078836485786,0.0,-0.020660204884388876,0.042850679682119065,-0.07397197685442707,0.0,-0.05143543019056704,0.0,0.0,0.0,0.0,0.0,0.0,0.0,0.2193004793935007
2017-06-01,2018-06-01,0.4772563274701547,-0.2647019222216329,0.5389267852348056,0.5554599807339153,0.550502044285701,0.9060724862825391,0.4772563274701547,-0.2647019222216329,-1.2023110981006724,-1.0373178900398905,0.11918252383714624,0.6308620893403145,0.5470836255340236,0.0,0.0,0.0,0.0,0.0,0.0,-0.004869495079915229,0.0,-0.01727849871679757,-0.005331767573219236,-0.062627058518772,-0.006291733540852478,0.0,0.0,-0.01907430293926609,0.0,-0.3223928631239338,0.0,-0.0037559129627392496,0.0,-0.055158828817167715,0.0,-0.03425613842827245,0.0,0.0,0.0,0.0,0.0,0.0,0.0,0.26633467747930273
2017-09-01,2018-09-01,0.3692064162161834,-0.3244976139693989,0.4772329622275824,0.47109252959640485,0.48122528149571936,0.8745763299889702,0.3692064162161834,-0.3244976139693989,-1.2023110981006724,-1.045092856475538,0.12874193765942346,0.6630925518232189,0.5866482669152577,0.0,0.0,0.0,0.0,0.0,0.0,0.0,-0.005898822939395587,0.0,-0.03306638373324239,-0.057826520521876895,-0.027602493341094016,0.0,-0.022090280761739703,-0.017113754081462606,0.0,-0.2815270750388941,0.0,-0.009983999487244856,0.0,-0.055558786699253154,0.0,-0.045827152541989734,0.0,0.0,0.0,0.0,0.0,0.0,0.0,0.23199765517679422
2017-12-01,2018-12-01,0.3096180831721362,-0.2379100909859488,0.40521375749591665,0.3893495655384639,0.2997871014968862,0.8413427251486029,0.3096180831721362,-0.2379100909859488,-1.202423020177843,-1.045092856475538,0.2363944157873554,0.7882767825331705,0.36172285165349155,0.0,0.0,0.0,0.0,0.0,0.0,0.0,-0.007937048993186365,0.0,-0.0026370688189264837,-0.050131432804470175,-0.020434344741348923,0.0,-0.009585429590106768,-0.0025629766174629087,0.0,-0.3285194546618963,0.0,-0.0033650815961647983,0.0,-0.05435591025582267,0.0,-0.017100646498623324,0.0,0.0,0.0,0.0,0.0,0.0,0.0,0.2587193035920599
2018-03-01,2019-03-01,0.4957130017502642,-0.0384431159643039,0.3762947706662407,0.3697494637653076,0.2853227580918996,0.8336702214209191,0.4957130017502642,-0.0384431159643039,-1.2023110981006724,-0.8913308118217778,0.46707750073182847,0.7882767825331705,1.189337458401534,0.0,0.0,0.0,0.0,0.0,0.0,0.0,-0.0044112218929673284,-0.0034635897132658565,0.0,-0.04961732644697204,-0.021218877940755883,0.0,0.0,-0.004565102908243579,0.0,-0.21251145681921757,0.0,-0.01172079993263665,0.0,-0.008274089572484314,0.0,-0.01560305297549539,0.0,0.0,0.0,0.0,0.0,0.0,0.03919144811728345,0.25375095412045134
2018-06-01,2019-06-01,0.6980791265353226,-0.0934193881882983,0.5619864803032975,0.552277480762495,0.6264698988096978,0.8960476719970707,0.6980791265353226,-0.0934193881882983,-1.2023110981006724,-0.9770202599772126,0.5106385514639378,0.7059102214901002,0.5451994059949404,0.0,0.0,0.0,0.0,0.0,0.0,0.0,0.0,0.0,0.0,-0.06691549172021756,-0.020726463859209628,0.0,-0.022975856388566012,-0.012428079693119957,0.0,-0.24855753244897016,-0.010328723275489029,0.0,-0.023206423982699682,-0.013809989998473656,0.0,-0.01828494045853432,0.0,0.0,0.0,0.0,0.0,0.0,0.06256249714116141,0.2812516164958202
2018-09-01,2019-09-01,0.3682466372715076,-0.0934193881882983,0.3402609444941424,0.3165879381384604,0.21313551906385414,0.7996432547253712,0.3682466372715076,-0.0934193881882983,-1.2023110981006724,-1.0373178900398905,0.5122780302015247,0.7486884103328809,0.332130732871113,0.0,0.0,0.0,0.0,0.0,0.0,0.0,0.0,-0.011096283165222678,0.0,-0.08224162253141681,-0.01716748798794713,0.0,-0.0167500656745864,-0.003654480404022442,0.0,-0.18784507118773455,-0.010155406141014097,0.0,-0.028043322634188347,0.0,0.0,-0.009313113718571806,0.0,0.0,0.0,0.0,0.0,0.0,-0.004990430798996482,0.2778378960554025
2018-12-01,2019-12-01,0.3691647183324598,0.0952320370419812,0.25341747876551085,0.22633921714592814,0.07503911387899093,0.7378080901100803,0.3691647183324598,0.0952320370419812,-1.1649394802873256,-0.9770202599772126,0.5252252091309195,0.7058486844918832,0.19153813107980516,0.0,0.0,0.0,0.0,0.0,0.0,0.0,0.0,0.0,0.035010754423576394,-0.05599154082695315,-0.03180512112596171,0.0,-0.014492276406838827,-0.010310084282082105,0.0,-0.023916366680287092,-0.0285953420545459,0.0,-0.038288401055147706,0.048862350137038386,0.0,-0.015614699288891793,0.0,0.0,0.0,0.0,0.0,0.0,0.0,0.23037276420207473
2019-03-01,2020-03-01,-0.0801761132071199,0.2097351736294328,0.14202215879765978,0.20038388361820506,0.08404855423522593,0.4300225132918289,-0.0801761132071199,0.2097351736294328,-1.1629725530339918,-0.8846061718801757,0.5208852935738584,0.5982825822619553,0.6124642683754643,0.0,0.0,0.0,0.0,0.0,0.0,0.0,0.0,0.0,-0.022254046581190207,-0.03761966932426115,-0.02459259961744437,0.0,0.0,0.0,0.051121361928843076,0.027077005785594195,-0.02037263498735239,0.0,-0.03413912827731118,0.06359778961214733,0.0,-0.013954264483958596,0.0,0.0,0.0,0.0,0.0,0.0,-0.008634913619548826,0.22950627319391492
2019-06-01,2020-06-01,-0.7581105002145705,0.2363944157873554,0.5489553179723798,0.55897239023788,0.9890400279519977,0.09349569963663305,-0.7581105002145705,0.2363944157873554,-1.0916999701163554,-0.6658056929032837,0.5208852935738584,0.5770491780988429,0.40191838144173564,0.0,0.0,0.0,0.0,0.0,0.0,0.0,0.0,0.0,-0.02071818939342868,-0.025158728916247555,0.0,0.0,-0.011725823123004447,0.0,0.048682198621073716,0.061510401061694295,-0.03487887264433419,0.0,-0.03276256535123644,0.06797805056545994,0.0,-0.02228527641747706,0.0,0.0,0.0,0.0,0.0,0.0,-0.020869325127979163,0.226622546512835
2019-09-01,2020-09-01,-0.3137872354086468,0.4029215472739267,0.44408301232337233,0.46835953761294774,0.5136714791743364,0.08315191491996571,-0.3137872354086468,0.4029215472739267,-0.6894260284991738,-0.07455137962275056,0.597808168526015,0.9204816366966462,0.4842113621943177,0.0,0.0,0.0,0.0,0.0,0.0,-0.013841803267721843,0.0,0.0,0.0,-0.012979984322751392,0.005571045703898176,-0.008892673620211821,0.0,0.0,0.04086852213974105,0.0458137856891344,0.0048448095169512095,0.04881481198915255,-0.014405132843931658,0.044772209995284806,0.0,0.0,0.0,0.0,0.0,0.0,0.0,0.0,0.0,0.2623559562943812
2019-12-01,2020-12-01,-0.3564639118141421,0.2384944634538754,0.324051337252325,0.3394268326093746,0.3539754683015592,0.14033296785071295,-0.3564639118141421,0.2384944634538754,-0.8913308118217778,-0.3244976139693989,0.5106385514639378,0.5982825822619553,0.29240710642166856,0.0,0.0,0.0,0.0,0.0,0.0,-0.010430842929688967,0.0,0.0,0.0,-0.023533118817666097,0.0,-0.009869914618093327,0.0,-0.01564038724230401,0.03405223097251535,0.05480856381295935,0.0,0.03131402596270174,-0.016735229621699692,-0.020123122090931075,0.0,-0.027701144605753725,0.0,0.0,0.0,0.0,0.0,0.0,0.0,0.24235340263183586
2020-03-01,2021-03-01,-0.374674542625808,0.1650218075520904,0.2795723904203337,0.3035659927250672,0.29127215039534476,0.19190192351580576,-0.374674542625808,0.1650218075520904,-0.9613875482682666,-0.4835425102155177,0.5106385514639378,0.9378126014108368,0.14774227168168083,0.0,0.0,0.0,0.0,0.0,0.0,0.0,0.0,0.0,-0.019971699409242462,0.0,0.0,-0.013871277738806753,0.0,-0.029158222515103784,0.05184830289648258,0.050678049346752053,0.0,0.05907834440153266,-0.022795982634154145,-0.02854586244056433,0.0,-0.02622437487464188,0.0,0.0,0.0,0.0,0.0,0.0,-0.04467878515257617,0.18866331567241262
2020-06-01,2021-06-01,0.2523476482182651,0.1846803752465931,0.09577135258865746,0.10299665275426473,0.004578859831422775,0.5825509277314185,0.2523476482182651,0.1846803752465931,-0.6613065813612096,-0.2647019222216329,0.5106385514639378,0.6741472190689102,0.09256894737960725,0.0,0.0,0.0,0.0,0.0,0.0,-0.007737819708157472,0.0,0.0,0.0,0.0,0.0,-0.010328134669632508,0.0,-0.021141630584657928,0.058938498421271315,0.0,-0.008115006049049349,0.01774855802495278,-0.008706967302484709,-0.032116957644483066,0.0,-0.036481139535290454,0.0,0.0,0.0,0.0,0.0,0.0,0.029187394564978507,0.20343357972914597
2020-09-01,2021-09-01,0.4675283229617299,0.1182657315096591,0.22835884259064843,0.2192119665359208,0.12198435778781615,0.8203545219349765,0.4675283229617299,0.1182657315096591,-0.7581105002145705,-0.3907521106108369,0.5106385514639378,0.6747849279676194,0.24769890304318123,0.0,0.0,0.0,0.0,0.0,0.0,0.0,0.0,0.0,-0.011203298247429149,-0.03584002615633137,0.0,-0.022622715797774397,0.0,0.0,0.042971938657221584,-0.07329999922540631,0.0,0.0,0.03705278950682801,-0.026196192156562943,-0.00946118433780721,-0.011404545916328293,0.0,0.0,0.0,0.0,0.0,0.0,-0.017571947240467786,0.24584091242371697
2020-12-01,2021-12-01,0.8145733248906772,0.1239956835564548,0.45251031868504565,0.45992927335738404,0.4768974787107379,0.938422477133799,0.8145733248906772,0.1239956835564548,-0.6518081824236432,-0.3907521106108369,0.5256036452767708,0.8169389056827292,0.3014796891523237,0.0,0.0,0.0,0.0,0.0,0.0,0.0170799801502014,0.0,0.0,-0.02345390278674618,-0.02869999226646196,0.0,-0.03241994979144337,0.0,0.0,0.04820790616264706,-0.12259875452871412,0.0,0.027669729121275646,0.04583250099150591,-0.03918150271051386,0.0,-0.022714929520942284,0.0,0.0,0.0,0.0,0.0,0.0,0.0,0.2542745987356466
2021-03-01,2022-03-01,1.3972091141676302,0.0334120104732438,1.1375929769550355,1.145526323784604,1.8599425400451968,0.9999992133375846,1.3972091141676302,0.0334120104732438,-0.8913308118217778,-0.4168131110357187,0.4828958814294459,0.629165749209637,1.412761749679418,0.0,0.0,0.0,0.0,0.0,0.0,0.0,0.0,-0.005396939532282285,-0.025695700936949676,-0.02553721558684799,0.0,-0.015199033834525592,0.0,0.0,0.024367095939763956,-0.1415221851370335,0.0,0.0,0.04782952307749173,-0.02716682515044768,-0.005097571213095536,0.0,0.0,0.0,0.0,0.0,0.0,0.0,-0.027379641246332177,0.23421050409350258
2021-06-01,2022-06-01,1.9015284854629224,0.2091103695289753,1.588286736736515,1.59178665052111,2.864279079141411,1.0,1.9015284854629224,0.2091103695289753,-1.045092856475538,-0.5441236332512034,0.4957130017502642,0.597808168526015,1.7857869826294852,0.0,0.0,0.0,0.0,0.0,0.0,-0.012594813512586296,0.0,0.0,0.07412123536784558,0.0,-0.011451109006873655,-0.017903708415312504,0.0,0.015155835133525225,0.035842020727546976,-0.10314863443156637,0.0,0.0,0.06149426943414599,0.0,0.0,-0.02015585442820127,0.0,0.0,0.0,0.0,0.0,0.0,-0.056080593383451005,0.24383172204390263
2021-09-01,2022-09-01,1.9772231732424927,0.1239956835564548,1.6921340153404523,1.6945504749818963,3.434452128528014,0.9999999999968786,1.9772231732424927,0.1239956835564548,-1.0916999701163554,-0.6513082666900871,0.5208852935738584,0.597808168526015,1.97003547154074,0.0,0.0,0.0,0.0,0.0,0.0,0.0,0.0,0.0,0.08960309380489599,0.0,-0.021292161952306207,-0.039021773540296956,0.0,0.0,0.032568585508637,-0.13444493775574004,0.0,0.0,0.07906997149145625,-0.028396734305318326,-0.011453470069900856,-0.023097045723954497,0.0,0.0,0.0,0.0,0.0,0.0,-0.05921689883508706,0.23967705493406946
2021-12-01,2022-12-01,1.9477215854952767,0.3682466372715076,1.5615794355889498,1.5667961056713704,2.494741112066478,1.0,1.9477215854952767,0.3682466372715076,-1.0026335309508516,-0.3907521106108369,0.52264543290228,0.6620796371409231,1.6076136171670576,0.0,0.0,0.0,0.0,0.0,0.0,0.020920732400144717,0.0,0.0,0.11081020128202533,0.0,-0.02073155019687825,-0.021687444726216157,-0.020483901823751267,0.012516469719849745,0.020922500442537847,0.0,0.0,0.0,0.045384885780118206,0.0,0.02478545424414364,0.0,0.0,0.0,0.0,0.0,0.0,0.0,-0.03301828691524659,0.22882757706478035
2022-03-01,2023-03-01,2.2165571229428416,0.0320072592403519,2.022989710144275,2.023817297195041,4.772258107002566,0.999999999954689,2.2165571229428416,0.0320072592403519,-1.1629725530339918,-0.8846061718801757,0.402144511891489,0.597808168526015,2.8996439693139227,0.0,0.0,0.0,0.0,0.0,0.0,0.0,-0.01558394400243902,0.0,0.07991697144405513,-0.018611199928887052,-0.02222079819495666,0.0,-0.024731348392798325,-0.018084289089299984,-0.08217321053956603,0.0,0.0,0.0,-0.037088571626191454,0.0,0.0,-0.018763724779071202,0.0,0.0,0.0,0.0,0.0,0.0,-0.035893004028070254,0.22524037837757674
2022-06-01,2023-06-01,1.748596256624424,-0.06536512419712534,1.5810398294199526,1.5866626233233216,3.290455891112022,0.9998647618343873,1.748596256624424,-0.06536512419712534,-1.1599469235346493,-0.8913308118217778,0.402144511891489,0.5982825822619553,2.2280039609562015,0.0,0.0,0.0,0.0,0.0,0.0,-0.0045380516018919724,-0.010236398228104442,0.0,0.0,-0.022260203003320395,-0.018274512357622417,0.0,-0.02380546570470162,-0.016282598760233292,-0.10492217065547918,0.0,0.0,0.0,-0.028078169367643277,-0.003822038413147766,0.0,-0.0053104123859964505,0.0,0.0,0.0,0.0,0.0,0.0,0.0,0.17216489628101547
2022-09-01,2023-09-01,1.3367178992657711,-0.0035302097705525,1.0603873157374828,1.0813315482958856,1.7962649937754411,0.9775807055822351,1.3367178992657711,-0.0035302097705525,-1.1629725530339918,-0.9770202599772126,0.508604894016873,0.7897098886906471,1.3524984687888268,0.0,0.0,0.0,0.0,0.0,0.0,0.0,0.0,0.0,0.0978922758930301,-0.04949352712418254,0.0,0.0,-0.020045393139076727,-0.019086693735725767,-0.11242366247657909,-0.14945656608180208,0.0,0.0,-0.05040779184025745,-0.02599767354560886,0.0,-0.011925142745243644,0.0,0.0,0.0,0.0,0.0,0.0,0.07247791898658189,0.26493604603831156
2022-12-01,2023-12-01,1.490287307731819,-0.1153347402562232,1.292203308699531,1.296460980631385,2.578022160985315,0.9962126729867544,1.490287307731819,-0.1153347402562232,-1.1629725530339918,-0.885682114270832,0.5347034746246419,0.7072272182205807,1.4815292769660255,0.0,0.0,0.0,0.0,0.0,0.0,-0.011807019494349376,0.0,0.0,-0.048126944780718946,0.0,-0.012510235910923262,0.0,-0.021651851320560286,-0.029866722803990768,-0.107010393067609,-0.1412068466683604,0.0,0.05194577810627948,-0.05949807745929913,0.04668646745791293,0.0,0.0,0.0,0.0,0.0,0.0,0.0,0.0,0.0,0.21771110568539553
2023-03-01,2024-03-01,1.0099449936324945,0.2523476482182651,0.448787190302748,0.4772206324079158,0.5739537377786871,0.820022009173718,1.0099449936324945,0.2523476482182651,-1.094794820682243,-0.5441236332512034,1.212125255889518,1.6638460089316354,1.243948609480463,0.0,0.0,0.0,0.0,0.0,0.0,-0.01594234745460091,0.0,-0.013831864182053497,-0.036369486685574416,0.0677376644175917,0.0,-0.014457680125222905,0.0,0.0,0.0,-0.10928688718947652,0.0,0.13903182733906524,-0.04768358354295063,0.03642465934209745,0.0,0.04813149398252008,0.0,0.0,0.0,0.0,0.0,0.0,0.0,0.1985938523168695
2023-06-01,2024-06-01,1.1063814765646107,0.5742446075862162,0.27668573925829637,0.3097948130447341,0.28316964732612904,0.7966600525005497,1.1063814765646107,0.5742446075862162,-0.374674542625808,0.18594193948395343,1.3253730683686626,1.738815096828894,0.4212426067506381,0.011651427154838967,0.0,0.0,0.0,0.0,0.0,0.0107817265314114,0.0,0.028546827782284425,-0.09426156703601427,0.04932508774641663,0.0,0.0,0.0,0.0,0.0,0.09246348033118933,0.0,0.10669416204376828,-0.0324022956580825,0.06152149347797174,0.0,0.039511148809577956,0.0,0.0,0.0,0.0,0.0,0.0,0.0,0.30041311640285423
2023-09-01,2024-09-01,0.976749369197094,0.5689575820150949,0.2253086099361494,0.26020492656104993,0.1662941416930888,0.7593038297099697,0.976749369197094,0.5689575820150949,-0.3000163151732238,0.1864152629288185,1.3253730683686626,1.638446653763026,0.20801331226232633,0.0,0.0,0.0,0.0,0.0,0.0,0.0,-0.039055631197462956,0.02790226194713547,-0.1606746334450765,0.049452577375413344,0.0,0.0,0.0,0.0,0.0,0.10816619651343257,0.006577134874071466,0.08299618979868818,-0.020351122396783113,0.06491661580212851,0.0,0.05880524288622731,0.0,0.0,0.0,0.0,0.0,0.0,0.0,0.3902227498573207
2023-12-01,2024-12-01,0.6529068849768116,0.5430111251164327,0.12055896910006383,0.1233348087152851,0.01207707803529007,0.5780020717751644,0.6529068849768116,0.5430111251164327,-0.3244976139693989,0.1972387227204386,1.1971244525493312,1.638446653763026,0.16696967178756306,0.0,0.0,0.0,0.0,0.0,0.0,0.0,-0.03517488635219432,0.045358800489735576,-0.09767575102753076,0.05296177814869751,0.0,0.0,0.0,0.0,0.0,0.06511993784861696,0.020439589893936905,0.07279841862910266,-0.02161095038312197,0.05777147270820941,0.0,0.056382038418543216,0.0,0.0,0.0,0.0,0.0,0.0,0.0,0.3266406767424375
2024-03-01,2025-03-01,0.9365620200689762,0.5703988126583681,0.17667439723675504,0.2134737388092496,0.13407549446122397,0.6818886103913835,0.9365620200689762,0.5703988126583681,-0.2078391915756761,0.2401537402562326,1.37220703342118,1.6638460089316354,0.7144665149785483,0.0,0.0,0.0,0.0,0.0,0.0,0.0,0.0,0.045926579191353324,-0.031264420038633105,0.07110039387302171,0.0,0.0,0.0,0.0,0.0,0.05376427109459148,0.022202731788139828,0.08188257003528733,0.0,0.08343744077209464,0.013380692853345996,0.05791817534285332,0.0,0.0,0.0,0.0,0.0,0.0,-0.020661666397184142,0.1927120441434978
