Date,Target_date,Actual,Forecast_median,q05,q16,q84,q95,Squared_Error,Empirical_CRPS,Parametric_CRPS,df_skewt,nc_skewt,loc_skewt,scale_skewt,PIT,Shap_Base_Effect,Shap_PPI,Shap_real_turnover,Shap_retail_turnover,Shap_Manufacturing_EU,Shap_Vol_loans,Shap_Exchange_Rate_CHF,Shap_gdp_index_ch,Shap_gdp_index_eu,Shap_Wage_change,Shap_Business_Confidence_EU,Shap_CH_2int,Shap_infl_e_current_year,Shap_fin_spread,Shap_unemployment_rate,Shap_M1_change,Shap_oilprices,Shap_variable_mortgages,Shap_infl_e_next_year,Shap_EU_fin_spread,Shap_kofbarometer,Shap_Saron_Rate,Shap_M3_change,Shap_M2_change,Shap_headline_1m,Shap_core_1m,Shap_sin_cycle_1,Shap_cos_cycle_1,Shap_sin_cycle_2,Shap_cos_cycle_2,Shap_Constant
2012-09-01,2012-12-01,-0.5585614490200008,0.06994421933219641,-1.2786818401259836,-1.039393413907863,0.41214239254960816,0.5914202867561613,0.3950193751508421,0.2846316836349445,0.22682912795254398,36.20991026898503,-9.999999999999904,3.8751842946105075,0.40379301269615536,0.2917309674129943,-0.5022446932971825,-0.030589888133478453,-0.03078534031291287,0.0,-0.03305815643984478,0.0,0.0,0.0,0.0,0.0,0.0,-0.01871814993791153,0.0,0.0,0.0,0.0,0.0,0.0,0.0,-0.0357147071458985,0.0,-0.0392491508145803,0.0,0.0,-0.016805045256040596,-0.016431439858327384,0.0,0.0,-0.012946989735760677,0.5473454288146967,0.2591423514494373
2012-12-01,2013-03-01,-0.5559402157513382,-0.6439788835010951,-1.209458566628463,-1.0011135960245277,0.45694808336547155,0.6429496133295132,0.007750807019152083,0.1487438615636808,0.1364167298472277,17.85558000740849,9.999999999999567,-3.439670287998191,0.28604414021365226,0.48071739046812956,-0.31514886540797704,-0.0292492464139443,0.0,0.0,-0.03699914769974172,0.0,0.0,0.0,0.0,0.0,0.0,-0.01834912315682891,0.0,0.0,0.0,0.0,-0.019716968414276538,-0.03069199021153234,0.0,0.0,0.0,-0.04826531023103058,0.0,-0.013303976955827856,0.0,0.0,0.0,-0.045649377748260514,-0.03141910479637962,-0.2567156224446214,0.20152984997932571
2013-03-01,2013-06-01,-0.2379100909859488,-0.6273266016110668,-1.7711094069497602,-1.5321459218643696,-0.0758219887170064,0.06043664169972374,0.1516452187474426,0.25575219239306185,0.285977758949249,41.007528681960025,-9.999999999992204,3.4963779275027673,0.41734900545692644,0.7854675816525909,-0.9922339384762502,-0.02968441481344806,-0.021818984892655102,0.0,0.0,0.0,0.0,0.0,0.0,0.0,0.0,-0.04432625195173273,0.0,0.0,0.0,0.0,-0.03413600435368449,-0.042891847691138726,0.0,-0.04038415304064382,0.0,-0.05975249916514892,0.0,0.0,0.0,-0.024965927993290327,0.07672048047106883,0.0,0.0,0.5254797170469919,0.06066722324886482
2013-06-01,2013-09-01,-0.0686985256836081,-0.3941695273377732,-0.9218168049382136,-0.7401580932993923,0.7638408347019343,1.0239645357668081,0.10593137291776554,0.19906290146838393,0.15595990753976224,14.497897913933294,9.999999999993888,-2.8871806613995252,0.2582188417872136,0.6189673355071212,0.08892797420614329,-0.02769355690662213,0.041350523763896085,0.0,-0.03346989245365287,0.0,0.0,0.0,0.0,0.0,0.0,-0.011241534711634915,0.0,0.0,0.0,0.0,-0.010719771900876428,-0.021252130480076598,0.0,-0.007832813596961523,0.0,-0.02850205617905547,0.0,0.0,0.0,0.0,0.0,-0.21853971313683102,0.0,-0.16508173026461678,-0.00011482567748483281
2013-09-01,2013-12-01,-0.0163107733018641,0.10691284991564132,-0.8847004573473427,-0.7179257510765424,0.7331180330108822,0.8460021721714561,0.01518406131884974,0.21234928650834042,0.14886192244421684,81.66844184194265,-9.999999999899687,4.925203750232554,0.48454942562712744,0.44928346752028053,-0.18126905283590844,0.0,0.0,0.0,-0.023775509293345952,0.0,0.0,0.0,0.0,0.0,0.0,-0.03753227324456073,0.0,0.0,0.0,-0.008715659601732761,-0.022157956057701447,-0.04495344761430224,0.0,-0.048515114358786346,0.0,-0.07081971434384081,0.0,0.0,0.0,-0.015371780977770828,0.0,0.0,-0.01505006020145964,0.4104421776715322,0.16463124077351837
2013-12-01,2014-03-01,0.0721983425743033,-0.06416033989591341,-0.6791566185542663,-0.48521840793540605,0.9920750660281641,1.2347446915216054,0.018593690285013384,0.17418211176857532,0.14226658679405685,29.08297344916649,9.999999999999996,-3.5448605717947106,0.35981264290708376,0.4874378118556524,0.16631787732599435,-0.03542224919421896,-0.026295494478262623,0.0,0.0,0.0,0.0,0.0,0.0,0.0,0.0,-0.017505149672129596,0.0,0.0,0.0,-0.009771154809603359,0.0,-0.017456876536908295,0.0,-0.008788808902352091,0.0,-0.017233027624829148,0.0,0.0,0.0,0.15199207952309687,0.0,-0.024657267520662305,0.0,-0.22143592072886553,-0.0039043472771727143
2014-03-01,2014-06-01,-0.0402056980780329,-0.5390267990316389,-1.5977464101523786,-1.384138536840851,-0.0020142080984442146,0.11237689471759182,0.24882249075656757,0.3164847601100684,0.34711979890333167,54.01554288268413,-9.999999999999517,3.61587791513686,0.42000368057330745,0.8471835256190527,-0.859805217788967,-0.030940540584237883,0.04939482758186131,0.0,-0.03236816512701637,0.0,0.0,0.0,0.0,0.0,0.0,-0.05376144125763343,0.0,0.0,0.0,0.0,0.0,-0.059383138669803964,0.0,-0.025410330926606668,0.0,-0.045332978869460666,0.0,0.0,0.0,-0.05229194385203647,0.12505206604929248,0.0,0.0,0.4128712236391525,0.03294884077381728
2014-06-01,2014-09-01,-0.0019006300588486,-0.253332770651582,-0.6954350403885812,-0.5057352767478314,0.5673675060932304,1.0602511789185698,0.06321812132304405,0.16706198349270965,0.14137405613725296,11.384954055321383,9.999999991427675,-2.3142861365539957,0.2089653854414969,0.6190956757255079,0.202460169228047,-0.0240079285920378,0.0,0.0,0.0,0.0,0.0,-0.004704922396726523,0.0,-0.0041386187840255495,0.0,-0.02309454737352819,0.0,0.0,0.0,0.0,0.0,-0.01788693664029697,0.0,-0.006827380238673915,0.0,-0.036077383858364766,0.0,0.0,0.0,-0.005590373416598751,0.0,-0.21452921691463936,0.0,-0.2113919505029875,0.0924563188382502
2014-09-01,2014-12-01,0.2551637534921269,0.19867547363885407,-0.7964397241948085,-0.5848206277066588,0.7698097804040849,0.9445936366757834,0.0031909257607816675,0.1871447125411843,0.14189977066117682,59.8322468761882,-9.999999999999991,4.523475055729066,0.4320817724913713,0.5499008477388113,-0.08950642911269568,-0.0402618504833378,-0.004921254111347917,0.0,0.0,0.0,0.0,0.0,0.0,0.0,0.0,-0.04265881183300204,0.0,0.0,-0.005306622214866744,-0.005908200632289648,0.0,-0.0313378807472864,0.0,0.0,0.0,-0.06344005894716591,0.0,-0.006382974790737654,0.0,0.0,0.0,0.0,-0.014922609894698234,0.38075382330926416,0.12256834309701792
2014-12-01,2015-03-01,-0.1784907206497266,-0.024369993400163992,-0.5318329685416678,-0.4183890232590315,0.9041520283193272,1.1609825991422795,0.02375319856793407,0.15783233418037892,0.17261639991404285,19.51798475216995,9.999999999995817,-2.7243671885757683,0.2748773809361519,0.3112792800722311,0.20610822382174376,-0.020524935577052608,0.015582070487057294,0.0,0.0,0.0,0.0,0.0,-0.005839433886699697,0.0,0.0,-0.0070325351974196565,0.0,0.0,0.0,0.0,0.0,0.0,0.0,0.0,-0.008709974129052615,-0.024344329524688808,0.0,0.0,0.033420735113521005,0.01242297953289262,0.0,-0.01215395625798084,0.0,-0.15681044025349486,-0.05648839752898958
2015-03-01,2015-06-01,-0.3619796751591408,-0.23270103261410213,-1.1546763547355177,-0.9258164810293401,0.46664402619338574,0.6057153322235502,0.016712967418287886,0.1911685202077592,0.16385697594032628,53.07843554156301,-9.999999999987821,4.028876744213374,0.41685109629612704,0.3694079265668588,-0.4477430596534049,-0.04806634875663155,-0.023356222742967836,0.0,-0.03214022710950653,0.0,0.0,0.0,0.0,0.0,0.0,-0.06225925194136568,0.0,0.0,0.0,0.0,0.0,-0.05581835313879086,0.0,0.0,0.0,-0.06666489269427238,0.0,0.0,-0.023861902107457766,-0.022515840075313504,0.05943834102184131,0.0,0.0,0.33174708965057453,0.158539634933193
2015-06-01,2015-09-01,-0.6613065813612096,-0.5660370148866889,-1.1299432696509015,-0.9237422238785875,0.289280490386723,0.6272681494825072,0.009076290296243114,0.13308826500944704,0.13756429523386055,14.881388324261753,9.999999999999998,-2.9780921304758285,0.2399908269573181,0.39354148782114706,-0.23204806003427336,-0.018683818891618013,0.021705732406014963,0.0,0.013565919787792795,0.008360413891284738,0.0,0.0,0.0,0.0,0.0,0.0,0.007303184947532515,0.0,0.0,0.0,0.0,-0.011242857133697583,0.0,0.0,-0.008873551907862069,-0.02411669469470192,0.0,0.0,0.0,0.0,0.0,-0.17346185744138443,0.0,-0.17145550010723437,0.02291007429145786
2015-09-01,2015-12-01,-0.8846061718801757,-0.7738048827245159,-1.6400190618906407,-1.4053756847033583,-0.14497046895801102,0.018631343455233207,0.01227692567855613,0.16075786719940655,0.14398639900220386,99.99999999999999,-9.575750693532651,3.619339501682113,0.453902641125348,0.3967546272239431,-0.9495827448237293,-0.022824131511756506,0.04040089172821508,0.0,-0.04014970064791211,0.0,0.0,0.0,0.0,0.0,0.0,-0.05782823556899821,0.0,0.0,0.0,0.0,0.0,-0.059061199247820544,0.0,0.0,0.0,-0.05674333861504887,0.0,0.0,0.0,-0.02589128958169616,0.02987064081060932,0.0,-0.013664973741641516,0.3211406015292448,0.060528596946018184
2015-12-01,2016-03-01,-0.4835425102155177,-0.62089034017907,-1.1170953778139037,-1.0052350165328683,0.035620790225188215,0.5437979161382778,0.018864426395696868,0.13607966863416499,0.1200517853945802,15.277704280195119,9.999999999999998,-2.8791190530187056,0.22714497278914866,0.5611064854876497,-0.372614033620966,-0.006004409839047138,0.0,0.0,-0.011347904836872718,0.0,0.0,0.0,0.0,0.0,0.0,-0.007850865786929569,0.0,0.0,0.0,0.0,0.0,-0.00981632793658782,0.0,0.0,0.0,-0.01325666542030578,0.0,-0.0032411899348542437,0.04279601563937452,0.009768505045539277,0.0,-0.014403519796721227,0.0,-0.2434200485934064,0.008500104901707157
2016-03-01,2016-06-01,-0.2309070414847625,-0.7211597883434173,-1.6675934057218234,-1.4697770110732478,-0.15018337386632297,-0.004912083809482937,0.2403477558024563,0.27396895810238386,0.2932575546242973,62.40478227689948,-9.99999999999963,3.4666726134654073,0.4163036147810568,0.8170834184967551,-0.9770941963160418,0.02979547273045243,0.04114750744502926,0.0,-0.032439246805314306,0.0,0.0,0.0,0.0,0.0,0.0,-0.04632525938167344,0.0,0.0,0.0,0.0,0.0,-0.06125893852249651,-0.020579409861996828,0.0,0.0,-0.06106224435978662,0.0,0.0,0.0,-0.02530722367347721,0.06365598297914601,0.0,0.0,0.3240995790575781,0.044208188365163596
2016-06-01,2016-09-01,-0.1371437538706388,0.013660992908892666,-0.4996491096779466,-0.30449828178698013,0.5482982669589509,1.198972432313834,0.022742071651238604,0.12795435435319522,0.13399363434010336,11.780372693459052,9.999999999999998,-1.9501407990145874,0.19235899385489771,0.3528332255641352,0.3946605915425394,-0.009180534178066139,0.0,0.0,0.011189700959187362,-0.007362953698611384,0.0,0.0,0.0,0.0,0.0,0.0,0.0,0.0,0.0,-0.004677369621935064,0.0,-0.009589990326686868,0.0,0.0,0.01489070806087619,-0.00997902483732888,0.0,0.0,0.0,0.01102369042994561,0.0,-0.2235578697929806,0.0,-0.1872990667428264,0.033543111114779464
2016-09-01,2016-12-01,-0.3244976139693989,0.1457803918005318,-0.7216957905055388,-0.43340678731736654,0.7277668379296962,0.8692685049703195,0.221161402710943,0.30136001350884234,0.29555421110099495,89.30666099727902,-9.999999999999998,4.348996274225314,0.4161165342276286,0.17917258161414257,-0.0991439845200226,0.035601832419184125,0.017972532868125363,0.0,-0.019350596956643255,0.0,0.0,0.0,0.0,0.0,0.0,-0.04834810605755938,0.0,0.0,0.0,0.0,0.0,-0.06077705973546373,-0.019663260080827378,0.0,0.0,-0.05790154025388696,0.0,0.0,0.0,0.0,0.04280132823891409,0.0,-0.0122485432035309,0.27700256239068305,0.0898352266915594
2016-12-01,2017-03-01,0.1182657315096591,-0.4029366539104018,-0.9789770253500584,-0.7929443232591211,0.06126858141222158,0.6703781294713274,0.2716519265675617,0.31629079822662576,0.30170840386442843,14.794237359926752,9.999999999999998,-2.4713843800087916,0.2033610196137678,0.8403329138631547,-0.15377344562708117,-0.014858128015033509,0.0,0.0,-0.002564268816471574,0.0,0.0,-0.001375852583351933,0.0,0.0,0.0,-0.017323236554094634,0.0,0.0,0.0,-0.0039950124703362596,0.0,-0.016258291819860646,0.0,0.0,0.0,-0.01978809326613628,0.0,0.0,0.0,0.0,0.0,-0.01789350320851363,-0.012399949352423755,-0.23845287409279914,0.09574600189570079
2017-03-01,2017-06-01,0.211977293329113,-0.8161585738641897,-1.651543801481381,-1.4213720107444594,-0.22609066023573376,-0.006974811650267032,1.0570633614093246,0.7356802276241469,0.735606913226834,99.99999999999999,-4.413184984950691,1.360025867073713,0.4873031779208081,0.9790747369960984,-0.9655790708648304,0.0,0.0,0.0,-0.01616906001674763,-0.010515474644573294,0.0,0.0,0.0,0.0,0.0,-0.05117966525144911,0.0,0.0,0.0,0.0,0.0,-0.04780506544510808,-0.019597273705533887,0.0,0.0,-0.04659529796812035,0.0,0.0,0.0,-0.02162591789505154,0.0729439525361753,0.0,-0.015686277031139294,0.24343931349856726,0.06221126292362133
2017-06-01,2017-09-01,0.5106385514639378,0.27480043033598633,-0.23850967225085296,-0.030164701646917536,0.8368271370779456,1.4839995258451122,0.0556196193771623,0.15482381521893943,0.13838739920458665,10.505303491042808,9.999999999999998,-1.5272930814157712,0.17914126597810753,0.6521847284354227,0.6558000289696331,0.02929137399863526,-0.013344585607341763,0.0,-0.008004327919656384,-0.006374510373229316,0.0,0.0,0.0,0.0,0.0,-0.00889339588606992,0.0,0.0,0.0,0.0,0.0,-0.014370462768529303,0.0,0.0,0.0,-0.020227847005919238,0.0,0.0,0.0,0.0289832767938358,0.0,-0.2644414414275271,0.0,-0.19116456874485377,0.08754689030700914
2017-09-01,2017-12-01,0.7058486844918832,0.7422814059418137,-0.05714897291329457,0.2368480958679946,1.305991954471697,1.5242966914602896,0.0013273431922482246,0.12828129383585388,0.11837472690452593,99.99999999996851,0.7450353216147325,0.37614969052236624,0.497583883921332,0.4665285381922354,0.5665035438426003,-0.007219005958077532,0.0,0.0,0.0,-0.00536427753559738,0.0,0.0,0.0,0.0,0.0,-0.03307652358037222,0.0,0.0,-0.012098196006417839,0.0,0.0,-0.0410296662755234,-0.00771677098997702,0.0,0.0,-0.041470110418432064,0.0,0.0,0.0,-0.0032561488049754617,0.0,0.0,-0.007654695420396223,0.2584458596101671,0.07621739747881548
2017-12-01,2018-03-01,0.5770491780988429,0.018367899215210315,-0.4428480474071961,-0.2987570963230546,0.7716388203506952,1.183882677997783,0.3121247713750513,0.31252646334913775,0.2894989346020541,13.779676250242765,9.999999996626046,-2.034452401854461,0.2066147811400451,0.8231118558086802,0.24884611643711807,-0.005131564641341256,-0.015477179940771081,0.0,0.0,0.0,0.0,0.0,0.0,0.0,0.0,0.0,0.0,0.0,-0.0002663027253007044,0.0,0.0,-0.01279883732870435,-0.0014266614377644892,0.0,0.0,-0.008304633060622063,0.0,0.0,0.0,0.0,-0.001011116293254538,-0.024607413136917708,-0.012016539785791158,-0.23926742925507347,0.08982946038363299
2018-03-01,2018-06-01,0.4772563274701547,-0.5121755664228012,-1.346196768025898,-1.005444317063418,0.12949109233391098,0.2775216297420613,0.9789754726526014,0.6743667507066792,0.6771189372374891,99.99999999999996,-4.528094472076081,1.7573010414695491,0.4909181948207875,0.9709608724372949,-0.6946604827644975,0.03228944113484328,0.0,0.0,0.0,-0.009806884443023245,0.0,0.0,0.0,0.0,0.0,-0.05989091429824681,0.0,0.0,0.0,0.0,0.0,-0.05036548897601956,-0.017888809414027335,0.0,0.0,-0.056319504115905285,0.0,0.0,0.0,-0.025579333173516468,0.07549421343032017,0.0,-0.011271939785945357,0.21580217471040583,0.09002196127281115
2018-06-01,2018-09-01,0.3692064162161834,0.34493500749626094,-0.20330652226876467,-0.032198359093982276,0.9379928117938086,1.5271912426704226,0.0005891012812495275,0.11365772200467272,0.10955463529048173,10.266369859647057,9.999999999999998,-1.4927310178552886,0.17841673136539726,0.5176185617316784,0.6537663715225683,0.02954584254928763,0.0,0.0,0.006978605744287603,0.0,0.0,0.0,-0.005360421623889342,0.0,0.006965556518095181,0.0,-0.005986899571361783,0.0,0.0,0.0,0.0,-0.006868566026844464,0.0,0.0,0.0,-0.024855806208187472,0.0,0.0,0.0,0.015969145623480074,0.0,-0.23612738101542324,0.0,-0.17593239085848558,0.08684095084273405
2018-09-01,2018-12-01,0.3096180831721362,0.5657852085946935,-0.18358095666419783,0.09671891767570884,1.21250688194392,1.355482404759556,0.06562159614725621,0.17968958327594498,0.1869241638378115,99.99999999999635,0.6165406738663843,0.29145647242922623,0.5103059482234578,0.28060740501134346,0.3833002922529971,0.031645578477306924,0.0,0.0,0.0,-0.009077379125474648,0.0,0.0,0.0,0.0,0.0,-0.046222337312824845,0.0,-0.009247285434402897,-0.01766996894692456,0.0,0.0,-0.0512379281835806,0.0,0.0,-0.012463737233287203,-0.04901232165768216,0.0,0.0,0.0,0.0,0.033309460990607914,0.0,0.0,0.22558859082523203,0.08687224394272644
2018-12-01,2019-03-01,0.4957130017502642,-0.1557597316097059,-0.6635497143426861,-0.4921627633049931,0.4687116831327387,0.9325094953027246,0.42441672231151073,0.3657732292063188,0.351956479902592,22.40963161565729,9.999999999867553,-2.670926814890782,0.25475337469450227,0.8631355550663458,0.07471848561220185,0.0,0.0,0.0,-0.01369685942138777,0.0,0.0,0.0,0.0,0.0,0.0,0.0,-0.010984662884972858,0.0,-0.0068252885754623415,0.0,0.0,-0.002326778628993109,0.0,0.0,0.0,-0.018437282761486026,0.0,0.0,0.024008006174594414,-0.005624292355364312,0.0,-0.011071827397409844,-0.011461723495276953,-0.2277392572100308,0.053681749333881854
2019-03-01,2019-06-01,0.6980791265353226,-0.5326300687973351,-1.3919993797419927,-1.0894075295301953,0.07655800800518975,0.25980615738241397,1.5146451234763576,0.9442776887764196,0.9377225263315365,99.999999999976,-6.5165583795221,2.5765344523538647,0.47384877510560797,0.9931714078143996,-0.7084079308965485,0.0,0.0,0.0,0.0,0.0,0.0,0.0,0.0,0.0,0.0,-0.042980709409504506,0.0,-0.008758787777333386,-0.01969419559317235,0.0,0.0,-0.05705049522431533,0.0,0.0,0.0,-0.07078223744864014,0.0,0.0,-0.058434340231057175,-0.0105661689955652,0.12082321791992479,0.0,-0.009437603537873178,0.22823024078107487,0.10442894161567501
2019-06-01,2019-09-01,0.3682466372715076,0.483579565192116,-0.059394212063597074,0.11960779842219438,1.1235358745325108,1.468436923539702,0.013301684262740253,0.11580037027501107,0.11851396648999768,13.246497984326558,9.999999999999998,-1.4520819189880747,0.19020359921966432,0.3780507382321367,0.7701609397694043,-0.01173260927121403,0.025014368730967275,0.007334254716197172,0.00421850400486176,0.013050578349174793,0.0,0.0,0.0,0.0,0.0,0.011194263379225123,0.0,0.0,0.0,0.0,0.0,-0.006146962213713747,0.0,0.0,0.0,0.0,0.0,0.0,0.0,0.007616427515034248,0.0,-0.24292443873067457,0.0,-0.15364132846275264,0.05943556740560627
2019-09-01,2019-12-01,0.3691647183324598,0.5884468918840646,-0.12441454797836204,0.22740851013821128,1.2479236697457985,1.4308462314047965,0.048084671637516146,0.16598998360877448,0.17382464810687548,99.99999999999999,7.270984436424844,-2.4143299488198093,0.4196072230985353,0.2766588296174873,0.4758267209723499,-0.007385257051116544,0.0,0.0,-0.024352072066694055,-0.006136036994854502,0.0,0.0,0.0,0.0,0.0,-0.04324956348663782,0.0,0.0,-0.011820097165688166,0.0,0.0,-0.05521786914091337,-0.008205320633662623,0.0,-0.006943673427562659,-0.03554407658688901,0.0,0.0,0.0,0.0,0.0,0.0,0.0,0.20412066564002646,0.10735347182570701
2019-12-01,2020-03-01,-0.0801761132071199,-0.3842848197558091,-0.9719504194638827,-0.8319640665797934,0.18523650371040645,0.5682591471926245,0.09248210539871674,0.20270654154869464,0.19107325590034777,20.85025910193361,9.999999999701645,-2.862267914536285,0.2423268487475717,0.7424897276249433,-0.255972708585972,-0.0073331613070936694,0.0,0.0,0.0,-0.001137560056694742,0.0,0.0,0.0,0.0,-0.0037282289482594884,0.012290428485765661,0.0,0.0,0.0,0.0,0.0,0.0,0.0,0.0,-0.0032774830072802804,-0.01848221660904584,0.0,0.0,-0.0021039252030038004,0.0,-0.006734459753737925,0.0,-0.010067971555544796,-0.1835736415869263,0.09583610837198406
2020-03-01,2020-06-01,-0.7581105002145705,-0.9877421573648348,-1.7178302864667039,-1.4185033802646352,-0.39813012493308264,-0.1980449611999724,0.05273069796557655,0.16697872630033012,0.14813382968212324,99.99999999999999,3.337764339195143,-2.5310906947782974,0.467470902970724,0.6664521040353253,-1.1702270737065312,-0.01781756832667781,0.0,0.0,-0.015793475746605973,0.0,0.0,0.0,0.0,0.0,0.0,-0.05274320870966522,0.0,-0.011085145040543185,-0.020053524677508736,0.0,0.0,-0.054225699278970765,-0.015214520535984193,0.0,0.0,-0.04533222192932291,0.0,0.0,0.0,0.0,0.1305357555412261,0.0,0.0,0.19606050356126883,0.08815402148448026
2020-06-01,2020-09-01,-0.3137872354086468,-0.4632436339834456,-0.9810274218994275,-0.766706577834082,-0.011462046194221642,0.5455590305555093,0.022337215074949124,0.12113758138468887,0.11590180330993642,9.53892209332111,9.999999944787923,-2.005310630687023,0.14906229903479437,0.6378578205058341,-0.14220933075330677,-0.005700800027836786,0.023082291196155333,0.0,-0.007452410527066605,0.009651277500982587,0.0,0.0,0.0,0.0,0.0,0.005758747550572403,0.0,0.004911825447961982,0.0,0.0,0.0,0.0,0.0,0.0,-0.0059319423015508806,0.0,0.00623969401881929,0.0,0.0,0.0,0.0,-0.26923982042346223,0.0,-0.12934592835011963,0.04699276268540562
2020-09-01,2020-12-01,-0.3564639118141421,-0.17146993705923208,-0.8316933207311195,-0.5487720214990972,0.4042980112980211,0.650946453589718,0.03422277069562029,0.13636353319776975,0.1463721730988716,99.99999999403862,6.946691112656901,-2.990182662609809,0.4087552908546115,0.31792362051360196,-0.2840901079709468,-0.014556202907929751,0.010152552751564486,0.0,0.0,0.0,0.0,0.0,0.0,0.0,0.0,-0.05360926418827709,0.0,0.0,0.016064104572282415,0.0,0.0,-0.05524554891910279,-0.01476315742167298,0.0,0.011738030393173334,-0.036681935722354266,0.0,0.0,0.0,0.0,0.014261914475812657,0.0,0.0,0.18797177335906348,0.04728790451915524
2020-12-01,2021-03-01,-0.374674542625808,-0.4174744005183584,-0.985940694797538,-0.8253180246445169,0.22034384482836344,0.5285466808876423,0.0018318278356225057,0.10952380580492724,0.10552015936712703,23.49261362540462,9.999999999999998,-2.8950166287909833,0.24647873316554966,0.520411170050028,-0.3009847055926329,-0.0026817929631868225,0.0,0.0065813577633193655,-0.01011345480981475,0.0,0.0,-0.005554335021477532,0.0,-0.0027751182145677863,0.0,0.0,0.0,0.0,0.0,0.0,0.0,0.0,0.0,0.0,0.007453907454617016,-0.01146041992742664,0.0,-0.002538408947265147,0.0,0.0,0.0,0.0191640576949073,0.0,-0.1449040303846572,0.0303385424298267
2021-03-01,2021-06-01,0.2523476482182651,-0.23734033402140753,-0.9162938946383291,-0.5601114436545664,0.275269923148347,0.5550958921583415,0.23979431994996195,0.28356660314196913,0.27723943271740686,99.99999999997057,9.152570705231721,-3.4723070291250555,0.3556809976741489,0.8508126604408046,-0.41311819612062095,0.0,0.0,0.0,0.009009758584579308,0.011579186108410125,0.0,0.0,0.0,0.0,0.0,-0.034076531600782514,0.0,-0.012395295940911568,0.008875082422213467,0.0,0.0,-0.044746837292147276,-0.013862579352104281,0.0,0.0,-0.030871104195257505,0.0,0.0,0.0,0.0,0.11657490020557762,0.0,0.0,0.1831872177860553,-0.017495934626419213
2021-06-01,2021-09-01,0.4675283229617299,-0.08299621068159624,-0.6259699879373093,-0.3894759036333184,0.31743785083309106,0.8209568463126702,0.3030772621432018,0.3607256014755984,0.3490031305899604,10.899508196995995,9.999999999999998,-1.6855927543879357,0.1538615100915995,0.882470552042334,0.20358516389569203,0.005310331820954778,0.0,0.0,0.0050203793771415725,0.0,0.0,0.0,0.003950326219432833,0.0,0.0,0.006708368879112879,0.0,0.003827091284423878,0.00401264929004084,0.0,0.0,0.011668443999549907,0.0,0.0,0.0034567258223295056,0.0,0.0,0.0,0.0,0.0,0.0,-0.24980445978490415,0.0,-0.11568094223691355,0.03494971075154324
2021-09-01,2021-12-01,0.8145733248906772,0.29097379963998193,-0.24875546047812502,0.08500473426913402,0.9518045986913748,1.2462494655109957,0.2741564628427535,0.2700364753899013,0.24515418302049255,42.52499413437341,9.999999999999963,-2.4880111456116567,0.28657596343255504,0.8186250895155115,0.29137509019045993,0.0,0.0,0.0,0.0,0.0,0.0,0.0,0.0,0.0,0.0,-0.04002463793312505,0.0,-0.013680402061818362,-0.010127405636272672,0.0,0.0,-0.04516187090994164,-0.007348504678573917,-0.004649206365724868,0.0,-0.041107876117610104,0.0,0.0,-0.004581540444358108,0.0,0.01816323686103061,0.0,0.0,0.15118953573577582,-0.003072618999859676
2021-12-01,2022-03-01,1.3972091141676302,0.6774923256181786,0.0044662185898936,0.18215282805883248,1.1254398227629243,1.4856312217267518,0.5179922557199359,0.528902674153749,0.5229788005682569,33.43100477833252,9.999999999998202,-2.0568699797422156,0.2655385752598843,0.9420213540442564,0.656002503851294,0.018674717498852304,0.009653633039448582,0.006447244470083476,0.0,0.0,0.0,0.0,0.0,0.0,0.0,0.01676478867561818,0.0,0.007171771356981925,0.0,0.0,0.0,0.02059790669817094,0.0,0.0,0.0,0.0,0.0,0.0,0.007918576438371221,0.0046262936294753,0.0,0.023729081123850363,0.0,-0.11196140357183368,0.017867212407866026
2022-03-01,2022-06-01,1.9015284854629224,0.34530009560320707,-0.49229373742161187,-0.06535335501451911,0.869746479193001,1.1024401810704632,2.421846801405362,1.3045495629887705,1.2932241408819931,28.023824986438314,-1.5552940033984144,1.0718260446583103,0.46187893378107425,0.9994171901619509,0.13025806856390432,0.024097528067091988,0.0,0.0,0.0,0.015411472126673875,0.0,0.0,0.0,0.0,0.0,-0.03985636983553276,0.0,0.0,-0.012834540385188652,-0.012333042737213185,0.0,-0.04012073058161646,0.0,0.0,0.0,-0.03518592534291289,0.0,0.0,-0.024460019607445215,0.0,0.10889164751783645,0.0,0.0,0.19892053635703624,0.03251147146057337
2022-06-01,2022-09-01,1.9772231732424927,0.9248623235491138,0.3310180080229763,0.533005463946271,1.4333876848041882,2.014766358637221,1.1074633579673705,0.7490135300699576,0.7449961359425524,15.447742399191425,9.999999748951698,-1.257637628204869,0.21377851255853772,0.9602403813617515,1.1880909018143093,0.03696507023791599,0.0,0.0,0.0,0.0,0.0,0.0,0.0,0.0,0.01193684403759133,0.0,-0.0047419619570278956,-0.006087991163426031,0.0,-0.005403182928962604,0.0,0.012913240615375222,-0.0035833249449852,0.0,0.0,0.0,0.0,0.0,-0.011001991522313199,0.0,0.0,-0.24251381135507083,0.0,-0.09745102493564183,0.04573955565134945
2022-09-01,2022-12-01,1.9477215854952767,1.6461631635849905,0.8377132415564104,1.1943959618346156,2.325737523973981,2.5247861165990315,0.09093748182502222,0.2096995427256237,0.1774519966788268,99.99999999999999,1.5308370796010933,0.8731743484964206,0.5243252293784896,0.6943140875598597,1.4311211365456877,0.06580369576519166,0.0,0.0,-0.03196259828711241,0.0,0.0,0.0,0.030629533819686146,0.0,0.013042757873509156,-0.04194328087508555,0.0,0.0,0.0,0.0,0.0,-0.052634046421292345,0.0,0.0,-0.01308214944216049,-0.038344638920200076,0.0,0.0,0.0,0.0,0.020312545022779252,0.0,0.0,0.22554928728441295,0.037670921219574466
2022-12-01,2023-03-01,2.2165571229428416,0.831813709116247,0.37048968193134524,0.4622943096038057,1.4562851238586916,1.9766790121849453,1.9175143221361315,1.000276258508074,0.9976063937492361,15.081419748289585,9.999999999998842,-1.351301457870031,0.21900132650126083,0.9787239074676363,1.0622919263381547,-0.018795025812291505,0.0,0.0,-0.017588399828940948,0.0,0.0,0.0,0.0,0.0,0.0,-0.026815948235519617,0.0,0.0,0.0,-0.008255488976494755,0.0,0.0,-0.00623022772935602,0.0,-0.006418677903684974,-0.009751221211644276,0.0,0.0,0.0,0.0,-0.004683167222294837,0.0,-0.014856069999152738,-0.1938763209902617,0.07679233068773364
2023-03-01,2023-06-01,1.748596256624424,0.8705230574842737,-0.2219969811596556,0.24493690788788314,1.3392781746483173,1.5283382824125447,0.771012543048218,0.6590688069647942,0.6601496253344966,26.420584858638,-9.999999999999998,3.9168183342502143,0.30388603363632766,0.9808491998744083,0.37106408636935484,0.0,0.0058838826982461345,0.0,0.0,0.0,0.0,0.0,0.0,0.0,0.0,0.042810003965433406,0.004845548222967296,0.0,0.0,0.0,0.0,-0.07338878759780192,0.013492445063316143,0.0,0.0,0.05435063139438095,0.0,0.010573641663454262,0.018693967488851354,0.0,0.1586236697866356,0.0,0.0,0.21981500913928936,0.04375895929014636
2023-06-01,2023-09-01,1.3367178992657711,1.1154031985670887,0.4998178695452714,0.7024334069214433,2.2040501872546296,2.4886981229580387,0.04898019674534738,0.19235038046799904,0.1551106689716591,18.711874541403205,9.999999999999988,-1.910193697659236,0.30548857639374816,0.5896898983214596,1.3941275707657574,0.0898220780319136,0.013376401960484995,0.0,0.0,0.0,0.0,0.0,0.0,0.0,0.0,0.0,0.00606822393729245,0.0,0.024635655264717053,0.0,0.0,0.0,0.0,0.0,0.0,0.020149576966406797,0.012348641235731723,0.017240521423731964,0.0,0.0,0.0,-0.3859521770697433,-0.013441832472089693,-0.1889804920160056,0.1260090305388913
2023-09-01,2023-12-01,1.490287307731819,1.828399168508188,0.6188888479711885,0.9590795792457527,2.1202265039328836,2.3210741843175775,0.11431963039765866,0.19911984720553105,0.15113338517782554,20.016926427191805,-9.999999999999808,4.490817877704461,0.2768985226499491,0.36707451277636594,1.1555455462118225,0.025350461608121516,0.0,0.0,0.0,0.0,0.0,0.0,0.0,0.0,0.0,0.08170999769659748,0.010388828676271666,0.0,0.009479368843180465,0.0,0.0,0.02365841621803092,0.029426046132380965,0.0,0.0,0.10573270433667606,0.0,0.018672151374738082,0.0,0.0,0.02769902160783059,0.0,0.0,0.23205939039017454,0.10867723541236315
2023-12-01,2024-03-01,1.0099449936324945,0.2474606702017823,-0.33739612354553916,-0.1844508280976599,1.0681617041626403,1.3329881891807283,0.5813823434775909,0.4361143893979927,0.42257655183056975,27.47520185381791,9.999999999999996,-2.8779602561508826,0.31594835208652905,0.8728231949367732,0.3619763763430761,-0.01857235578192381,0.0,0.0,-0.01038494547963643,0.0,0.0,0.0,-0.008789561957551319,0.0,-0.013439480946773706,-0.003081997880676257,0.0,0.0,0.022534885096847274,0.0,0.0,0.0,0.0,0.0,0.0,0.0,0.015306289484661185,0.0,-0.007601898832594531,0.0,0.0,-0.01072083123619169,0.0,-0.16583942030119384,0.08607361169373931
2024-03-01,2024-06-01,1.1063814765646107,0.479783236212894,-0.5678579278193929,-0.23377545476950695,0.7841534836519061,0.9708122092651013,0.3926253548118678,0.5106508356414544,0.5121876072985234,15.750049313806242,-9.999999999999998,2.6209592634626904,0.2183498661902727,0.9753123729673137,-0.18685832918574619,0.011342932259111111,0.0,0.0010288374366665964,0.0,0.0,0.0,0.0,0.0,0.0,0.0,0.05228907316632474,0.0019576443657534914,0.0,0.0,0.0,0.0,0.04675183502955848,0.02131992480504216,0.0,0.0,0.07337486593983147,0.0,0.0,0.0,0.0,0.16689369527390346,0.009629691284422093,0.0,0.15003514157614342,0.1320179242618831
2024-06-01,2024-09-01,0.976749369197094,0.9340320651136658,0.3094631614518838,0.5120786988280557,1.5977660601929067,2.1201848124316136,0.0018247680681560733,0.12465455797121715,0.12177175821817332,14.651952663733638,9.999999999325677,-1.4365894983081546,0.23067292822341504,0.5436008789756892,1.2037728626723698,-0.014919602920360068,0.0,0.0,0.0,0.0,0.0,0.0,0.0,0.0,0.0,0.0,0.004420081171516099,0.011026380561625087,0.030573509169566533,0.0,0.0,0.0,0.0,0.004437357331209707,0.0,0.013126474059457454,0.03675577191248112,0.003815581474485349,0.0,0.0,0.0,-0.3189338088961339,0.0,-0.11443409132703672,0.07439154990448527
2024-09-01,2024-12-01,0.6529068849768116,1.2824825904552917,0.24042712766216834,0.5958493608801838,1.6793094745096049,1.836507588467473,0.3963655689287259,0.34923257993232754,0.3477387519771905,24.251871057834656,-9.999999978911504,3.9745252036673167,0.27070429375062505,0.14360756551825846,0.7428426084141293,0.052719609140618746,0.0,0.0,0.0,0.0,0.0,0.0,0.0,0.0,0.0,0.03865230059448366,0.0,0.0,0.0,0.0,0.0,0.01306619652790647,0.02861522065383578,0.0,0.0,0.0685107632523451,0.014389143059858753,0.016833514406468273,0.014676130073466558,0.0,0.028689471575673853,0.0,0.0,0.16944646156334553,0.09404117119315956
2024-12-01,2025-03-01,0.9365620200689762,0.1765726308184057,-0.5016810073879441,-0.2945935509742057,0.7643718393272715,1.1482917037005436,0.5775838717734552,0.46599061975214395,0.4680698758506087,57.626435675601066,9.999999999999998,-3.5004488713899016,0.3684978103031044,0.9082432902987472,0.18428372322860653,-0.011782666694181149,0.0,0.0,0.0,0.0,0.005628572017699826,0.0,0.0,0.0,-0.006525380626142703,-0.015897195363848135,0.0,0.0,0.022163562740293147,0.0,0.0,0.0,0.0,0.0,0.0,0.018430502695845567,0.026391942351003943,0.0,0.0,-0.01063748750906901,0.0,0.016274743049387676,0.0,-0.11498275748547154,0.06322507241428155
