Date,Target_date,Actual_direct,Forecast_median_direct,CRPS_direct_parametric,CRPS_direct_empirical,RMSE_direct,PIT_direct,df_skewt_direct,nc_skewt_direct,loc_skewt_direct,scale_skewt_direct,Actual_YoY,Forecast_median_YoY,q05_YoY,q16_YoY,q84_YoY,q95_YoY,BaseEffect_YoY_expost,CRPS_YoY_timesafe_parametric,CRPS_YoY_timesafe_empirical,SHAP_Shap_target_headline_3m_lag2,SHAP_Shap_headline_1m_lag2,SHAP_Shap_core_1m_lag2,SHAP_Shap_sin_cycle_1_lag2,SHAP_Shap_cos_cycle_1_lag2,SHAP_Shap_sin_cycle_2_lag2,SHAP_Shap_cos_cycle_2_lag2,SHAP_Shap_Factor_1_lag2,SHAP_Shap_Factor_2_lag2,SHAP_Shap_Factor_3_lag2,SHAP_Shap_Factor_4_lag2,SHAP_Shap_Factor_5_lag2,SHAP_Shap_target_headline_3m_lag3,SHAP_Shap_headline_1m_lag3,SHAP_Shap_core_1m_lag3,SHAP_Shap_sin_cycle_1_lag3,SHAP_Shap_cos_cycle_1_lag3,SHAP_Shap_sin_cycle_2_lag3,SHAP_Shap_cos_cycle_2_lag3,SHAP_Shap_Factor_1_lag3,SHAP_Shap_Factor_2_lag3,SHAP_Shap_Factor_3_lag3,SHAP_Shap_Factor_4_lag3,SHAP_Shap_Factor_5_lag3,SHAP_Shap_Constant
2012-09-01,2012-12-01,-1.6759017886272431,0.6111750861933053,1.3382728242653084,1.3735153153779909,5.230720631338926,0.23964296734052032,99.99999999999417,0.7774438064736405,-1.8956497418048273,3.1321515888292764,-0.4353856468247485,0.13638357188038855,-1.1716026015523424,-0.6852989758754615,0.8726013232601432,1.3698721343501385,-0.016410199667937775,0.22194399881469573,0.23111597267261372,-0.04069039698414391,-2.9257946754824977e-07,8.309714511022541e-07,-4.3260102713659785e-05,-2.3180124656108744e-05,-6.7669974086854e-06,-2.9336659033350177e-06,-8.595717657043266e-05,-1.7064312042421063e-07,9.498794011316592e-05,1.210902493699867e-05,1.6478755934874366e-05,-0.023840771552056734,9.172612866341174e-07,-2.441356765611524e-07,-8.442130258625031e-06,-1.6269551568903066e-05,-1.2794985872239342e-07,5.2838952336334175e-06,-6.149700374769058e-05,-3.1945163678027266e-06,2.6596215160665642e-05,1.9990356494154407e-06,-1.3808883497134903e-05,0.6251709374028217
2012-12-01,2013-03-01,1.0026598726764036,0.5700007015900985,0.7601611647409117,0.7733144262142206,0.18719395832508856,0.5485469464810466,99.99999999980035,-0.3822929089210213,1.8264465115359356,3.157084372688608,-0.5953826692453035,-0.7035474620168798,-1.97772232701996,-1.481545245089631,0.12296635064514798,0.6501307840303397,-0.8460476374144044,0.2828630679009542,0.283042510649622,0.005188763126260954,2.2271423760635785e-06,-1.2072450249550084e-06,-2.2610592061863893e-05,2.5501022883214877e-05,-3.5642870807200134e-05,-2.2482295608511688e-05,-0.0001015908532177195,7.740119367885686e-05,-6.650554417447215e-05,-4.98388225079722e-06,-2.0353664293718076e-07,0.011903019509150648,-2.242939892109757e-06,-8.835609525915658e-07,-2.088294196141521e-05,7.001628053869709e-06,8.84466404171231e-06,-1.191089551629599e-06,-4.076652653753234e-05,-1.182336062613398e-05,-2.0060646812027984e-05,-8.082745447534946e-07,2.377357581489796e-06,0.5846096803119778
2013-03-01,2013-06-01,0.9673552161846288,0.691751546895622,0.7406472870280303,0.7641171778128284,0.07595738252556423,0.5335547882527532,99.99999999999999,-8.489591575025795,23.436404496728468,2.67028630251103,-0.1279526276012355,-0.1968535449234872,-1.5725092825909879,-1.0021246151057444,0.5622590719166943,1.0098504862726831,-0.3697914316473927,0.34844260835010715,0.350003862487076,-0.010403067690499696,-1.0228239466938858e-05,4.131886760010664e-06,5.007640403916689e-06,5.2754278208498594e-05,-3.681552741668289e-05,2.1136790868109953e-05,4.0912342143776714e-05,4.1926941477150965e-05,-5.484532559308841e-05,-2.548669494038684e-05,-1.5136558101520489e-05,-0.02407407355459989,7.338429530332048e-07,1.8350090403128747e-06,1.904473176069672e-05,8.543135416918496e-06,-2.738385204192366e-06,1.8773534508951973e-06,-4.381473624109392e-05,-3.354203880199132e-05,-2.888979896921362e-05,-6.380444300980936e-06,-5.368730440558612e-06,0.5362273775004341
2013-06-01,2013-09-01,-0.5156316360427127,0.47031403233260793,0.8471663265973166,0.8459273136736105,0.9720888609880577,0.3696260741946112,57.31266662916431,1.982248286095586,-5.4451281721094364,2.982652541750046,-0.0553795839522308,0.1911068331415993,-1.0339435202131575,-0.5312732992728646,0.9664868827946408,1.5071016975388036,0.07352832505844731,0.17967471779296584,0.18206629725662488,0.020838472916642644,-6.896074752378901e-06,2.063009975252365e-06,-3.0234802719844705e-05,-2.9780360903945885e-05,2.060407835483876e-05,-9.908053785733223e-06,-0.00013050143682839815,-0.00012924875458814812,-8.621150822318873e-06,-3.6047242219185505e-06,9.876062413294791e-06,0.01628200531780577,-2.611515062045332e-06,-2.3368125871195898e-07,1.079633686515244e-06,-1.9406786075879638e-05,-9.71228224478043e-06,8.606619743316518e-06,-2.5180994876464285e-05,-5.759133752859404e-06,7.263152268370884e-05,1.6860776608774824e-06,-5.511717916208576e-07,0.5409804832361684
2013-09-01,2013-12-01,-1.1860208515447113,0.5931900881100111,1.1071795097518586,1.115200136179156,3.1655915677870405,0.28478569666945386,99.99999999999999,-3.9085026574280897,12.102698777974439,2.9419783751409105,0.0670906503184021,0.5118933852320826,-0.7895181105423368,-0.26785850907893877,1.2268345839387085,1.772123920863535,0.3635958632045799,0.20232735959840767,0.20592731127989183,-0.01888808836375142,-4.119818561963068e-06,-4.196775871085121e-06,-1.0828711972405833e-05,4.1632803769109264e-05,1.577470637187426e-05,9.670647419049127e-07,0.00010690881792219609,8.315281943329514e-05,-3.103596698990425e-05,-1.0525551162392336e-05,-1.6248894632136856e-06,-0.004940953644804525,-4.969644481742674e-07,-2.4192610669390193e-06,2.0358971916963994e-05,-1.414398772584124e-05,2.1323220569578984e-06,-2.5026162363982173e-06,7.334444425119341e-06,7.701012728357564e-06,1.2091236281226172e-05,-1.0748429663907489e-06,-7.507040289841142e-06,0.5523945660573867
2013-12-01,2014-03-01,0.7453886205475158,0.31097318820339526,0.709374105823016,0.7244308509653125,0.18871676785872912,0.5425132019399411,80.97403543489922,-1.051044839650593,3.5398374831143204,2.951131707101161,0.0027728372861801,-0.10583102079984996,-1.3126240627502388,-0.7935543946663833,0.6549061332725145,1.1816876195818047,-0.18357431785069878,0.1845336875387547,0.18261389854754567,0.01183521846939575,2.174490880692783e-06,3.629129766683267e-07,5.365661301202055e-05,-1.0797432180854724e-05,-2.3772784367011614e-05,-2.1322157491852062e-05,-5.315693223423256e-05,-2.6464524128375273e-05,3.781395342260474e-05,3.3924056907452687e-06,-2.1938008443811906e-05,0.005004420844180008,2.4377216032302753e-06,-7.356756401189787e-06,-8.292160679235611e-06,-1.0642921456239904e-05,6.270405293418684e-06,-3.5977303757594917e-06,-2.1892731899501173e-05,5.972252816053909e-05,-2.405526710178771e-05,-3.549293750027986e-06,-8.207291963373314e-08,0.5211805432667583
2014-03-01,2014-06-01,1.1545891680473377,0.5837975573513183,0.7659060221931582,0.7685163689988305,0.3258030628409561,0.5816273006610264,47.60240737887231,-1.0631748037269821,3.746655078315606,3.011087676605837,0.0495813252518573,-0.09311657742214745,-1.4029133514997967,-0.8576945653940488,0.6276025911693894,1.114480830643324,-0.23906596675997704,0.3685736235167295,0.36931167605901444,-0.02464730270105437,-3.067055962254005e-08,3.5612476738090727e-06,6.028170507615589e-05,1.9481757691165373e-05,-3.965307234328804e-06,8.822047094958006e-06,-0.00015749332469848894,0.00013091800326644866,-8.427369527872158e-06,1.6592431466936848e-06,7.428821549312524e-06,-0.016206838063180195,2.1346459461116714e-06,-8.097174532872807e-07,-5.027861556801787e-06,-7.615370908541363e-06,1.6900639987651173e-05,-2.0545997484459744e-06,1.259335444470093e-05,-5.8972004776406386e-05,-1.3213377550468603e-05,3.6117714675539183e-06,1.6939702898786553e-06,0.4822441548170134
2014-06-01,2014-09-01,-1.064681367721576,0.6587695424027906,1.1015465070465582,1.123811471116886,2.970283039608508,0.2899868285622598,99.99999999996129,1.310478107024847,-3.415238303953056,3.1003586678524595,-0.0876811076678585,0.34318161986323314,-0.9441289811588867,-0.457109915414648,1.1286546284204195,1.6078159203815359,0.1784892342625355,0.20536141631394955,0.2073763442583807,0.04203872994863446,1.929119102754899e-06,3.5021886448115935e-06,9.444556982800239e-05,1.0860904216293226e-05,-2.3853367217471868e-05,-2.6799822026321922e-05,-5.290767231260159e-06,-0.00011325190808668478,4.932596856395071e-07,1.8279428611638452e-06,-1.072835479703293e-05,0.01882753069138059,-2.9545365400836367e-06,-1.8552785574695373e-05,-1.9822487237749886e-06,-1.0271927514013367e-05,-3.041223691582736e-05,-6.7125944221606425e-06,-1.5515602916066878e-05,2.1081658813208933e-05,-3.0239534074615363e-05,1.81764467015255e-06,2.18158168553441e-06,0.49406234125104215
2014-09-01,2014-12-01,-2.1510413154555152,0.31171697121827724,1.4704700581998948,1.4771806521763549,6.065178378580433,0.20522155966297445,99.99999999999734,-0.3551671483817658,1.3830223892389943,2.9845662646565616,-0.3289362236455595,0.28675334802288854,-0.9306492979250536,-0.4583688951081832,1.0289973485573325,1.5414373134752861,0.2088241052183193,0.30812891409642473,0.3101415670573528,-0.029292875458166688,-6.085179319159833e-06,4.560372381999809e-06,2.7691324826808466e-05,1.6531133986363686e-05,7.196201813549989e-06,1.5837413826416762e-05,-1.5682442004046136e-05,-2.2858332672820522e-05,1.4949203847593045e-05,-1.0673110477334393e-05,-5.533339426157776e-06,-0.005586422498649554,3.596472453744551e-08,-6.387446865989222e-08,-2.1470564885447232e-05,1.0404940388729326e-05,1.8030677759224973e-06,3.558726568337823e-06,-6.1217629580970506e-06,6.339021656485722e-05,1.5577989701580625e-05,4.794445377145914e-06,6.427462012024394e-06,0.5005907482792634
2014-12-01,2015-03-01,-1.4527353949258526,0.47127295744687075,1.2017832655608274,1.192537349570257,3.7018081400000016,0.26006019967251603,99.99999999990243,-1.9015131865119514,6.2464642106592,3.0056827061736437,-0.8784672275139016,-0.39746513942072076,-1.6747488849756083,-1.1160647141960518,0.35546252120430644,0.8673671711171771,-0.5152833787824385,0.6581700613156668,0.6623737457638805,0.006056318956660342,-1.7527184428200396e-06,5.494232163403421e-08,1.4856357479446352e-05,2.5223993509741306e-05,4.945259414602881e-06,9.64056673858632e-06,-2.125490277493333e-05,7.22350231912026e-05,-0.000132290370932721,4.800343133173515e-06,6.350182925643305e-06,0.003881659539453523,-4.0626574178707305e-06,7.108932119381388e-07,2.0499642409717932e-05,-3.6297281414254693e-07,-3.8836491091262e-06,3.093458766162247e-06,1.7998025186289292e-05,-4.408436230150465e-05,-1.3917326740011709e-05,-3.7262526255529546e-07,-7.058049578425643e-07,0.4686589174628134
2015-03-01,2015-06-01,0.4976034012297958,0.45130100162618786,0.7213603148871345,0.7198946295409889,0.002143912209052192,0.517912227961232,99.99999999999999,-0.29011272128902466,1.250196172140354,3.061742735289578,-1.042713669218287,-1.054289269119189,-2.398685696766311,-1.8403548430067564,-0.3341097074906985,0.16985483160977677,-1.167114519525736,0.18521080351935057,0.18363811129329383,-0.07951478108990356,1.6150045588361086e-06,8.767433826614692e-06,9.168925910812258e-06,1.1483550307891042e-06,2.3601117759198656e-05,2.0555689308881993e-05,-2.394869800612665e-05,3.057212987049957e-05,9.696649887010551e-05,2.2382301628097126e-06,-1.4031918833762775e-06,-0.03616539331509915,2.4629151173459616e-08,-4.25989604737046e-06,8.47790947999712e-06,-6.244278021544645e-07,-1.675504029987313e-05,1.0106739497123262e-05,3.852440803157001e-06,-2.3917154824207013e-06,2.2261791085619133e-05,-1.208517300306463e-06,2.8174676663897846e-06,0.41871470806343525
2015-06-01,2015-09-01,-2.710354368949197,0.4568347183056455,1.9356721309526526,1.9498486671332231,10.031086714426163,0.14715205059294673,21.230951804345693,-0.5294979953223137,2.0423565726417836,2.9173017990787558,-1.4541319195251925,-0.6623346477114815,-1.9273519000054458,-1.3803907622108895,0.1121080394844328,0.5892341489047339,-0.776543327287893,0.29933904229404357,0.29851791824126905,0.02426363677231433,4.604778417053357e-06,7.186909253506001e-06,-3.37050514978946e-05,-1.974391511042009e-05,2.1611354418409636e-05,-3.584056020513326e-06,4.0171011865081893e-05,-1.4119583407036e-05,8.101148025963104e-07,-5.428913908764689e-06,-6.780795451075847e-06,-0.004147300690642419,-1.2035443375129058e-05,-5.957265413995964e-07,-4.9924078125896855e-06,6.124014593458572e-06,-7.663091544389876e-06,8.128125283733617e-06,-2.4910123749961664e-05,-1.3521636371044854e-05,1.7432481492876205e-05,4.053444587876669e-07,4.234671046431776e-08,0.3633197425714221
2015-09-01,2015-12-01,-1.6024726857608584,0.32851852232377476,1.1578159873922798,1.1689444174625003,3.7287270457001513,0.25345626057051496,28.18191091487257,0.761460301846698,-1.8812335643711007,2.826571643305015,-1.316989762101528,-0.8342419600803698,-2.0281437928421364,-1.5605903460393558,-0.12483459049845207,0.3447923305686408,-0.9163715906613135,0.3212591139952659,0.3240572758937652,-0.0497046799944303,-2.5307109139395844e-05,-8.800112941732979e-07,-1.3975764948723531e-05,3.60511265243042e-05,-1.948924630082291e-06,3.3125242193093806e-05,-6.715364113478369e-05,5.8942578287223614e-05,-5.2302823820450566e-05,-1.3585801800979912e-06,2.512097513540904e-07,-0.011871221967895557,-1.7415784405637486e-06,-1.6282412178307772e-06,1.5752887231773646e-05,8.780626504139187e-06,6.042720414874263e-07,2.217199378890974e-06,6.331910018151602e-06,-2.125623582820336e-05,-2.6060788163614812e-05,3.230818363670732e-06,-2.1001069679424559e-07,0.36918775049516594
2015-12-01,2016-03-01,0.3572872619265865,0.15770883279817366,0.6916357328484537,0.705884127750491,0.0398315493733649,0.5256315254483289,99.99999999999999,1.9003292539067456,-5.3551318772872465,2.899422506459318,-0.8644840978884183,-0.9143787051705214,-2.1105035696443077,-1.6272440246814035,-0.17800067512512638,0.34064045594837916,-0.9538059133700649,0.2727575359527128,0.2766045866462724,0.0008585307994230949,-4.392032634616543e-06,4.168979620136329e-06,0.00029393982595920804,-0.00018988146463358566,-3.403150274795087e-05,-8.001910593832798e-05,-0.00023595516824022187,7.709211003521033e-05,-1.864149465144195e-05,1.7189833833767977e-05,-3.9751007035087166e-05,9.168486086345117e-05,-2.2359194392380293e-05,-2.092477199835337e-05,5.751364198582162e-05,7.409566158161087e-06,-3.0136518445794756e-05,6.101923114621294e-06,-0.00012348931157790455,7.169308253489434e-05,2.8579113852133073e-05,7.288289095433035e-07,-6.2960382206506734e-06,0.3299336951968323
2016-03-01,2016-06-01,2.45646196530096,0.276489761298084,1.3053559140354611,1.3153602676217997,4.752278810225158,0.7764716101310445,46.81373953314351,1.0712081035299736,-2.7661394787541966,2.8150473807500167,-0.3747694568706272,-0.9197625078713463,-2.070207641163532,-1.618098589249202,-0.20786683192916555,0.30368204853481184,-0.9888849481958673,0.6677729835032448,0.6760381322482247,-0.004438735045595338,1.7357687562417906e-05,-1.1392059043605189e-06,8.232875290410382e-05,9.885136363112137e-05,0.00013661331331113645,9.74750094826883e-05,-0.0004448677291029101,-0.00010492920064436944,-0.0002857670924853495,-1.4487370074056954e-05,-1.0442816435112666e-05,-0.003073322522373623,5.713764272256857e-06,7.706184780052767e-06,-8.029535968110833e-05,2.8852165437898238e-05,6.546206162762819e-06,-1.3159689816542972e-05,-0.00015517235558026358,8.045384511817725e-05,-7.444779415008743e-05,9.08286511047086e-06,-1.926521260215699e-06,0.2943463042220384
2016-06-01,2016-09-01,-1.9380357611535004,0.34668944976581373,1.3391293586455006,1.35457164312167,5.219969289410304,0.2173074383886191,99.99999999999999,-1.1937070076487255,3.715182600743417,2.8441553641185586,-0.181689804921703,0.3894914978081255,-0.820042925963327,-0.35136250900563176,1.0975791163923205,1.5601003366838362,0.30281913536667204,0.2101780174537373,0.21431974968984832,0.006598600620779712,-1.8043903331207772e-05,-6.0058864589414914e-05,-0.0001143935075854748,0.00020325068280528078,-1.0570249441066539e-05,-0.00012981019387941787,-0.0002578321061186531,-0.00044038940146787534,-0.00013040900493695284,-3.600218637510407e-06,-1.6268250401427526e-05,0.003307126658671285,7.549433319599964e-07,-2.156954825687749e-05,-3.890185958660472e-05,6.781508928432886e-05,-3.7957845291049425e-05,7.145138624865946e-06,-4.68237166136373e-05,-0.0002095651949163762,-1.9072727218205518e-05,-1.1745498839267675e-05,1.3810901387084455e-05,0.2989249206419933
2016-09-01,2016-12-01,-0.9027447866095883,0.16059386212408344,0.8693376487766632,0.8449366847271647,1.1306890818907511,0.33364072855615173,99.9999999945937,3.5088311958062666,-9.360043935104986,2.74882578033816,-0.0067578301338855,0.25907683204953247,-0.8668741307641856,-0.37771855690068645,1.0360209491918297,1.5342589063335317,0.21892836651851155,0.2313718420608019,0.22556321640776852,-0.0032302784072197927,-2.3236757984968942e-05,-9.85373598637171e-07,-7.921682539881403e-05,-0.00022827287618406352,7.074627930974427e-05,0.00010148090999688024,-0.0007016566848203611,-0.00036902376685573647,1.1613510316237307e-05,-2.1781328036982096e-05,-3.382043130902474e-06,-0.0006045762000229151,3.475946736001621e-05,2.1477596702018315e-06,-7.041749688943132e-05,5.8550951324539144e-05,3.558911816578316e-05,-2.426218560363939e-05,-3.886836694131172e-05,5.7762430929227964e-05,6.519418393521924e-05,3.073629206461395e-06,-3.7709830177364033e-06,0.3250314527317524
2016-12-01,2017-03-01,2.649242671295582,0.28642037316015073,1.3715547715385237,1.3763552704896758,5.5829292125659995,0.7800370785393791,99.99999999999999,2.361413221501279,-6.538745205506119,2.9069653416107557,0.5662310222083633,-0.02447455232549449,-1.2241512603354714,-0.7487838339759024,0.7279682620381178,1.215640720668111,-0.09607964561553217,0.2204671490728077,0.22674808467579716,-0.000576823897100073,2.8048259653193847e-06,2.4665251273689042e-06,0.00036090987116742105,-0.00020255403874394016,-0.00011060156025356406,-0.000125784044000582,-0.0004496385648475951,-0.000414759456825341,-0.0003012782043053174,7.081427938140326e-05,-9.96867616783434e-07,4.6121315265676434e-05,-4.371624944323422e-06,1.5263149141402407e-05,2.3776961781295126e-05,-0.00010705408242909687,-1.0650123135894784e-05,5.0453651458987935e-06,-5.443404294300781e-05,-0.00011007979712455424,7.542481796372673e-05,1.1391083943131553e-05,-8.987032595627507e-06,0.3010171194686186
2017-03-01,2017-06-01,0.9795640593527112,0.2111910846460171,0.7422531600633115,0.7679661094832264,0.5903970282596139,0.6063810596338846,99.99999999999999,1.241756726138216,-3.2726765319093896,2.8030565324943604,0.197006545721301,0.00491330204462756,-1.148102290317044,-0.7043316610149762,0.7292722251542293,1.1627804407461348,-0.047884469116876716,0.5578304893654865,0.558428681246812,0.0027858772825267593,8.63676137675345e-05,2.327173370603184e-05,-1.069507884869971e-05,5.3246546864085494e-05,-1.358759220597373e-05,0.00011221163424903888,-0.00039609490473823024,-0.000514520967006186,-8.817731165433265e-05,-9.953575069318816e-06,-2.3094438057999915e-05,-0.0009856423766344755,-8.898734059353596e-07,-2.386262291835113e-07,7.995775956992363e-05,1.3910506748679638e-05,4.754803145821803e-05,-1.3362454985758338e-05,-4.4194896335623587e-05,-3.722900901672659e-05,-4.8229687569099775e-05,8.102565974375384e-06,4.133676703979322e-06,0.27731012114778425
2017-06-01,2017-09-01,-0.1263638609870554,0.27561679999246347,0.7004068918326344,0.7013505333477213,0.16158845180153092,0.4378419606163121,90.30466738670414,0.732842538007004,-1.7783898325068732,2.858898874095439,0.6499245207629123,0.7504196860077921,-0.4318461813026503,0.043124480988561795,1.4770519539700389,1.940261734472621,0.6815154860096762,0.17069960990394256,0.17140184065310712,0.0047949580753933125,-0.00011630236030151967,-3.538461363208214e-05,-0.00013805467200582482,0.00013622957068092488,-0.00019265944973713883,-6.113169866247433e-05,-0.00030230596029646095,0.0008138948563883994,-0.00018115028477807925,2.4598873351423723e-05,1.1005851380728252e-05,0.0035439020484695385,-4.4507271530844186e-07,1.0414482765677575e-05,-1.2138755828134614e-05,8.848106894033621e-05,-0.00010661465714656559,-9.966863885182059e-06,-6.051626306719248e-05,-8.032023762096127e-05,1.0557988894014485e-05,5.8994558183628745e-06,8.702579474146214e-07,0.31611355091844506
2017-09-01,2017-12-01,-0.1616119614833877,0.27552624877513,0.7336207761865212,0.7378188044255766,0.19108981486802,0.4336960732279038,99.99999999990233,0.8323929594476657,-2.1480899805590328,2.9786642002341495,0.8352077270444624,0.9444922796090919,-0.3021075797551793,0.23646332754025184,1.7467922362052377,2.1892930192671147,0.8756107174153094,0.1881520721970253,0.19389610751805453,-0.002631450898595071,-2.7331740000472747e-05,-2.4440785431619317e-05,6.29152992839904e-05,-0.0002154944033303961,8.998693240889093e-05,0.00015828607513684883,-0.00031330998207492155,-0.000507306524402792,-0.00023201407335809865,-1.004879312118046e-05,-2.220516967532403e-06,-0.0011023543682465555,4.045158294802645e-06,2.5194248607007657e-05,-4.8422277556487835e-05,-2.3340450909516892e-05,8.672668614540996e-05,1.935058719387245e-05,-1.890176097179987e-05,9.619215589419124e-05,-1.9925397272316958e-05,-1.3561911634775706e-06,3.4036549447423064e-06,0.3209913605346852
2017-12-01,2018-03-01,2.477398143619069,0.3001406647866883,1.2910836837893758,1.3125633468310742,4.740450129131536,0.7757922584660408,99.99999999999997,-1.3961732905769277,4.289124732819832,2.8355260759803462,0.7922465951253344,0.24793222541723905,-0.9561646490236005,-0.44759179280263756,0.9914099961089934,1.4020943936787167,0.17289705922056697,0.27147840915052246,0.2781258686013214,0.0017123454644396982,-4.590827567157346e-06,-6.067037282201436e-07,-7.084863237357887e-05,-0.00020239444077564187,-6.418257086537388e-05,-0.00012215810509668047,-0.00022779627794703268,-0.0003839034925363317,-0.0001626272771261908,5.7233549967390536e-05,1.8981157866257462e-06,0.0012939596135143098,-1.1557151290130292e-05,-2.476632934317239e-05,-8.263949635945606e-06,6.698097312757082e-05,-1.3460741728554206e-05,-4.835953831332411e-06,-8.963925778475601e-05,0.00011425503574566886,0.00011911979520848463,-9.358408754710007e-06,-3.5027055958152675e-07,0.3206274335294058
2018-03-01,2018-06-01,2.370847191536285,0.39601142606599316,1.1444147942986351,1.1618883641002276,3.899976300580633,0.749626291170424,99.99999999999999,-1.967250832580958,5.964085825523677,2.7760604240576936,1.1400673781712278,0.6463584368036548,-0.5025923939183704,-0.030506265508419367,1.379204078853569,1.7829831578566822,0.5473555802871566,0.8520032250555418,0.8584198074307666,0.0015103388260878697,-1.80284096049467e-07,5.571438373345889e-06,0.00011373244863197062,0.00012096102071386386,-9.554510701687462e-05,9.672965481390445e-05,-0.00039178482262488943,-0.00011006189044515265,-9.130849184913717e-05,-2.5262243303213364e-06,-1.192095794247071e-05,-0.0009770244955938968,2.168511982980117e-06,3.610819616296071e-06,2.7224407367305997e-05,4.2480721533241364e-05,3.5209693123673834e-05,-7.979083356991083e-06,-9.268183568567508e-05,-8.527381591012514e-05,-6.535764376372221e-05,-4.878214673900032e-06,2.020085343047031e-05,0.30331637056916666
2018-06-01,2018-09-01,-0.748192918317514,0.24206171667959156,0.8087968736738742,0.8056499263891387,0.9806042421332507,0.3531238157816389,87.197403060131,-0.4824767289954581,1.6462836763731743,2.7757195057912654,0.9846101138386132,1.2321737725878896,0.03964525306068265,0.5774854808039684,1.9555036638866388,2.3844113630845802,1.1716583434179917,0.1715148673727173,0.1750066999186513,0.0074163479463994295,-7.590371900587832e-05,-7.85673397246273e-05,-0.00027549412747520627,0.0001840431638856068,-0.0001176230548960184,-0.00018183259135336416,-0.000154618114671911,6.74205313459358e-05,8.021286782049064e-05,1.6873628378122295e-05,-5.7185985389367585e-05,0.00408892071235537,-5.4665092071959375e-06,1.2394846083789803e-05,-5.904037739920549e-05,4.400655088839087e-05,-4.4447694261519716e-05,-8.530277456525411e-06,-3.252879940992677e-05,-0.00015063830094256173,-2.488453812282572e-05,-3.915470938776005e-07,-2.5330037178648316e-07,0.3390913331721742
2018-09-01,2018-12-01,-1.3436083445384384,0.4897111236772771,1.1078936196133673,1.1361789117819423,3.3610602725387535,0.25411837934992465,99.99999999999999,-0.23732610608174773,1.130167114742669,2.7409968479381868,0.6891110180748505,1.1474408851287794,-0.007271325846420399,0.44358751040723704,1.8204261016707606,2.2734408855703823,1.0250131042094601,0.25657355063634285,0.2626804102256704,-0.0019125503301911837,1.6834627071937997e-05,-6.199774326976477e-06,-0.00010080103554549473,-0.0001970691453865293,5.794743317072354e-05,0.00012554259797911314,-5.1620625991924465e-05,-0.0002659946834441272,-0.0001942668505455579,3.2769409015475767e-06,-6.564206210350355e-07,0.0006224761098640794,3.0016282185867177e-05,1.967906710084663e-05,-3.160135958030009e-05,-5.130284627916656e-05,7.312228230550835e-05,-2.1663289159472834e-05,-6.624082373441834e-05,1.5875554495381763e-05,9.286343611113608e-05,-2.7789671699163465e-05,-1.8897203470195932e-06,0.37456818220625343
2018-12-01,2019-03-01,2.6266663227207943,0.4055002277667315,1.373074609610343,1.3806822528123555,4.93357882137348,0.7998218443937273,20.59291149812736,-0.5991514425305634,1.966125511052404,2.691678878711416,0.7264280628502817,0.17113653911176602,-1.0360656735913794,-0.5707888158080145,0.824913210369029,1.2834311716830487,0.06976148217008316,0.16364881043041174,0.1630384887011391,-0.00017035324108193693,5.032785557793398e-06,-3.458438701356075e-06,0.0002524868327435454,-0.00019249412115159305,-5.206282149884966e-05,-0.000170779090097658,-0.00011072542176759482,7.152979108460123e-06,0.00012923433769894142,1.682985499444069e-05,-7.9251844284933e-05,0.0009503229475147967,-9.401558755869805e-06,-1.5598012793994924e-05,3.1663232816498303e-06,-3.738869538078787e-05,-5.843792690601492e-05,2.1366242772428044e-05,1.2510051084601303e-05,-0.00010004501109730002,-0.00011335341276412926,2.8723805913896022e-05,-9.493418691221733e-06,0.35629741269327897
2019-03-01,2019-06-01,1.8589498705711804,0.13520474746542732,1.0351487774828945,1.0612765524072398,2.9712972494308683,0.7183549239055126,99.99999999999999,0.6829338442357998,-1.7258414605996923,2.8307623927421406,0.5984537326090056,0.16751745183256728,-0.9817734573063113,-0.518418644976621,0.9198006360379802,1.3682347458332782,0.13371626496621047,0.9441336031859673,0.9523887538723571,-0.0001355806958043122,-2.5825573234715927e-06,-5.992584489310975e-07,2.638584595771378e-05,5.901407620399271e-05,7.430949392320611e-06,2.2189202391253022e-05,-7.226993553761552e-07,1.1614745771342958e-05,-1.3379299380883941e-05,1.4802513332997491e-05,-1.9314870844018847e-05,-0.000365289345591389,9.80527482807855e-07,1.4485963765162047e-06,2.3971447593916383e-05,5.444155849632948e-06,5.679363034759817e-06,-5.156727976474614e-07,-3.632333081807568e-08,2.5008182409540155e-05,-4.726208785732967e-06,-5.592892683078808e-06,-2.75395595645349e-06,0.33091510810735825
2019-06-01,2019-09-01,-2.5491941213637404,0.607822911782417,1.8990977804405573,1.922075670433,9.966756547574967,0.1284731443450755,35.047034604312714,0.018407566819136623,0.48142323716476526,2.673582607898978,0.148203431847449,0.9374576901339884,-0.19509242240837665,0.24545405317979982,1.5823669114699457,2.0429599882097134,0.7855019621883841,0.2959611026886027,0.30046973871614013,0.0008918796674895945,7.251801457698882e-06,5.611722796355148e-06,5.009613365133504e-06,1.3919986696370152e-05,-2.4605144870298404e-05,-1.2631696609566807e-05,-5.7232236031417525e-05,3.0720704033446387e-05,-5.779166106118232e-05,2.1552059980167134e-05,-7.461300444206925e-06,0.0006526656903193276,-8.070970834154469e-07,-9.481280894880441e-06,-6.366295246856236e-06,1.6716497025482532e-05,5.04146003306948e-06,2.1108354359314106e-06,-9.347603049212945e-06,1.974712503481432e-05,3.358390473079586e-05,1.5496978387380657e-06,1.7797540976518937e-07,0.3693152931622164
2019-09-01,2019-12-01,-1.3138421111992926,0.5149736848053938,1.1174635588343145,1.128885585242485,3.344567215716255,0.2518314788179975,52.63458128920319,-0.18019444302806326,1.0204191052422078,2.729178433850881,0.1556449901822354,0.6128489391834071,-0.5076452333160514,-0.07253115744504128,1.3078891396193877,1.7747806814939373,0.4841055179820586,0.3452023829044732,0.3470501194995455,-0.0004763180411921113,-9.142149722628208e-06,1.523855373858488e-06,-5.49599482857622e-06,-3.340483495737367e-05,-1.2818767096697108e-05,3.033207105263262e-06,-3.7429964168835344e-05,-7.803599365616022e-05,-0.00011711950377156998,1.7483128593261295e-05,1.5785188571299828e-07,-8.707525344930396e-05,3.675611369122425e-07,-1.1064610920226228e-06,5.784658189383766e-06,-2.181297692171151e-06,-2.4904447635715873e-06,-1.2027508862375778e-06,-6.610996860543889e-06,-4.079325176519208e-05,7.308837848970382e-06,4.759014323448899e-06,-1.724375466896501e-06,0.38722779414630887
2019-12-01,2020-03-01,-0.0618969635020505,0.35164879154535333,0.6532605147772311,0.650318885672702,0.17102009151772732,0.4425169000101847,14.163086217895017,0.2795450793890485,-0.4204054949207825,2.6109837787918724,-0.5164958313734758,-0.4131093926116248,-1.5599571036820834,-1.0960646605526263,0.26555873466617,0.7226345764598334,-0.5010215904979631,0.1814978886506449,0.18242618743505828,-0.00043237973521914586,3.4280177740172005e-07,1.2788727495845844e-07,-3.65950733778736e-05,-6.198934279593242e-06,-2.1270563281721232e-05,4.2412805599222756e-06,-2.3317042502599476e-05,-6.931175141961357e-05,-5.902010864983421e-05,7.118442733701507e-07,-1.877024793121415e-05,-0.00019571964791300272,-5.891392790517346e-06,1.1585222578589288e-05,7.115055942029014e-06,2.7031159139057955e-05,2.038156279202267e-06,7.45296357774211e-07,3.0740406017282484e-06,-1.4197976608834705e-05,-2.6786012724535337e-05,-6.258461676450385e-06,-7.58888724360932e-07,0.3566727671914003
2020-03-01,2020-06-01,-1.2069191362176213,0.3131557279462124,0.9617352362317653,0.9829641608361617,2.310627592662697,0.29527032457566926,99.99999999999999,0.3729277711133046,-0.7492154288520991,2.7643258585896633,-1.2829630830706762,-0.9029443670297177,-2.051237661034345,-1.6252150992960988,-0.20597671242470172,0.23078329722659302,-0.9812332990162709,0.17927374009334976,0.18257555851426474,-5.253976869431215e-05,3.71207059652538e-06,-7.147647577811027e-07,1.1728495069405625e-05,2.9462441661874405e-06,1.2863113780113907e-05,2.9859431809946405e-05,-2.7677811492606232e-05,9.400407856031998e-07,3.2580131297467413e-06,4.992529327059602e-06,-2.6978252688380883e-06,-0.00013833848131066442,-4.0850303842165035e-07,-9.877245221227542e-07,-2.5133385220507102e-05,1.3579090410902907e-05,8.406322178746693e-06,3.3432163907807314e-06,3.3690443642970657e-06,-7.697315123582899e-07,-1.3786830489631571e-05,1.4704718411635845e-05,3.9408890980138435e-07,0.31956028186404756
2020-06-01,2020-09-01,-0.6297416761359642,0.29508078429543394,0.7504590342671892,0.774232963840932,0.855296583318385,0.3631105263288509,99.99999999999999,-1.286976614162442,3.703689814160656,2.6365419515300728,-0.8030999717637322,-0.5718943566558826,-1.6471048273167286,-1.2465449413703262,0.0860121210983792,0.5078402447278483,-0.6456645527297411,0.17268283976108076,0.17781700864391958,-0.00010936390609155323,-5.3656682732622775e-06,-3.785366284953796e-06,-7.326375477216527e-05,5.2771581427723825e-05,3.864206053890897e-05,-1.8586002210010225e-05,-1.3141611208352966e-05,-7.334440004276941e-06,-9.686411735363714e-05,-1.860113140887815e-06,-1.290792747995669e-05,-4.48353912405335e-05,2.3936209996330693e-06,6.960057461605607e-06,-5.336362710734669e-06,1.8897311313955574e-05,-1.7853205804600646e-05,1.6515911891845432e-06,1.0982657687778016e-08,-1.0862009895736571e-05,-2.6258478859424625e-05,-2.751345782670803e-06,5.800395667048399e-08,0.30955665420555817
2020-09-01,2020-12-01,-1.3700510191686277,0.34163650549766167,1.0143299910665897,1.0318118961539782,2.9298741820982093,0.2694186513087275,44.95655476619104,1.3897845031102818,-3.4144955850863465,2.6295827217090926,-0.8171521987560659,-0.38923031758949356,-1.489020305983112,-1.0689784800069264,0.2735399969480852,0.7534515446202972,-0.474639443963909,0.25303170652241036,0.2573852216208314,-3.3539726080223376e-05,2.1794296993197505e-07,1.5040648523653576e-06,4.075914278869945e-05,3.859041703374227e-05,2.1973598953780773e-05,-3.353502833634479e-06,-7.840343117346518e-05,-1.53222684374082e-05,-2.8120052118463288e-05,2.652437509696471e-05,2.0116006556852165e-06,-4.776284613211073e-05,9.895917905649158e-07,-6.044508971440576e-06,3.1560835978021735e-06,8.72796463264805e-06,1.4281154598031274e-05,2.271928456086628e-06,-1.6842979412346163e-05,5.952412152017278e-07,-0.00010341843255022371,7.804726006628454e-07,2.8845223751459235e-07,0.30019617386888736
2020-12-01,2021-03-01,2.2246024460283564,0.3226183009616387,1.1569888595273476,1.1641503022869488,3.6175436880851737,0.758864533519531,99.99999999999999,-0.218371548648717,0.9007797998789755,2.7244178803831174,-0.2455273463734641,-0.7210233826401435,-1.8392432879615563,-1.4474585823715538,-0.02564620029177046,0.38439726544570385,-0.8016779578805533,0.16997441853518874,0.17274299834953696,-0.0001982035451879924,-2.7225541223762705e-06,4.20817565141405e-07,7.795844416778071e-05,-3.098260273415319e-05,1.6308913587472062e-05,-1.924213798485818e-06,-1.1664784917277681e-05,-4.601972206599483e-06,-0.00014783790488620904,-6.880889614799628e-06,1.7752305780563988e-06,2.9955854109974567e-06,-3.988122038048429e-06,1.7740703233959008e-06,8.383059578294659e-06,1.783165792550593e-05,-2.0879513033943813e-05,-4.124477831357198e-06,-0.00010713945202017944,2.287260168985883e-06,2.640227838183185e-05,-7.821301519425944e-05,1.6531866142614747e-06,0.27995659260719336
2021-03-01,2021-06-01,2.185793453337226,0.2515904971194186,1.168290074109296,1.1766075438051993,3.7411410758417043,0.7711007448494528,70.48729524438916,-0.22156181900151903,0.8165438633331884,2.615629692410198,0.6026508010152476,0.11910006196079578,-0.9680453639942559,-0.5659851475958046,0.7537598893099908,1.213013265300824,0.05620243768094113,0.6559708558518603,0.6632872686693411,0.00012802227556243318,-8.684848274657472e-06,1.381888869252477e-06,1.2017551869734761e-05,2.3827247668298082e-05,2.5057764438456303e-05,1.4501880329519668e-05,-0.0005432974960808355,-0.00021151515675408786,-0.0001509910502329716,8.121669388468055e-07,-3.033989824928966e-05,-0.00011890982864554348,9.542264309806545e-08,4.5269485655729394e-07,3.155695732202159e-05,4.442865407649435e-06,2.2505913555985675e-06,6.113819874914062e-06,-3.861634859773226e-05,2.473395271281332e-05,-3.0227382341054254e-06,3.3608295362725554e-06,-1.1921642980858653e-05,0.26239343725002773
2021-06-01,2021-09-01,0.7114717776239843,0.30206145876232227,0.6546817525154912,0.6580380999568624,0.16761680919040775,0.56270121182192,99.99999999999993,3.245298707328046,-8.194682570739763,2.6069346763622248,0.9379541644552348,0.8356015847398193,-0.2283091364767685,0.16847696024139747,1.5110884766570956,1.9494506179001851,0.7600862200492386,0.2694875115731113,0.27215364380831447,0.0008100904941290917,2.298413162760918e-06,-2.770803726592292e-06,-4.73083414746861e-05,4.1909268090233466e-05,-1.2718183436660925e-06,-2.2299668856372693e-05,4.58286750740781e-05,-0.0005973716243827535,2.0697797139419724e-05,-5.3682391103054734e-06,-4.492994741134475e-06,0.0003042138262126587,-3.5245720018082764e-07,-1.8326967424286026e-06,1.0818054199218227e-05,2.8599751257434227e-05,-1.5711339986343226e-05,8.650914966841167e-06,4.972524157903301e-07,6.735335168048982e-06,-4.190013505566136e-05,-7.303831028056571e-06,1.4672185109894435e-06,0.29000112714853005
2021-09-01,2021-12-01,0.9561201240249062,0.2305169641588354,0.7006318939164977,0.7083140365207211,0.5264999456076267,0.6046981600843763,49.962327712159706,0.8315338603397482,-1.9639177879207477,2.6444845488542437,1.5194969502536182,1.3380961602871004,0.2536547849876101,0.6749667507708843,1.9944664814147954,2.491879601729934,1.2804669192473916,0.26785640009906164,0.2718039341405888,0.00020497538662882575,-1.717024017628987e-05,-1.9590907717780532e-05,5.723674438722088e-06,-8.033747640185811e-05,1.3724276204431447e-05,3.4442038826950717e-06,-4.838120000373653e-05,-0.00012937243949375345,1.5463223428096697e-05,-3.251288728300208e-05,-1.6370028897523867e-07,0.0001425875450297982,-2.742580421409559e-06,-3.956588221046193e-06,-4.3322474325400275e-06,5.994834095735924e-06,1.002374917979745e-05,-4.707145959014494e-06,2.3745246488206128e-05,2.238951830184867e-05,1.3695705342241273e-06,2.719878752686773e-06,-6.391252278263254e-07,0.3098989985810185
2021-12-01,2022-03-01,5.579284960102626,0.30445118633176316,3.763151760550116,3.7998056265814113,27.82387134091377,0.9732027144661264,55.46727925356804,0.9972521794995763,-2.2327802644669252,2.5891198347745776,2.3581675787721856,1.0394591353294698,-0.020775993622593397,0.4173513112154979,1.7215791215106602,2.148648797266326,0.9633463387465291,0.8812415692101656,0.8892523277424701,0.00046275193179189697,-1.922663238935057e-06,5.309665475619066e-06,3.413809188766868e-05,-1.2774545653566796e-05,-1.8728914290233188e-06,-9.037834789793564e-06,2.9680562465858206e-06,0.00011061738990528814,-2.8004716343120443e-05,-6.881762628200658e-06,7.633928614374462e-06,0.00028346875714707306,-8.127994376675166e-07,-3.099840455453796e-06,3.7747946379209956e-06,1.0246896670822258e-05,2.0609066260044533e-07,-2.054349688990765e-06,-9.782033076415151e-06,-1.835096232993441e-05,-1.8445857671034525e-07,4.097850187956187e-06,1.0018169655996323e-06,0.3297695990534003
2022-03-01,2022-06-01,6.068889418297374,0.3369141566671556,4.2778356115831695,4.322561726182033,32.85554039994081,0.9850884565030905,99.99999999999996,1.6710947603497592,-3.894030450754041,2.5320089951463505,3.3289415700122227,1.8959477546046681,0.8431336821555938,1.2701396622399872,2.5349146955648902,2.9720508926103473,1.8117192154378792,2.2857954400123446,2.301734959281589,0.0009002604025058242,-1.5775254344410315e-06,-5.5337650290467295e-06,4.535579475174384e-05,5.711797269458034e-05,-1.012005458467008e-05,3.695598605613691e-05,6.925843185832074e-06,-6.613529097232404e-05,5.26567838021024e-05,-5.944799209634584e-06,-6.299273347361048e-06,4.525985346953498e-05,3.6289367336936224e-07,1.0582377936622915e-06,-9.877437271211977e-06,-8.230297091219577e-06,1.6398248490658813e-05,-4.087225724874682e-06,-1.0986450418262014e-05,-1.393631083106687e-05,-9.54152062238824e-06,2.3414566300584876e-06,-2.082554731472397e-06,0.3212634509820232
2022-06-01,2022-09-01,0.1985517052279561,0.5604126138159735,0.6400972608457501,0.6471782271135463,0.13094331716414553,0.4491302807068895,99.99999999998637,-3.87799414184058,10.483198129577437,2.557608544616037,3.200711551913216,3.29117677906022,2.1475771550042553,2.614226293950911,3.9538663464041592,4.334223899919659,3.1510736256062266,0.7273250665315625,0.7338794182869067,0.0013071623823125713,1.7384484682017116e-06,5.819303157307713e-07,-9.907628037470784e-07,-9.083046287992909e-07,8.407831713863021e-07,-1.2743180422266809e-06,1.46415948011365e-06,1.8876638649757281e-06,-2.635545834002747e-06,1.4515417812297025e-06,-8.307086826530742e-07,0.0007067917512193832,-6.598643047620019e-08,-4.193276936183729e-07,-6.064537415532511e-07,1.6654781879704803e-06,-1.0026093449232273e-06,2.3724386076544416e-07,-9.121991452492929e-07,1.071569014990308e-06,-1.138697013234879e-06,2.322832625699227e-07,3.7001214586007356e-07,0.3906557109926723
2022-09-01,2022-12-01,-0.6438340512879392,0.530315450100652,0.8274453416207329,0.8420420266665749,1.3786270516110772,0.3422896218788456,45.5923225427464,-0.6176960770467825,2.1808381857762402,2.737267821556228,2.8007230080850043,3.094260383432152,1.8995395525035474,2.3830584125181953,3.7683040480635155,4.209297910807105,2.961681520906989,0.18336984840888895,0.18637583557385845,0.00074833865251476,-1.4285521862742339e-06,7.684606264705357e-07,1.2898939786024104e-06,-6.886824827785647e-06,2.1813834445598883e-07,-5.03856964105792e-07,3.043184464206428e-08,3.070397392102579e-06,-6.810093784323869e-06,-7.152434915489365e-07,-6.031602557151143e-07,0.0005917063574709417,4.635641861681701e-08,1.5801702288197354e-08,8.503829432333411e-07,1.2146987392899977e-07,4.3416323297502545e-08,-5.283198866781799e-07,-6.3165699077957e-07,2.1044981822409715e-06,-6.203774551264942e-07,-1.2640113850629398e-06,-1.1059786007962973e-06,0.466324546149072
2022-12-01,2023-03-01,5.987436207850649,0.41729394509833906,4.1122655458088735,4.1551880002737445,31.026484827299427,0.9805301878082152,99.99999999999997,-0.22869431217587946,1.0068880776793998,2.6800321603091937,2.90276082002201,1.5102252543339325,0.40693818654190367,0.8280957351797045,2.1640246015929234,2.5955046064292575,1.4059017680593477,0.8257692079068155,0.8334714809697316,-0.00013805871335349963,6.504612886649606e-08,1.00893499790229e-06,1.2742083398872281e-06,1.4667274369773124e-06,1.2609406124208435e-06,-4.5499756992836013e-07,5.061263117331921e-06,2.288350923466309e-07,-3.366733570960429e-06,1.0771045530632928e-06,3.774190236002903e-06,4.1457727513990755e-05,-2.5296896850633484e-08,2.6420190441587685e-08,-4.937848492918665e-07,1.4694651224277597e-06,-2.408535047306578e-09,7.638592258154201e-07,1.2815259557530514e-06,-3.038296919609112e-07,4.131596913914492e-06,2.4103030484433098e-09,-5.696239520631156e-07,0.47052011368349256
2023-03-01,2023-06-01,1.2434704318277312,0.4391701172071466,0.7150972447460124,0.7302496997183185,0.6468989960987713,0.6140535642934164,99.99999999999655,2.310652627784069,-5.626985920412376,2.630311658314668,1.6964060734045994,1.495330994749453,0.45761046893248086,0.8153095296094259,2.187709055051701,2.6120743558624935,1.3855384654476666,0.7379545334007426,0.7431966911911091,0.001263648137176507,-2.391690697193172e-09,-5.428233087511774e-07,-2.912592796450972e-06,-7.162747170308483e-06,1.1764850608632065e-06,-9.275880858422969e-07,3.93532951886712e-06,-4.2953015759210436e-08,-6.98842374480547e-06,-1.9829456144775018e-07,-5.92703633732421e-07,0.00021758614939868326,2.5599819789422113e-08,-2.9525379273468875e-08,-2.1616619360456927e-06,-1.4894921773924362e-07,-6.338167420146498e-07,1.5245059010758405e-07,2.263442613123868e-07,1.4582202152961732e-07,-8.754747694505092e-07,-4.3989925737723927e-07,-9.748302979019961e-07,0.47079160876092846
2023-06-01,2023-09-01,-0.0225740853323941,0.4186407794441859,0.6742731105344455,0.6907342463932425,0.19467055689981574,0.4400852085636023,99.99999999999999,2.215064358185678,-5.672338826593555,2.7321126201446084,1.6411246257645118,1.7514283419586567,0.646217139261653,1.0574425821136302,2.4314187944002383,2.950952987657013,1.6467681470976103,0.18742613132523278,0.18908986366903882,0.00024557943491844024,-9.432500086413795e-07,-6.170938213481622e-07,-1.6007293850232146e-06,-7.443775498157375e-07,-1.8550686297687977e-06,-7.61258111948151e-07,4.161991422664876e-06,-9.421172340815608e-07,5.563781608087878e-07,-2.0306276692141464e-07,3.8488788597835593e-07,0.0004591751114045494,-1.7919063448705911e-07,2.7103477442701453e-08,1.6994483624150786e-06,3.9551481385071597e-07,7.46890370249156e-07,-4.881236280138459e-07,1.6775561072193321e-06,-1.185581765321619e-06,-1.5337562249422073e-06,7.494916029676033e-07,3.6425330331545513e-08,0.5207836486757839
2023-09-01,2023-12-01,-0.4069281653197976,0.45224558241525953,0.7204216823179924,0.7223443824978488,0.7381795287971037,0.3680774588084895,17.756733092439354,0.66469998950437,-1.2404574738282306,2.511556588704875,1.7003510972565472,1.9151445341903115,0.875883172881885,1.2970575413834502,2.581325712414939,3.0548230222043937,1.8020831385864966,0.15537248243448404,0.1568831475331625,0.00014812197936903964,-8.462606010368511e-07,7.797058215958708e-08,-6.0444844859654285e-06,-3.037029917018896e-06,-1.8625518069743893e-06,1.0844270459795304e-06,1.4329864618226598e-05,-1.6931325036086495e-06,-2.0307556100484188e-06,5.757669587279854e-07,-3.849055056137828e-07,7.154162757056519e-05,1.0980114728255381e-08,-3.64079458131932e-08,6.065592120790119e-07,9.256562596199977e-07,1.175171383878542e-06,1.265913948419435e-07,-2.347234809764348e-06,1.005834661556896e-06,-1.9563703914347226e-06,-7.165264118343417e-07,-2.1974027522641222e-07,0.5219249651365753
2023-12-01,2024-03-01,3.344001218156833,0.4994059365545904,1.7055342736286372,1.7085662102871941,8.091722316113744,0.8512036357526633,99.99999999999972,-0.8884363403752791,2.930568743699398,2.691300786614476,1.0394923498330932,0.3283435294325325,-0.7697285614380398,-0.36190129612227995,1.000453911804914,1.4236601470214674,0.20349204529388487,0.30461887841878543,0.30559736314261826,-0.0001495991927245785,-1.747597456786992e-07,1.6568614125014413e-07,-9.130392123059284e-06,1.9318037022579338e-06,-1.9548945966974296e-06,-1.6384054196994166e-07,-3.912680782941994e-06,7.775793322084568e-07,4.3194988102459e-06,-2.89587372881768e-08,-7.591523304239486e-07,0.00012398003206250832,-1.8449691623195023e-07,-6.470345653580624e-07,-3.795042887679112e-07,2.36110193789406e-06,-1.288793300005776e-06,-4.627377604439991e-07,8.951871773050765e-07,-5.377859422991062e-07,-4.405335630186097e-06,6.816272112416905e-09,2.792779606845946e-07,0.5334895156752144
2024-03-01,2024-06-01,2.362819660421067,0.4854356999265319,1.1375006428363497,1.149092434640467,3.524570535122147,0.7651828802026753,36.60612406870555,0.7745210454545388,-1.5390189730497448,2.56832337309107,1.3193296569814272,0.8499836668577934,-0.2229628281060354,0.19141432244722092,1.4874302366659895,1.9874242758729603,0.7286247418761604,0.7882223427889172,0.796802223221788,0.0008325278365042041,1.0699723166491992e-07,6.668445261432239e-09,-4.287639867836686e-06,-4.1718578546627885e-06,-1.2953761798867103e-06,3.005997496837003e-07,-4.281642161940048e-06,2.352771821796891e-06,8.345515178015985e-07,4.2798138909102953e-07,-3.9311347272367344e-08,-1.6332039193674523e-05,6.534787527020218e-08,-4.0389973866213665e-08,1.2964475968373792e-06,-3.5829441350502405e-07,-6.027643285953902e-07,2.532658485196447e-07,5.534640967133194e-07,-1.8620435894851823e-06,2.483464824221271e-06,-5.7508908312882244e-08,6.459475500250889e-08,0.5096704825586219
2024-06-01,2024-09-01,-1.9421145486806068,0.5722174666948104,1.5314036693774677,1.5601074140298363,6.321865483541808,0.16931464735338078,99.99999999999356,-0.7303171824839059,2.55081123210619,2.6455524100380527,0.8394445411443741,1.4680275449882283,0.32486370471284015,0.8149877949743773,2.1177728902555986,2.555872651914735,1.3249731783145258,0.23300351298072147,0.2379240470888702,0.0004965548390998814,3.829217704415153e-06,2.531645308496265e-07,-1.625093351572838e-07,-2.7871967703299495e-06,1.0970898693411284e-06,1.7738320667782055e-06,2.8093926664888003e-06,-2.5687806549966344e-06,-7.126879773134867e-06,-3.1494637344658004e-07,3.2634901676306433e-07,0.0004324526003757474,1.0140306884172465e-07,1.0230995325995934e-07,-7.085646304968402e-07,-7.226702079314188e-07,3.5410342767371097e-07,3.1924746431288954e-07,-5.74282094283553e-06,1.2409434856241927e-06,1.253124617066362e-06,6.16413744179247e-08,-1.887872924431942e-09,0.5502689134151141
2024-09-01,2024-12-01,-1.2668136518691142,0.5704899359573179,1.120692952408114,1.1311479637871564,3.37568447383988,0.24578435298476708,99.99999999999999,-1.789109561138823,5.3559151094076825,2.6557090584188234,0.6244731695070449,1.083799066463653,0.00039601300652147397,0.40401481079506196,1.7738133664041444,2.189911074304039,0.9411765824743235,0.47459048202693244,0.4762286129765417,-0.00021444663520378554,1.5491601221157544e-07,1.4105353017830345e-06,-1.3898745726905115e-06,3.7632263759237096e-06,4.5478615276642493e-07,1.2372308623167693e-06,1.9318070525874284e-06,-3.718667495642199e-07,8.75819733797288e-06,-7.757476308211132e-07,3.685570964320951e-08,5.2346809961900274e-05,-4.343047337001088e-07,-4.208472164511994e-07,-3.256054864165982e-07,6.790510305830677e-08,-1.5113399451765687e-06,6.921589146624135e-07,-2.4488476748129963e-06,5.828323209482539e-08,3.3644002311388613e-06,-1.242944609396176e-07,6.462564604938137e-07,0.5630188892604308
2024-12-01,2025-03-01,2.212995154062014,0.4042258294020512,1.1206018243785916,1.132682200165342,3.271646469830858,0.7572449868899302,20.78180321840617,-0.174552768676584,0.8236288028515877,2.61348132098505,0.34172165348334,-0.11047067768165067,-1.2438449432526575,-0.8063627905119218,0.5590683665191615,0.9900570501232664,-0.21152713503216347,0.2003615375264202,0.20219187334553432,-0.00035224556306540864,2.1194673404209066e-08,-3.4813308336661147e-07,3.9107397688658285e-06,2.1249438269718074e-06,2.0643472875583866e-06,1.5797429549097515e-07,-7.233193714182348e-06,-1.550398668449913e-07,2.211798794058849e-06,-4.377454727847842e-07,1.205350916250197e-06,-0.00015624739663811703,-3.3633075938295016e-07,3.5011968502369933e-07,-4.7207244019994516e-08,1.6415703599268243e-07,-7.546703091597869e-07,4.954712171356049e-07,2.2454879297568367e-06,-7.4671597055176e-08,1.3422710722543807e-06,-3.895179662750812e-08,-2.7218884464864728e-08,0.5398753227702424
