Date,Target_date,Actual,Forecast_median,q05,q16,q84,q95,RMSE,Empirical_CRPS,Parametric_CRPS,df_skewt,nc_skewt,loc_skewt,scale_skewt,PIT,SHAP_Shap_target_headline_12m_lag0,SHAP_Shap_target_core_12m_lag0,SHAP_Shap_PPI_lag0,SHAP_Shap_real_turnover_lag0,SHAP_Shap_retail_turnover_lag0,SHAP_Shap_Manufacturing_EU_lag0,SHAP_Shap_Vol_loans_lag0,SHAP_Shap_Exchange_Rate_CHF_lag0,SHAP_Shap_gdp_index_ch_lag0,SHAP_Shap_gdp_index_eu_lag0,SHAP_Shap_kofbarometer_lag0,SHAP_Shap_infl_e_next_year_lag0,SHAP_Shap_CH_2int_lag0,SHAP_Shap_Business_Confidence_EU_lag0,SHAP_Shap_M2_change_lag0,SHAP_Shap_fin_spread_lag0,SHAP_Shap_oilprices_lag0,SHAP_Shap_Saron_Rate_lag0,SHAP_Shap_unemployment_rate_lag0,SHAP_Shap_infl_e_current_year_lag0,SHAP_Shap_M3_change_lag0,SHAP_Shap_Wage_change_lag0,SHAP_Shap_M1_change_lag0,SHAP_Shap_EU_fin_spread_lag0,SHAP_Shap_variable_mortgages_lag0,SHAP_Shap_headline_1m_lag0,SHAP_Shap_core_1m_lag0,SHAP_Shap_sin_cycle_1_lag0,SHAP_Shap_cos_cycle_1_lag0,SHAP_Shap_sin_cycle_2_lag0,SHAP_Shap_cos_cycle_2_lag0,SHAP_Shap_target_headline_12m_lag1,SHAP_Shap_target_core_12m_lag1,SHAP_Shap_PPI_lag1,SHAP_Shap_real_turnover_lag1,SHAP_Shap_retail_turnover_lag1,SHAP_Shap_Manufacturing_EU_lag1,SHAP_Shap_Vol_loans_lag1,SHAP_Shap_Exchange_Rate_CHF_lag1,SHAP_Shap_gdp_index_ch_lag1,SHAP_Shap_gdp_index_eu_lag1,SHAP_Shap_kofbarometer_lag1,SHAP_Shap_infl_e_next_year_lag1,SHAP_Shap_CH_2int_lag1,SHAP_Shap_Business_Confidence_EU_lag1,SHAP_Shap_M2_change_lag1,SHAP_Shap_fin_spread_lag1,SHAP_Shap_oilprices_lag1,SHAP_Shap_Saron_Rate_lag1,SHAP_Shap_unemployment_rate_lag1,SHAP_Shap_infl_e_current_year_lag1,SHAP_Shap_M3_change_lag1,SHAP_Shap_Wage_change_lag1,SHAP_Shap_M1_change_lag1,SHAP_Shap_EU_fin_spread_lag1,SHAP_Shap_variable_mortgages_lag1,SHAP_Shap_headline_1m_lag1,SHAP_Shap_core_1m_lag1,SHAP_Shap_sin_cycle_1_lag1,SHAP_Shap_cos_cycle_1_lag1,SHAP_Shap_sin_cycle_2_lag1,SHAP_Shap_cos_cycle_2_lag1,SHAP_Shap_Constant,Shap_Base_Effect
2012-09-01,2013-09-01,-0.0553795839522308,0.4141787177693537,-1.2066339513789799,-0.5853827820592208,1.3568513114106386,2.0639484744218057,0.2204849987156586,0.3197557690673887,0.31166316327934057,99.99999999937528,1.3679529973388664,-0.9081633826920438,0.9569693710805954,0.31628782471897454,-9.758950126688546e-09,-1.8555356670107552e-07,3.233092163447471e-05,0.00012204363604871143,2.197415583479322e-05,0.00010710506945677965,-2.469486914381723e-05,0.0005629636579657435,-0.00012919040238878936,-6.949832977177821e-05,0.05899647195751567,-0.005429453665188038,-0.008321539675145814,-0.0007377372480311472,-0.00892882041259722,-0.0035482913958516933,-0.11630003196176643,-0.0005521508669640155,0.06904390764029318,0.00039377637939315896,-0.021520320259911536,-0.007072484231496556,-0.005078297856358489,-0.03254006925810608,0.05759637120648528,7.04677649962672e-05,-2.4281877184420105e-05,0.00034406563158360405,-1.0545471317711884e-19,-5.844037525599481e-20,0.0001269241952009515,-3.670666439260178e-08,3.710918548168639e-08,-0.00016821533925722102,-1.3607840037271598e-05,1.0225500053381921e-05,0.00021425798478245616,3.6434468465635706e-05,0.00016474447646736877,-0.0002732816681562646,9.515461162603443e-06,0.02946065987511592,-0.001916237441189395,-0.008207691735489497,-0.0004730552508548317,-0.007268666442441363,-0.0021689518037245267,-0.10784591371335843,-0.001112462573859369,0.062225252490706456,-4.614490222903377e-05,-0.021218663469680456,-0.005037051707355573,-0.00395153306163618,-0.03312620652719824,0.06337664343875508,3.1818271483865223e-06,2.962093628596456e-06,6.845789448776647e-05,-0.00011363851161994374,-3.3856594726041475e-06,0.00010715698145055794,0.46752018689437863,0.0
2012-12-01,2013-12-01,0.0670906503184021,0.43844154021794896,-1.1903057224782818,-0.5765268585433433,1.3811834908451974,1.9844161908056954,0.13790148342918537,0.28330331473718606,0.2787311120833001,99.99999999998927,-4.193649836893604,4.295172505767394,0.9194682056224265,0.3542995872813281,6.560785623077689e-08,1.1064075704763217e-08,0.0001659650396463685,3.3877282650416243e-05,1.577955651306036e-05,-0.0,3.451070810661385e-05,1.8518582718072056e-06,-0.00048537657495485937,-5.472192505194304e-05,0.07041864477355234,-0.003992345188755046,-0.0031254421867278636,-0.00357654734736376,-0.006520841464629201,-0.0023431919814668137,-0.11402992502206317,0.0010908465221045815,0.08858779354065213,0.0004371236991084301,-0.023456211170073765,-0.005031588602617374,-0.0035973972089617377,-0.02625693421939483,0.08198445074837615,-1.7018967140932184e-06,5.227443455722132e-05,-1.996187487260412e-19,-0.00019057385707728046,-1.768138784713995e-20,-0.00017151682938205037,5.431549998727815e-08,1.2454866399731778e-07,0.00016478438130328976,3.946965509093144e-05,0.00012508484754586685,-0.0007873777693657991,5.136904447140082e-05,-0.00011079875659935266,-0.0001191542345627872,-0.000315241811697701,0.04101179138562556,-0.003857152791044429,-0.002686643662275923,-0.0017559811772166615,-0.006469032327879461,-0.0011451718894836993,-0.11975230926088483,-0.0005928346640481773,0.08365849891900105,-0.00021699250921433273,-0.025904031055260613,-0.007972863003608005,-0.0026004401402855157,-0.029006686157277358,0.07894077233944616,0.0001334978401373895,2.445041211331861e-05,-0.0001511266932778481,0.0006296023669046003,-9.472715180603052e-05,2.266973640712348e-05,0.3391661885507015,0.0
2013-03-01,2014-03-01,0.0027728372861801,0.36348949880931525,-1.255440431081828,-0.6218144167768513,1.340093873859674,1.9608306114624716,0.13011650990039605,0.28318586481897295,0.2804152065491746,99.99999999999999,0.08043404275479511,0.2882554735210601,0.9654306450382311,0.35371170847886313,8.078035387935341e-10,6.980891361927962e-09,4.391507773563334e-05,2.8120317432190615e-05,-1.4171876688095646e-05,-0.0002956311167787901,-5.467366109360396e-06,0.0001789590116302832,-7.409908660246586e-05,-0.00042840499200497335,0.07937348768086767,-0.0014302524177467822,0.0016184836171107564,-0.0015874719242549849,-0.0058461064739365656,-0.000611905910757242,-0.12585521299813476,-0.0009522789571379385,0.10704405914437735,0.0005471770604829407,-0.029108888519183182,-0.004379240624818951,-0.0030346672709057223,-0.035601641152535,0.09686517870838414,-4.145148811327908e-06,-7.345886066362151e-05,0.00042047930738825387,-3.3343331179984534e-20,1.5423710590811675e-20,-0.0001264569276141911,9.3575608752251e-08,2.8125759395227724e-07,-4.6391927243263796e-05,-2.647062119289017e-06,-3.7564627017865866e-06,-0.0013327865904180607,0.0003489117729193993,-9.985949974019418e-05,-0.0002941778134767383,-8.349252400410735e-05,0.05278455785823721,-0.002403593302782684,-0.0008103335703351525,0.0007008966436819362,-0.00855796942874462,0.0008084937437082856,-0.12575090399206343,-0.0006758414264521538,0.10249089117088109,-0.00031670952839119325,-0.027720921541575044,-0.005408350395053456,-0.002625690409556668,-0.028960819322560973,0.09413215736158917,-4.2817847906968454e-05,-6.27601644997504e-05,-0.0005680823179749502,-0.00034289091917992796,-0.00016993714988993585,-4.61001470778878e-06,0.24815703325793761,0.0
2013-06-01,2014-06-01,0.0495813252518573,0.3205251237713179,-1.2699444133908924,-0.6235600498357313,1.2960838908866108,1.9814310593715396,0.07341054195615405,0.2532039144798133,0.2522439095866297,62.29042923442468,1.6999148675782696,-1.296132010289462,0.9409407779916694,0.39232358460025035,-4.819779538963054e-08,5.282319689121974e-08,4.759033986558443e-05,-2.5884841914125894e-05,-2.2970702531974725e-05,9.851573052319975e-05,1.6062696947169168e-06,-6.017714312292132e-05,-0.00020649457745589941,-0.00036704503180457843,0.08755795563099115,0.00010688181264920213,-0.002601992073305857,-0.0013286336116822466,-0.006685268581636806,0.0001727176955510485,-0.1243686103481715,-0.0007558798810388212,0.10597454155253698,-7.826136450865721e-05,-0.032712595341936344,-0.003405336439576886,-0.003665933281214763,-0.03661440528755629,0.11166395882823887,-3.5588156943683146e-05,-1.0764927029997241e-05,-1.3100193166738533e-19,-0.00018101237730437647,-2.454189760637634e-20,-0.0004976485945327219,-1.1457751290012776e-07,1.8003475907113224e-08,5.406381752636977e-05,3.6446749223231866e-06,3.332663978327389e-07,5.272694617927405e-05,0.0001552716828634998,0.00011438091656053553,-0.00011462605277721697,-0.0003799435386444473,0.06263139985588466,0.00022350982443278478,-0.0021697272550946357,0.0005258409609441796,-0.006556237956396935,0.0016860353004077633,-0.12069347069476996,-0.0002103709425773447,0.10137078787662192,-0.0006925286838856841,-0.03258946902951341,-0.004571163243710143,-0.0031015636745658458,-0.038178322646366225,0.12491456545091546,-2.1585232220002316e-05,-4.865879623582098e-05,-0.000642981915706139,0.0002891558614690935,-0.0003598293614309634,0.0001326066022757292,0.1339326327950141,0.0
2013-09-01,2014-09-01,-0.0876811076678585,0.23092215669337174,-1.2722533604435118,-0.6203961129243888,1.2056695839263918,1.8613134075494533,0.10150804006163194,0.2654896748766083,0.2672638465761708,99.99999999999916,2.3865547461601113,-1.8849385063370871,0.8980547201187556,0.3495778181932794,-3.011412162037684e-08,-1.4742159511841296e-09,-4.004006883818123e-05,3.13380373301145e-05,-4.9994868740334415e-06,0.00026559293412693784,1.9069775825419794e-05,7.548734931535648e-05,-0.0006228402132918632,0.0004547798989872709,0.08499604681567556,0.00016459041387174628,0.0008851531675836729,-0.0009668766411521014,-0.00434906437948834,0.0018305834380349239,-0.12540167969736246,0.00033562591058889404,0.10618022764217518,2.5094236375698983e-05,-0.019306743292366136,-0.0035913741406866646,-0.0018384157510306055,-0.044297769277355126,0.1228644656435916,-1.1921439934539307e-05,4.686040990647617e-05,0.0010219995968670662,-1.804254316015656e-20,5.633622521108978e-20,0.0004120342573916603,1.8235864006216757e-08,-1.0565650703808463e-07,1.7989059010606375e-05,1.0661025624480082e-06,6.767123777488192e-06,-0.0003124315004617873,0.00010880297172247433,-0.00018460090614304145,-0.0004992998857944753,-0.000261900677566624,0.06631739370896338,-0.0007884435101363526,-0.0010716322883733617,0.0009234746253207303,-0.004320601580890665,0.004816655082879436,-0.12752409020098876,-0.00016007520407276005,0.10116489579437948,0.00018961457404709497,-0.022508039261187697,-0.0035765244668779944,-0.002486422744187492,-0.042911463466699315,0.11601560279782906,4.705030301189464e-06,9.55317648592866e-06,0.0011185508914419323,-9.72692780298407e-05,0.0001515599953355331,-0.00027293663108060665,0.09576460965624504,0.0
2013-12-01,2014-12-01,-0.3289362236455595,0.36244022820975297,-1.1215071904869665,-0.569530067468498,1.2683689389757573,1.829566005390284,0.4780013981800412,0.4128027676298654,0.40957511202837515,99.99999999999999,-0.26207342959454993,0.5930090417102655,0.898075254507051,0.223643433220843,2.469314517585694e-07,-5.65560886662479e-07,1.1925004839630616e-05,0.0003740882769810975,0.0,-0.00013246185951633907,2.700707844430937e-05,-0.00013359860796825695,-0.00033463575106847,0.0004626033887748662,0.0814117224265688,-0.0015326652139924764,-0.002178866607550292,-0.0006027332289542971,-0.003162470042348367,0.0005864705071844196,-0.1251487623475385,-0.0010826023741385205,0.11381181548487376,-6.949805782731367e-05,-0.014775442866345304,-0.0035980678289946914,-0.0010737846126023045,-0.044002977572874344,0.12134297668575147,4.732268193716775e-05,-0.00012775560581029644,9.58575276907207e-20,5.539295415079559e-05,-1.933199893215923e-20,-8.639497069920998e-05,6.214947427895105e-08,-2.550578182149907e-08,1.8426835643716126e-05,-7.108751646502219e-06,-6.862812009363867e-05,-0.0004951620910376988,3.2353729841769967e-05,3.249397081490213e-05,-0.00027737175650718074,0.000785974464236988,0.05815116708242603,0.00026239354672807344,-0.0013457059194451298,-0.00014539931437054413,-0.002709342175788511,0.003626647018029606,-0.12647744803275535,-0.00044853765054965727,0.11169070919407306,-2.088049533049421e-05,-0.016183943021948158,-0.003248894932562166,-0.0012799157869231486,-0.04393543660924973,0.11958349324388169,-3.3017905353827643e-07,9.674176256205854e-06,0.000263896913157435,0.00014565637922671606,-0.0002364351791060682,6.6291871030693e-05,0.09374919899483916,0.0
2014-03-01,2015-03-01,-0.8784672275139016,0.3770667265643979,-1.3062765872701447,-0.5783644072623881,1.269493001799353,1.852845522847949,1.5763655098434894,0.8004554455603905,0.7933506359258127,99.99999999999997,-6.855806684753529,6.101047403229707,0.8332303961315475,0.09820747060482997,5.393467875455064e-07,1.1148529621493293e-07,-6.779135378171833e-06,-0.0003018909817364835,-4.3981748338181815e-06,-0.0,1.1438515764778669e-05,9.190731316702843e-05,-0.00010794874415458862,0.0003542993358720023,0.08484460443209814,7.695988515566351e-05,-0.003612274442588581,-0.0007559131648311571,-0.0021956596941560603,0.0018550658308730417,-0.12618868580844259,-0.0008997718638084338,0.12945675233668474,-0.00014632774510271227,-0.014548071922066846,-0.0035566262827436534,-0.00137474755946773,-0.03953911833756292,0.13168508200078832,9.565516472188085e-05,-9.63639521472397e-05,-0.0007198509320382028,-1.1500544700738455e-20,2.6076938041729867e-20,0.0002323537795984528,-2.5756473086038165e-07,2.4158389107370917e-09,-9.808681046011663e-05,4.660756200695521e-06,-1.5410269250114734e-05,-0.0007784796615276132,0.00032070826390721315,-0.0003418726342245708,-0.0007473107864731396,0.0005243253166424857,0.04942729204300036,8.005757034571286e-05,-0.004088033755070473,-2.9860662076150315e-05,-0.0018386444815860804,0.005359940644085382,-0.12626144765198466,-0.0004410687305588681,0.13117487267268718,-0.0003785602221688893,-0.011117013571440296,-0.0030520247714286223,-0.0008842645200020377,-0.041499046862104545,0.12967124557563028,-1.6266408760104252e-05,1.9793819890050937e-05,-0.0006272836331179055,-7.833535683030147e-05,0.00021873981706579569,-1.0304976693867195e-05,0.052967874365820004,0.0
2014-06-01,2015-06-01,-1.042713669218287,0.28235609726228905,-1.2973941833105846,-0.6685781157721014,1.1925563948744005,1.7393445592858332,1.7558098860408882,0.8578239963994375,0.8531003196605897,99.99999999999999,-2.07714676077821,2.1789049166227223,0.9152774705602459,0.08200656584519102,1.02030820843978e-08,2.2655983386270135e-07,2.931895716664763e-06,8.2877588817243e-05,-9.720511845197716e-06,-0.00015952563519157841,1.0214988747541572e-05,0.00011973296832858138,-6.392463444413219e-05,0.0006274933686354894,0.0743338385241591,8.768054806485553e-05,5.3041771365842513e-05,-0.0006224918291662161,-0.002142128926902401,0.0010700620466156875,-0.12582421304041222,-0.0007583777973535454,0.11280934455212487,-0.00013974026661020504,-0.012677545959077264,-0.0028308912710345944,-0.0009166593237072703,-0.032996151559340194,0.12834390528142914,-4.5578566388808555e-06,-1.773374314425822e-05,2.647454391411217e-20,-0.00048599360583066894,-7.22065614578025e-20,-1.740438898883026e-05,-1.5871257176512369e-06,8.443944832630711e-07,1.2001492740176571e-05,-1.6240258775122296e-06,7.033180108070252e-05,-0.00023505810102107512,7.23233835419343e-05,-0.00020045858212950772,-0.0001866666897294583,0.00028622673350820084,0.05437143959148318,0.000712522509630818,-0.0009575018022004333,-0.00038438178722527265,-0.0025844139735295957,0.006204381200161961,-0.1290326786248606,-0.00112558113521233,0.11467656692152474,-0.00044687811697476126,-0.01779012564578503,-0.0024190662810509586,-0.001681982354957731,-0.032500647176093286,0.14552777935329106,-3.199118367375236e-05,2.124526709428713e-05,-0.0003120206119301097,0.00022209719134678308,6.641890415903084e-06,0.00020116198717965057,0.044972860425122996,0.0
2014-09-01,2015-09-01,-1.4541319195251925,0.3161888350870121,-1.1284643285477116,-0.5788986738298839,1.2461736751542487,1.8346927911292141,3.1340355742107255,1.3004673480552058,1.2892730833138404,99.99999999999999,1.6944091391079683,-1.1795377806020144,0.8816084837917834,0.02250203550925367,-3.734663967737151e-07,-1.0307214610120333e-06,-4.2628130452278834e-05,0.00017481077626337312,-0.00011147418191040143,-5.472355658012406e-05,4.687146445559719e-06,1.3993192923689608e-05,-0.0002653843587181554,0.0004672472825093767,0.08034934694962902,-0.0002905449722168637,0.0014161633230754414,-0.0006435880337965621,-0.0020419911144057925,0.0014522292038059359,-0.12483379294420917,0.0002194170436443758,0.10630584127392126,9.575402712459687e-05,-0.011103784760439168,-0.0038850003665716645,-0.0008338840086622927,-0.027371928978213198,0.12916975257231775,-7.242399431000072e-05,-1.8317409518816503e-05,0.0006733335638288673,-6.8323558493728e-20,1.0468371525564484e-19,0.00010585541111762338,3.6770893791259696e-07,-3.2674569404201213e-07,6.561995624279779e-07,1.8095100353724854e-06,-0.00010181253157276605,-0.00012630946901085325,7.828035128051347e-05,8.693453747359793e-05,-0.00025300475242111573,0.0004649834730424606,0.055984439427624426,0.0011724151116067263,0.001150974453310093,-0.00022748915680751304,-0.002130990862968332,0.0042555144527824055,-0.13115441025820007,-0.0010121081802227524,0.10398774483168727,0.0009006449768524909,-0.013401499344173385,-0.0023495052061651167,-0.001162980213953137,-0.031588844645351756,0.15070931019379888,4.44908869800253e-06,6.426249590735238e-07,0.0005793421993842155,-2.3663823344254364e-05,0.0001002881351695592,-9.490328560815294e-05,0.017520387755957233,0.0
2014-12-01,2015-12-01,-1.316989762101528,0.30544131200817115,-1.1269430527096576,-0.5694985717117378,1.210783842273422,1.8795791090192209,2.6322825902367524,1.166857189315835,1.1555770600622277,99.99999999998046,2.115993026155131,-1.5612554522474618,0.8846568194970249,0.03286805299085255,2.6257631406590767e-07,-4.4535196482047855e-07,3.3150607001972306e-05,-0.0001968897245533643,-9.678067332654768e-06,-0.00015292490596245965,-0.00012116950531144086,0.00013145541937868577,-0.000441518947973593,0.0007434377450855036,0.07459539309028058,0.00021613838557092734,-0.006206599507150022,-0.0008069388180641484,-0.0017431429608609694,0.0016382791833408343,-0.1078189211191226,-0.0005454683259007747,0.11312486164186866,0.00013146003837070122,-0.01068190942718135,-0.0025955325716758154,-0.0007298787957156621,-0.02474882953857331,0.14433846642998327,1.5766329885602705e-05,-2.3714505007197895e-05,8.55365918508303e-21,0.00029184368577171515,-1.0993670575019356e-19,-0.0003431434996018459,1.2316890121325257e-06,3.4726391825242887e-07,7.692235958506193e-06,-1.891408412544915e-06,-8.048517459080869e-05,0.00016259650027328635,6.308917687136316e-06,0.0002439671524290767,-8.212875767067476e-05,0.00027269598161271173,0.04643568946206228,0.0010600128317084971,-0.0010259316583279138,0.00018554777891036418,-0.0012461620625594013,0.0028286625375806445,-0.1185346826823948,-0.0010685435045019833,0.11119178920324047,0.00022377788499077414,-0.011788180830919263,-0.003752704681975047,-0.0007079386013495111,-0.02319090174577135,0.1551401597541031,1.7164452950412363e-05,4.1611951424751495e-06,0.00016491807956521383,-0.0001802304056488339,-0.0002136497633216347,-5.220545290095615e-05,-0.011864524442582031,0.0
2015-03-01,2016-03-01,-0.8644840978884183,0.2566153159430914,-1.1715498208284083,-0.5747289809942271,1.1573015268718658,1.7727890005519944,1.2568638956933544,0.732710833047616,0.7241999127858902,37.485917972029,0.5423530883971138,-0.20066444583114204,0.864164121164212,0.09674085297814194,-9.406644967875307e-07,-2.764819952860614e-07,2.0512585262149095e-06,0.00036136417580969556,1.490390460843852e-05,0.00012478630883067297,-3.053295631821347e-05,-0.001182098088382676,-0.0005004164868276954,0.0006594798378387036,0.050480585206246285,0.0007956574964053808,-0.048917752028004344,-0.00038446131812079946,-0.0008019776087430169,0.0030330301116286637,-0.07674745511871123,-0.028578123109687808,0.12859023078832094,6.182793862925569e-05,-0.008860592641020485,-0.000662788717360455,-0.00011737702163525657,-0.0187822024484912,0.16342373925921677,-6.665877861676264e-05,4.5738843246261833e-05,-0.000991644041511536,-3.629104580793266e-20,-3.754429686983331e-20,0.0001269987240968309,9.823362341348667e-09,-1.19495823845095e-07,2.4807431620192754e-05,6.037689176775717e-06,0.00010519453361334783,0.0010532491824319637,6.548888094618436e-05,7.612117419339661e-06,-0.00042720188552901485,0.00046120375702417694,0.0528537801247985,0.001252866004900201,-0.03172776322537932,-0.00013493020354542144,-0.0014914116620066277,0.005123853583223001,-0.06700639582230557,-0.021982913424167114,0.12817379140160598,0.000270297562168063,-0.010174581077627254,-0.0005624890443518648,-0.00035657801565736665,-0.020676989228124536,0.16857179550237322,5.809440539633498e-06,-8.356262033746186e-05,-0.00034747828240270324,-0.00024878863060500425,9.213440938219688e-05,1.3962623062386406e-05,-0.08204425253324556,0.0
2015-06-01,2016-06-01,-0.3747694568706272,0.1350023565055082,-1.3391821395033503,-0.7562331720397968,1.0029570922691289,1.6004253662355457,0.25986730171279343,0.3232865277275892,0.3173474871468408,99.99999999999999,0.11703668892376215,0.022586062331309643,0.8824200724511646,0.28572136248579727,-2.1014328806961583e-08,8.01669427330198e-08,0.00036107909240377445,-0.0004923070424986768,1.0399431431977374e-05,-0.0002738233142143419,2.2791248398856806e-07,-0.00037004044886466823,6.316209075152155e-05,0.0010534942124657278,0.051663628924440486,0.000168846799605367,-0.04722704872612377,0.00034157057379587743,-0.00030331194523264596,0.004876379643786621,-0.09012886627152315,-0.029671923278377678,0.12264169104604286,-0.0030506669945506615,-0.004028139942674944,0.000924031704885888,1.340646630307388e-05,-0.022968417430773214,0.19406118394124933,-2.36273712686264e-06,-9.838577395572621e-06,-2.4900173192143495e-19,-0.00017714980618222933,-7.566581330836645e-20,-0.0003809511838032421,2.6573671312791514e-07,-6.508941611462076e-08,8.061127178460059e-06,2.9112478870841962e-05,1.8929835992534853e-05,0.0003380824808355527,-1.2112829289934824e-05,7.611519468667139e-05,-0.0005936676005136365,0.0002694362851623849,0.03634457604114376,0.0015621775467887775,-0.04921372531611564,0.00018065565908735617,-0.0005180912064654999,0.0051946539533452496,-0.08819372692168215,-0.02663196038547917,0.1266420933298898,0.00019553594925440863,-0.006254185666072529,0.0016871832626425623,-9.036842758751033e-05,-0.014374734175819427,0.1923263393449202,5.570401396315044e-05,9.438789236655412e-06,-0.0008882150306340683,0.0006441128159414306,-0.00020221980037619654,0.00019239553479894926,-0.18764946515316405,0.0
2015-09-01,2016-09-01,-0.181689804921703,0.045764627633015795,-1.5123135455351875,-0.8882911527474349,0.9873385168995749,1.6304432003549463,0.05173551888878913,0.2463598311774225,0.243418825118277,99.99999999999896,0.38960360456221405,-0.3225665706332781,0.9438562430271672,0.404891368778994,4.8854698202001614e-08,-1.4876573354891487e-08,0.00037644607793773836,-8.372325601371851e-05,1.9155110893096083e-05,9.478709203324368e-05,-2.5209467734786677e-06,0.0002889591239837439,-0.0004274240987745945,0.00043281767192548454,0.06367801933569293,-0.00011083985352053315,-0.053380396883203646,0.0003072399171979846,-0.000304663121681068,0.005165881054100055,-0.06972021511526148,-0.03253246409022926,0.12166408872580996,-0.003961970024105715,-0.004141448861197914,0.001913177731847171,-1.3561402907254885e-05,-0.022896476400295747,0.2291031503136486,1.52577701452733e-06,-2.7036257522291194e-05,0.0007194954233489252,-1.1130321332195192e-19,-5.539694031769356e-20,-6.722364429202406e-05,2.7407680813715558e-08,9.211690874660505e-10,0.00019108425662772702,-9.038992950713288e-06,-5.12328259027052e-05,5.624172630736742e-05,-7.260132686387448e-06,-8.477614702609467e-06,3.2643453829698254e-05,0.00043567020439948907,0.035171447603953465,0.00041156857682434194,-0.05547588256391062,0.0005172229464146998,-0.00015045906534447005,0.008235867408448819,-0.08623400869460492,-0.028535376381638323,0.12061967283484581,-0.004786288634036739,-0.004861657149990839,0.0027573651837097778,7.637499064699853e-05,-0.0259527865017334,0.22672840598025729,1.3693285943120835e-05,-1.3926540425659285e-05,0.0001558554307866646,-0.0006934996763893536,4.4349038105792676e-05,2.7108887006678982e-05,-0.35041396040409956,0.0
2015-12-01,2016-12-01,-0.0067578301338855,-0.024892810790888217,-1.5531688899907665,-0.9439220822540726,0.9902031487770426,1.5846658323008507,0.00032887752342986276,0.22579567667323044,0.22459775694745163,48.00421130165169,0.7541699756525786,-0.7295402146760908,0.9492153932160673,0.501320342434461,-2.8697532038781646e-10,4.1227784008927323e-07,2.9095445784999448e-05,0.00013371118855600198,7.085162880734762e-06,0.00016357666373176242,-1.7484924803982962e-06,7.6058984073121386e-06,-0.00011176001040814383,0.00040508834710127064,0.0685242954328949,0.0005262241437544501,-0.07499525128006632,0.0006099009034642584,-8.286454022124165e-05,0.005081749791967858,-0.07040509078611533,-0.033220272897275346,0.14600444890594233,-0.004615612850077386,-0.002409478143871062,0.0031480254085359143,-0.00015455355161983104,-0.018602956135566485,0.2412681275411716,-0.00025244940949255827,5.41854398808108e-07,-1.1683884217731393e-19,0.00028130593880309747,1.9628504050169524e-19,-3.3806717765761704e-05,-1.421477373544588e-08,1.624122051452638e-07,-2.716899661724677e-05,1.1884768487724767e-06,5.973136871734296e-06,-0.0001262309449061817,0.00010833567363850877,5.610416558313478e-05,-0.0004942928651853446,0.0004604105196748372,0.040908748295092466,-0.0001563321627544007,-0.0608658362477698,0.0006331726705586977,-4.475470351006298e-05,0.007777483224563435,-0.0733235201783793,-0.029681706725022995,0.14427102136838607,-0.006604311927974386,-0.0021815732305519677,0.0038545219635298723,7.435499558232327e-05,-0.02095419688138109,0.24253640626105988,3.475159066592892e-05,2.3259760166302005e-05,1.2580194346202736e-05,0.0005225524511275079,-0.0001264306878130088,-0.00014087678781224376,-0.5085681259059384,0.0
2016-03-01,2017-03-01,0.5662310222083633,0.0541198733067684,-1.5586293135950242,-0.9528831666171206,0.9774737266059383,1.6423897007323336,0.26225782882931153,0.33795205289413605,0.33548901381959895,99.99999999920898,-2.5011746233830303,2.4092309015796802,0.942914623218433,0.7075764852804535,-3.3466330022973817e-07,-5.2995746776647195e-08,3.509407184082069e-05,-5.647171401515372e-05,-4.72417738553139e-05,3.3607074735876605e-05,0.00013253119937698928,3.267425810436572e-05,-0.0005264489540198435,0.0005743715114090563,0.07819243634170436,-0.0028272011481779743,-0.07173947952722882,0.0005266883330886412,8.228987506731418e-07,0.005005778986254432,-0.04269435378744251,-0.03481580777911663,0.16059086073830015,-0.006484784922001063,-0.0019625586223510315,0.0029276341355814993,-0.00018918764750986179,-0.01656197517251574,0.27513246379366024,-7.355673405681312e-05,1.9106456154526583e-05,-0.000803581782694904,1.7273449797681873e-20,-1.5200517430070405e-20,-2.5382397337346834e-05,4.822358700248318e-07,-9.497188238400358e-08,-3.474871335195949e-06,1.2249527445442063e-05,4.913655558179316e-06,0.00012202853068531151,-9.352866773958569e-05,-0.0001015361444567906,-0.00029653120851692253,4.4919227180256664e-05,0.041657801293089915,0.0008349412896341504,-0.0639132130261798,0.0007182339753983912,7.03758265079136e-06,0.009307682087284148,-0.04420084814016712,-0.029686975751016555,0.16825696161238668,-0.006660720962264834,-0.0032289797254102656,0.0038289148851993826,-0.0002884370963977483,-0.019551483591671023,0.26469421208683525,1.3702066662016815e-05,-4.118590719086373e-05,0.00023051846162673923,-0.00017457062536214277,1.2675390441556344e-05,0.00011960764944610415,-0.658164608021726,0.0
2016-06-01,2017-06-01,0.197006545721301,-0.14808115396781257,-1.7130686035476101,-1.040894137184199,0.8333835234035244,1.5304643627613002,0.11908552047672383,0.2696368956887216,0.2674074553112003,43.47431633888394,1.331505377399112,-1.381851397638377,0.9341841347574787,0.6342931486727025,2.0377873615773115e-07,1.8880559003960564e-07,-0.00011406073944381597,0.00015560829781653427,-3.7490724931556e-06,-0.00013207060686639118,6.681583957758737e-05,-0.00015168787537011286,-0.000164930944383006,0.00027209277193508365,0.07762548230856443,0.001796700997298877,-0.06555107950818216,0.0011544349722682043,-0.00020617614598286387,0.006674161817176085,-0.060499960459769464,-0.03603280573836368,0.1649034203550857,-0.003174035257486638,-0.0028904150104489086,0.003964878369669749,0.00029324878817506376,-0.014727113945081074,0.2763746417444605,1.0796747568790613e-05,4.538349991038533e-05,-8.618039750606856e-20,-2.9547402282128223e-05,-1.1227568286243578e-19,0.0003869408605348361,-5.6450135310373637e-08,-8.675116610536799e-08,-0.0004619794533933655,6.859498148346605e-05,-2.0454728228397026e-05,-8.56597574159455e-05,3.628510529779173e-05,-1.92431011056022e-05,-0.0005792329813992513,4.461169900363546e-05,0.04751852127616788,-0.002843783895375081,-0.06812821245725281,0.001004808528117929,0.0002577391466184937,0.007654472525713839,-0.05682228695193373,-0.03138040053109823,0.1595320765342064,-0.008094835569952965,-0.0026427969544738257,0.002719910460349478,3.5345014352841e-05,-0.014981199339769026,0.28690196519479133,-2.4910609567283225e-06,7.817439993135111e-08,-0.00047049569146402105,0.0006116896543625434,0.0001731563886168409,9.443724904257786e-05,-0.7394128187761867,0.0
2016-09-01,2017-09-01,0.6499245207629123,-0.11150403797097111,-1.6335960585928284,-1.0083739546904003,0.8089128140660635,1.423086977418831,0.5797734500555589,0.44969259161164976,0.4466706747827083,26.229498346216495,-0.10084565527223231,-0.007163976892805286,0.9001497196484521,0.7938289876380481,6.406764918090152e-07,1.0172698723063212e-06,-1.2225268036318825e-05,-0.00014696859992213867,-1.0546795343730071e-05,-9.246729181286904e-06,6.807322448686423e-06,-2.727124699983921e-06,-0.0005519361249170376,5.198637674663353e-05,0.06791298054978079,0.002416437831395181,-0.07303712832411499,0.0006494857116920038,-1.5500687406882532e-05,0.0032769150266230983,-0.060097976160676796,-0.03564459081188201,0.15330026235054145,-0.002807394062392073,-0.003878192065333134,0.0038862574763306418,0.0003391078771424298,-0.011159862010032405,0.27305561212794804,2.04367948206159e-05,4.519699225472225e-06,0.0005013476622260538,-3.2844569869273338e-21,7.435061737454236e-20,2.4465545548648056e-05,4.5646229185089875e-07,-3.859286953062206e-07,3.687274982227888e-05,-9.660776005754301e-07,-7.649698868915119e-05,0.00015420166602573602,2.9450566769892307e-05,-0.00012230244656307953,-0.0001378079374425288,-0.00014188623655802453,0.05558117061043888,0.002055028414942001,-0.07566584028083298,0.00095358780928192,0.000361817382318889,0.00320600899109757,-0.06464395762656264,-0.033830289071174954,0.14279460093671628,-0.003422530552418508,-0.0033023681892028773,0.004075966760383738,0.0003328658769081283,-0.011699529805442277,0.29601263971886593,1.3777666836380184e-06,-9.426798640852658e-06,0.0011123379738300222,7.952926134035644e-05,0.00030052930251809305,-1.3392849006809668e-05,-0.7396930514027525,0.0
2016-12-01,2017-12-01,0.8352077270444624,-0.14894241162722638,-1.563904262840763,-1.0254794883995573,0.7978769976446518,1.4068086386396292,0.9685514954475044,0.5932253487222644,0.5892843717075726,47.55746389950746,2.6521676243496923,-2.4565224276055897,0.8685405507707256,0.8513956488494449,5.87628298527647e-07,7.167428340975689e-07,-2.9039290248924742e-05,0.00016921995828388605,6.45702533481208e-05,-0.0,7.450233893259728e-06,-2.1777131915549294e-06,-0.0004555162166831809,0.0002842257167240033,0.08209256989833494,0.0028516072957766557,-0.06485831401924162,-8.23053260467715e-05,0.000270909752217872,0.00833469506975566,-0.060050271829447985,-0.03744688977811708,0.15804615459378615,-0.0024709889353609267,-0.0040871508441343764,0.004230182019572639,0.0012867564066299903,-0.01760178970319206,0.27662545123656773,-4.752071474864596e-05,-1.902764543887663e-05,8.987161646416778e-20,-0.00023121144798912035,4.0720293857657744e-20,-0.00010713269319467196,-1.0280067001068766e-06,-1.424753100337535e-06,9.224812434959056e-05,-2.203740827107505e-05,-5.0946793624849425e-06,-0.00015746683469815536,0.0001747348384266785,2.0218432334775105e-05,-0.0005552880412826534,-1.2491990384124003e-05,0.04431875268923102,0.0025251415614409253,-0.06409087055701229,0.00036265278430962493,0.00036463113960045,0.005182287480199312,-0.06975082982573437,-0.03285372436834696,0.14460210604482465,-0.003768150001564356,-0.004844234883109993,0.003399468700850696,0.00048193335708208963,-0.014579872520441753,0.2758708919918578,-3.8353799135542506e-05,-5.056083935112503e-05,0.00024125667504497532,-0.0006803388052948402,0.00030060495812969266,9.916592900774832e-05,-0.7325388990888961,0.0
2017-03-01,2018-03-01,0.7922465951253344,-0.1063018791494735,-1.5652055382614734,-0.9934103280606978,0.8514390639424768,1.400375577393146,0.8073893606215851,0.5300277745483195,0.5265669358579761,30.887541497195645,-0.08340101282545942,-0.008643411395798368,0.8947978179877994,0.832740129842213,6.811364231470953e-07,1.4083309896894717e-06,-2.246474253912898e-05,4.1362380205487605e-05,4.4735049236262214e-05,1.402809335337241e-05,5.171592297059633e-07,-0.00010722539851682186,-0.0003267765000833505,-0.00010542764572179505,0.08344855351575903,0.004210400141669837,-0.0658608748626279,-0.0007421148666810617,0.00011175596622026598,0.008787454319558128,-0.07786752537383017,-0.03577653761489456,0.17557913506219405,-0.0017459283372345477,-0.0045575284423078856,0.005252515801627689,0.0010969007598959973,-0.024223007278847422,0.2704964412371888,0.00015842197722855056,0.00014534677155548254,-0.0010351023296309115,2.5766472407536667e-20,1.2036421407463774e-20,0.00014817778018025608,-2.23656620242631e-07,-9.780180020664337e-07,0.0001800855172734028,-5.506930105683144e-06,-9.099532338198979e-06,-0.00019929876095342797,4.411881684039199e-05,0.0001342952215210499,-0.000569263550953904,-0.00013505587003617716,0.05482485591887709,0.002695211203212632,-0.06158680137722172,-0.0009231172183964717,0.0002467532096415577,0.010274648788213521,-0.08346714669665539,-0.03164160822962999,0.17036389573109198,-0.002683141560269208,-0.005293601351451105,0.0038907025091183874,0.00112476575786934,-0.024335006233865624,0.2764435449523073,4.140153680630103e-05,-0.00016395977927937593,-0.00046620578767279084,1.2233754578176847e-05,0.00023487922100059381,-5.518684407798129e-05,-0.6970591186671004,0.0
2017-06-01,2018-06-01,1.1400673781712278,-0.049196503522895896,-1.488261604587769,-0.911197401532772,0.8519849244985563,1.4528844395454419,1.4143485803021745,0.7656124583921929,0.7597348953237534,99.99999999999999,2.451677001569395,-2.1651790508709463,0.8614695728289493,0.9078755443546845,6.178170124562899e-07,2.694849206861843e-07,0.0003333582929158634,0.00037613762690839414,-0.00010507895222460087,-0.0,5.365755035722435e-05,0.00012359252893581177,-0.0004227959567717836,0.00038200722231070106,0.07769487677146375,0.005187088953130977,-0.06074890046349843,-0.0011126536066803523,-0.0003654467135563648,0.00868943301410076,-0.07271819835294296,-0.036455831760435965,0.15647115719472338,0.0014763363276152235,-0.005574614154033953,0.0006911706136344446,0.0007058546176450443,-0.02025520491917437,0.2514933981308847,-3.0083966922829693e-05,-4.956700004103188e-06,5.773657620192848e-20,-2.987437892439679e-05,-9.58186619497058e-20,8.220562493451413e-05,-2.315563268464734e-07,-1.669758634522823e-07,-1.5575624885304684e-05,-4.897995676582057e-06,4.281268004326415e-05,-3.154495543371269e-05,1.060144862964896e-05,3.471089565038434e-05,-0.00037800354593322166,0.00025029169595543736,0.04919552371969128,0.0030900339866972524,-0.060975419495060766,-0.0014900336442063293,-0.0001680522454961415,0.009823849144881507,-0.08140260456153162,-0.03205829657483379,0.15394376345911537,-0.002043320390767034,-0.006136695943741195,0.004623740723644031,0.0013448098302761254,-0.024803977079091388,0.29519187412898806,-2.265573340096378e-05,1.9768039568056837e-05,4.49168324002256e-05,-0.00011722057546560557,-0.00012365958998537547,-4.059474471097767e-05,-0.6520357601203274,0.0
2017-09-01,2018-09-01,0.9846101138386132,-0.03904623929628885,-1.471987704630562,-0.9134969087435517,0.8782900560957138,1.4006648197167024,1.0478723293134473,0.6245678898827242,0.6246337188764665,99.99999999999957,-0.10849486144084518,0.06769872074523019,0.8852917052157365,0.8725619001539172,5.361936124096103e-08,9.960463460562242e-07,3.789284869402441e-05,1.4437693026670362e-06,-4.216509224910565e-05,-0.00023167635348680148,3.1529819816944856e-05,0.00011709290183846931,-0.00016398780724264237,0.0005444935079434686,0.08480324224305005,0.004634887877476698,-0.05391316788930064,-0.0013013461501831948,1.4517495593259417e-05,0.008419480893780588,-0.07497576292981588,-0.03530355202671433,0.13869538847108354,0.0015683200412700932,-0.007282361161136077,0.001411754839773399,0.0002788549331131722,-0.02137198071145581,0.2567390608174106,9.495982523399253e-05,-2.64374646075106e-05,9.391836961579849e-05,2.075708635060727e-20,1.780961297570815e-21,-8.033402797870965e-05,7.075060920560448e-07,4.4782409007486046e-07,3.1704053784150656e-05,-1.3041895229892525e-05,-1.4305388115677927e-05,1.1848400236039991e-05,8.844998998957305e-05,-0.000176171318435299,-0.0004719024132130645,0.0006893432001418296,0.055050075000598525,0.00672442737517058,-0.05267774470884576,-0.0026706743783435484,-0.00028928969728429197,0.011733133176423324,-0.07417531157153728,-0.030366775367569376,0.13011736189066048,0.0024177880590655326,-0.00822994677946249,0.0005346485920416658,0.001011236103291213,-0.024379686728205813,0.28891299641442036,1.3698892535578799e-05,1.341257107332467e-06,0.000278671103208131,-8.00283238016039e-06,-4.0680339813046696e-05,0.00011700236950545139,-0.6214779933154816,0.0
2017-12-01,2018-12-01,0.6891110180748505,-0.03514620320078158,-1.4171228145097,-0.8684567967625767,0.8358446673522656,1.3862723730844653,0.5245485225698999,0.42495655769070234,0.41999309994300166,46.234664772526905,-0.5380321376258558,0.4416763371858214,0.8441292317240748,0.7965022638276065,-5.461732951691889e-07,1.9802663689200617e-07,-2.6728449634521583e-05,0.0006865162632827063,-7.341237826285083e-05,2.224512054094269e-05,8.985248342409801e-05,0.00015205643502311226,-0.00027797357926151136,0.00019036894797776023,0.09716636340539739,0.004793473930255984,-0.0569139005528154,-0.0025708144580998014,-5.8902012149077174e-05,0.00785912251774781,-0.09799074928835473,-0.034055707301190945,0.13716763063367998,0.0011203788716817682,-0.008710303395868759,0.0022921298992078583,0.0010383373007529764,-0.020330982795490844,0.26182684023934677,-1.0278965387907719e-05,-1.089433261184654e-06,1.3334771729873805e-19,0.0010169854850279945,-3.886212396821776e-20,-4.2786754703659715e-05,3.273507770722225e-07,-5.057944011667426e-07,-2.9973205017097424e-05,2.6763263257201315e-06,0.00012985307283832004,9.52858942788458e-06,5.6521841834881884e-05,0.0001073651562284603,-0.00035404736559539003,-0.0002486229191858254,0.053509723741791956,0.0048217551151803996,-0.05179865397380785,-0.002894376175837348,-0.0003232077820271452,0.011037125460004134,-0.09540395554192846,-0.03014032243216652,0.13766590883768148,0.002317260948969154,-0.00991365573136271,0.001321583199522927,0.0003464889116542574,-0.027305934162865086,0.2597711278297541,-2.474496231244656e-07,2.9389304424655505e-06,0.00030199766328428007,-0.00032262523847814266,-0.0002619017054413143,-4.6643344081018323e-05,-0.5629170556411387,0.0
2018-03-01,2019-03-01,0.7264280628502817,0.012292732579893127,-1.4906333154379008,-0.9180002689241933,0.8642162979251008,1.4100466521674635,0.509989269940397,0.4420552964437342,0.43664298950170666,99.99999999879186,-1.981387507164301,1.7141793673230192,0.8656345655199279,0.7996696993036313,1.6615976411119538e-07,2.435181096675063e-07,6.891962187310902e-05,0.0003309775854403401,-1.1192651053677342e-05,-4.5245498969391824e-05,3.852583071400399e-05,-6.405431046342689e-05,-0.0008036875728209852,0.0003668809950037222,0.0835369290915548,0.004487101586898216,-0.055972302740598646,-0.0004111506759426675,-0.0006099489002671821,0.009645646969859513,-0.09883347027178162,-0.0348020930376815,0.165517149828597,0.0010382011627100176,-0.009667000480271946,0.0014603868509222952,0.0012278494264734306,-0.026553244573543737,0.2565242543472576,5.518277243479746e-05,2.499387845663891e-05,0.00029550334612481085,2.758411242122927e-20,-7.346949992627241e-22,0.00020417815504661412,5.834018259202053e-07,8.449751193601541e-07,0.00046746621072794035,8.153793025279787e-06,3.286835112336081e-05,-0.0005615382866195513,-4.795430343673631e-05,6.034572804761668e-05,-0.0003354954232135667,0.0008584188641683156,0.06270285151932897,0.0024391622362767637,-0.055640483132772284,-0.002778172025549393,-0.00038965556991860014,0.009724748704846024,-0.11393815703490547,-0.026763047671673233,0.15278856840967764,0.0019499337445510613,-0.008338302717709455,0.002068023202204567,0.0004967958567478814,-0.025772619328809806,0.26243880537806835,-0.00016731707164996878,0.00010007538807879023,-0.00023219464971802484,1.4256937538443286e-05,0.0001947546806857189,5.549230870306834e-05,-0.5428250082337379,0.0
2018-06-01,2019-06-01,0.5984537326090056,-0.02277932711833377,-1.5093395102073137,-0.8637894023171845,0.8530204972090687,1.4469305881035335,0.38593051449819193,0.3740953863201649,0.3675768357971393,31.878964007147825,-0.8870513914460292,0.755005436842845,0.8542130574321188,0.7596037825598407,3.458297077329525e-07,8.639945540557378e-07,0.00011961756223194228,2.431767430006281e-05,1.4386044178457329e-05,-8.039574504498106e-05,0.0001803150442186293,0.00028556375429611956,-0.000693416575513741,2.5468055121357054e-05,0.08780669719764563,0.005684260160787205,-0.04605537766155763,0.0012550096023523963,-0.0005302288743474864,0.007533698921801874,-0.13070794978789874,-0.03214142551934273,0.13138721509303283,0.0020585445958931923,-0.008554431740905517,0.0009413746981629697,0.0010021389678866923,-0.026862930708627365,0.23774399115649839,1.277022051257121e-06,4.668929475179484e-06,6.120530562579951e-20,0.0004008653342810009,-1.6005602044176785e-20,-7.556335387378079e-05,-2.28445611575829e-07,-2.6263590705059466e-07,0.00016842673404288336,-1.3421516326310992e-05,0.00011191907605587993,-0.0002711058247611155,3.614083274914276e-05,0.00019862072201675513,-0.0009754725754599559,0.0005527629067016594,0.05472011393405101,0.0032279801798848194,-0.05036210951990013,-9.606345937317104e-05,-0.000994461143551991,0.009955703144024268,-0.12635601695133492,-0.025565276449994893,0.13791619944098601,0.0017897664375336273,-0.008932947718036204,0.0009456214251604159,0.0008035877449950209,-0.02697544427092239,0.2502577185989541,4.567496269651643e-05,3.5332435596599033e-05,-7.548519273654036e-05,0.0006142333900862493,-7.610481067499484e-05,3.279755588605975e-06,-0.4594530596116025,0.0
2018-09-01,2019-09-01,0.148203431847449,0.05562171009104813,-1.4033575398760345,-0.8445437274561614,0.8868890525553924,1.4044820682944867,0.00857137520337963,0.20969563075608427,0.20700487555073938,99.9999999999675,-1.3284584025257469,1.1658180445331099,0.8513160591971416,0.553940984556172,-7.98879725649287e-08,-1.4457199263861224e-07,0.0002138778754984511,0.00024660057626497566,7.445389430557968e-05,-0.0,2.3693362648259907e-05,2.0445375459383785e-06,-0.0006097690338205306,0.0006801462172498959,0.11175176260805088,0.00700373986205905,-0.0436038803301145,0.00325174352943788,-0.00047727006003873377,0.0062260692606625765,-0.12656040009004832,-0.03056761442861175,0.11013400330811965,0.0034199855079679424,-0.006427019832761941,-0.00010104557679753886,0.0010723649941936967,-0.03214677826573603,0.22867215146897515,1.943247879005579e-05,-1.7115704813950345e-05,0.0007753904696253795,-5.633624915136413e-20,-4.412469679028215e-20,9.378577404545474e-06,2.3552069728185606e-07,-2.159307371073383e-07,-0.00025852460897954295,1.1928883991233039e-06,-2.2997142528252062e-05,-0.0,7.629812619260196e-05,-0.0002778172708067978,-0.0009783916108623604,0.00019520124404227208,0.06506156055691814,0.0050187285061651776,-0.039728222313345815,0.002285742033234194,-0.00036260592496661985,0.007972266276074695,-0.13749415653842648,-0.02496650457256543,0.10708572721852558,0.004522464860870619,-0.005935443383811748,-0.00014563131298227388,0.0009493086854937986,-0.031222069925408057,0.22702199910817614,-6.501597096539635e-06,-2.3751396498963515e-06,0.00048672565107727334,0.00044522363035224514,-2.231132783973331e-05,2.589380815708673e-05,-0.4012643990314472,0.0
2018-12-01,2019-12-01,0.1556449901822354,0.03828935775967234,-1.3079860684565807,-0.8049846974433221,0.9440674836490153,1.5380293086977386,0.013772344461299733,0.21975938786088306,0.21153995956457144,99.99999999979602,4.771829433783562,-3.9255430212076483,0.8287209036101308,0.5526441570583027,5.715208391668434e-08,-5.593391401763498e-07,3.5903779215611724e-05,-0.0001029849254055169,6.529644002735466e-05,3.3102421610849696e-05,0.00020695771042525217,0.00043643507069864463,0.00033767122883114305,0.00030803629814327177,0.10885490234108253,0.005829801781739961,-0.04272383219324222,0.004853823930193491,6.656041980204211e-05,0.006141359972617083,-0.11649638555753555,-0.027957624694989698,0.10155117000755054,0.003614581623717526,-0.006957262224644213,-0.0015038500459494842,0.0011518339252907794,-0.032811092229509654,0.21665698160838245,-0.0001234786723784477,-1.1919995611773723e-06,5.863881642813944e-20,-0.0005018575397002863,-6.55236231806874e-20,-0.0001553282488120402,-1.2800817874787117e-07,-5.416475646424897e-07,6.008448453091448e-05,-4.651235982268876e-06,-0.00010148280499168068,-4.381300867197174e-05,8.139149909545703e-05,-0.00041713104767180926,-0.0009548547282281549,0.0005304634221684747,0.06965892539860775,0.005087111631351876,-0.03835487675269856,0.0031748411935136707,-0.0006643733979999954,0.007874035750615804,-0.1532252611756953,-0.02371635032141506,0.1113883499796726,0.004596512722326245,-0.006300715393916641,-0.00064689412222327,0.0011617037329570306,-0.03904737158256975,0.23268221977988457,-5.342749079990631e-05,2.5267315453014182e-06,0.000533331801554472,-0.0005715582510208138,-8.13204782572293e-05,0.00014087040697355913,-0.3489454603802588,0.0
2019-03-01,2020-03-01,-0.5164958313734758,0.1146762370143718,-1.3287907008429387,-0.6706300996670449,1.0040392119440915,1.5507974163936198,0.39837817991299374,0.39462339272048125,0.3929699756190415,49.98653478681624,-0.9852455477738531,0.9803105515912114,0.8455153418491403,0.22233039925584705,-9.041497630462737e-07,5.749473220594835e-07,0.00010807079016964913,0.0009623322345165266,-8.585280416058468e-06,8.296319010974953e-06,9.631768036086051e-05,0.000146163943426616,-0.00029824200555081105,0.001342423406477306,0.1054221637300206,0.0046699211794375695,-0.044910672534582675,0.0007069823430509095,-0.00043977909532476794,0.0037083069622887263,-0.11817501301420338,-0.028266538494570632,0.12254945304345309,0.0035979598191247125,-0.009363459717044574,-0.0009760765322692757,0.001207553886215774,-0.02686417830296171,0.21735821284305704,0.0002859105636456319,1.3048483111363747e-05,-0.0010519835540466827,8.623804627166622e-21,1.1954394219509382e-20,0.0003351535892573897,7.804504707265012e-07,1.6413714459557748e-06,-0.00020528780962478547,3.053251422928705e-05,-8.154090902024992e-06,-9.650041107619366e-05,-6.963636915764594e-06,-0.0002012099984003245,0.0003027432750708145,0.0002945395522508886,0.07433806363627471,0.00649765285809654,-0.04343050250150269,0.002529803541643426,-0.0002771859310391727,0.005045079654885464,-0.11542830196801629,-0.021072591644668005,0.11937917671933049,0.005736693305170383,-0.010188893145416579,-0.000980772726557859,0.001397461567597094,-0.03284412338498696,0.22403489788504846,0.00013413809706345407,0.00011664722065717554,-0.0005330796108852112,-0.00010156068681508275,-5.658276453295399e-05,-0.0001853142524447229,-0.3189183922612172,0.0
2019-06-01,2020-06-01,-1.2829630830706762,0.025865789630080467,-1.3709317533230647,-0.8150827985349419,0.9551675040482394,1.4678419094927555,1.7130330180151334,0.8925232676921905,0.8835091475055004,75.98839032630053,1.685824613922152,-1.4157904262827887,0.8602401460273138,0.06278531883459976,-1.4770170697774088e-05,-8.337594003979074e-06,-0.0007171002675590109,-7.013879670179483e-05,9.10348790552308e-06,-3.598125375199571e-05,0.00013608333333843306,0.00012279191994387257,-0.00042481605295925504,0.0015083786062082397,0.11201500518191104,0.004615025275245519,-0.042799612643493946,-0.005160690731072786,-0.00029636395251116625,0.003440367219978939,-0.13477108606636512,-0.026846303764286778,0.0960374710337356,0.0027816203900731255,-0.01016432057471558,-0.0015705807939443968,0.001150956705613844,-0.02441479499475456,0.21310417704786072,-1.0562362028125306e-05,5.212844993573817e-07,-7.945132552375418e-20,6.281117426814457e-05,7.289982142204315e-20,-3.98591532096733e-05,8.06500552221114e-06,-2.24001639517827e-05,-0.0005307062461476844,8.220015279074375e-05,2.2121175956037962e-05,3.346037030761187e-05,0.00010345231277388933,-9.42449611765865e-06,-0.00035165730588343003,0.0006831907275084266,0.07621664672669679,0.005427154650211716,-0.039800334115162365,-0.0017673105721479057,-0.0007847305554639851,0.004377329022871784,-0.14272369158449932,-0.022152207241568,0.10402359991532747,0.005916320895466446,-0.011954972265492596,-0.0016230463196494796,0.0009631635206012884,-0.0272743599218768,0.23071005266692288,3.841247166387925e-05,-2.698266059606897e-05,-0.0001266439653486385,0.001039635212943324,-0.00040804165329966083,7.177512510977224e-07,-0.28743872142902377,0.0
2019-09-01,2020-09-01,-0.8030999717637322,0.1018852524394184,-1.28812330684695,-0.6991233972483247,0.9737821871562351,1.5274461488019602,0.8189982560260266,0.5648818469979608,0.560110093417037,19.0341829809136,0.30117811816932244,-0.13946898526450785,0.8146756712589424,0.13658749949015425,3.3097685095364222e-06,-4.230167035528937e-06,1.3926158884101026e-05,2.8322742968982985e-05,5.79492189059438e-06,-3.133667204318612e-05,9.190383808833645e-05,9.86383521318521e-06,-0.0009382349273998633,0.0010258564601579444,0.10613647715594833,0.005479949474549518,-0.059959065273946954,-0.009027041015035535,-0.00029216852612845383,-0.0012064279578219517,-0.1070409293926167,-0.026951632801392775,0.08317112659798374,0.003537949533715646,-0.008469155408755551,-0.0016305414380614598,0.0012223641400467323,-0.010094676075108822,0.21349185038440208,-5.885925976942439e-05,1.2245296445816568e-05,0.0007318009231507426,7.002939163638924e-20,4.034931716520071e-20,0.00027091235974553333,5.314052095324933e-06,-2.0993716059770787e-06,0.00021705930445295487,-4.325726876471829e-05,0.00014546460988286978,-0.00010841860002207108,5.756760830990002e-05,-0.00035276957576203387,-0.0003750073256377322,0.0011919057777458472,0.07235696976653962,0.004959675760100197,-0.047138389387092916,-0.005795154496562218,-0.0008027684363633939,0.0018752679393008128,-0.12577183180810925,-0.0216084012800041,0.08824346040083075,0.003850021986576068,-0.011196406458735401,-0.0011210386056985304,0.00105775478003058,-0.01584096604377686,0.21630032143286834,-4.17278497077891e-06,-3.098862664862507e-07,0.0005125524190336675,0.00043851614964892695,0.0003506145507647666,-4.838308292195269e-05,-0.2609524347091267,0.0
2019-12-01,2020-12-01,-0.8171521987560659,0.11241366618578386,-1.3317111851453276,-0.7478998083831752,0.972168312485614,1.5491637786423538,0.8640926972650893,0.5696866121721015,0.5617522343883304,99.99999999993099,0.39411507323408523,-0.23378437423656584,0.8559437402985547,0.14169817029240428,2.0845506119034136e-06,-4.1190653957808534e-06,-8.114678585984629e-05,0.00016662179076239945,-1.575747387171356e-06,-5.595892976509959e-05,5.6974187752416506e-05,0.00043815049480747787,-0.0004725881131757557,0.0004613307599225864,0.10301251954861822,0.004174889187468268,-0.04331551573802298,-0.01096166978142522,-0.00011728106845509567,0.0017267174155270993,-0.11431247965205393,-0.02659890546212042,0.09811766273909568,0.00252893971276186,-0.00569085780714595,-0.001430098225779344,0.0005816453685924964,-0.01419494817263934,0.21289359631403848,-2.9501336890607874e-06,-2.865359534334899e-06,-1.6212538180225217e-20,-0.0007772362200929271,-1.1529083791669853e-19,2.6809863730447693e-05,1.4292338378663051e-06,4.821667058893279e-06,-0.0005553051757605698,1.6884604567409833e-05,6.036690642946816e-06,8.909760402373572e-05,5.2166899957188946e-05,0.0002375086326511668,-0.0006750041218136348,0.0007957117012821989,0.06912690211924122,0.005485410511804033,-0.04770895535900086,-0.007879626909114297,-0.00017204631008741654,0.001240177274558534,-0.1149290394007364,-0.02110358569224618,0.09416194853934276,0.003683234714607486,-0.008523805145119854,-0.00184918372048085,0.0009384502803933442,-0.012447580506486897,0.2148927401319024,-4.1930921576861285e-05,-6.283327359922936e-06,-0.00011245082127554727,-0.0008802844360755836,-2.5868553826100713e-05,1.1351344269117377e-06,-0.28058113350900643,0.0
2020-03-01,2021-03-01,-0.2455273463734641,0.1588412247340194,-1.3309739267588947,-0.7584687550691351,1.021957450782103,1.6172283630635051,0.16351394129950791,0.28326190363345916,0.27741874209552336,99.99999999999972,-1.0774831503191455,1.1059309769788612,0.8841200091059995,0.32826965213349085,-6.069547975382594e-07,-1.789490276505377e-07,-4.185735192929746e-06,-0.0003002192718863959,1.3921772146084224e-07,1.482363898732866e-05,0.0001561732898629139,-0.0002970701262120494,-0.0007337954825306117,5.052334080619382e-05,0.11253189508680217,0.0020518871871716728,-0.04578080696648354,-0.007224713882335549,1.9756214032483643e-05,-8.284294062719767e-06,-0.09668447444154457,-0.02699456005753223,0.11473585775172129,0.002194654444049977,-0.00020984858646935816,-0.003268750375368229,-4.1772971119067586e-05,-0.011353906684357618,0.21997559366355696,6.749419201873653e-06,-0.00010979678067300778,-0.001048349818648751,-3.4517037440830624e-20,3.404981530762204e-20,0.0002018480194719122,5.652152552719387e-06,-2.559739811836351e-06,-0.00031553511112919816,7.051524094835599e-05,-5.742902959552153e-06,-0.0001780747573445255,-6.79202939481063e-05,-0.00010818782962714805,-0.0005985008600406433,0.0004401937420625507,0.08501650543608957,0.0025755089209478265,-0.041819465406317216,-0.008122641265405519,-1.5050732793891122e-05,0.0013332159579215104,-0.11834229337787137,-0.02070630010918246,0.11158872610703671,0.0026773385894625756,-0.002479531612523548,-0.0011278795484617004,0.00017100765206355664,-0.01570899878987442,0.21908275001761782,2.6762084603691442e-05,8.244071614061215e-05,-0.00035257636775034787,-0.0003632482213518532,-7.126654202186136e-05,-0.00014809345746331706,-0.31769533053660265,0.0
2020-06-01,2021-06-01,0.6026508010152476,0.12764986439063647,-1.3346089210864052,-0.7977191254708468,0.9640518596793181,1.5415926893702394,0.22562588979425782,0.3091508593806468,0.31236411068028036,30.27246236368993,-0.2646004648104412,0.344577262092012,0.8673044514729074,0.7120234349038556,-1.0630926406820689e-06,5.278951355728873e-06,1.7843233157308946e-05,-0.0002340844007186057,-0.00026850726767325473,2.5244006752301857e-05,0.00014484685427879906,4.066429857083273e-05,0.002211790848343137,-0.004225444124657547,0.06664198582548159,0.0016371578809519767,-0.04342556877328038,-0.046956728085051636,-2.085345922482713e-05,0.0013912089430503701,-0.05180278160254174,-0.02721692698860027,0.1675873892539258,0.00011351964362900154,-0.005573716559223927,-0.0014336749735533911,0.0010181856301725164,-0.014753902445208644,0.23669662575983264,1.848834759882861e-06,-2.2346144785446652e-05,-1.9359184861063056e-19,7.667463653231852e-05,9.435634830694905e-21,-0.000301065566452419,-4.447199157145986e-06,-1.204181814219339e-06,5.2765766893821654e-05,7.716182304330855e-06,0.0003011187657986604,0.0005307918992932886,0.00025437475797478285,-0.00035732926739629725,-0.0005583902309554404,8.256354129508878e-05,0.049662879092439945,0.0011207198214822972,-0.03909340854181795,-0.009565821901801086,-5.0264961213896535e-05,0.003964612849868645,-0.034981943201094594,-0.022234951050599205,0.1436807712325079,0.0015072317306519924,-0.004296447293399759,-0.0027235559628439173,0.0004941904358323894,-0.017003771364321827,0.2241058240029542,2.1152673615894218e-05,1.4772881430489641e-06,-0.0004473056393329956,0.0002838898276234326,-0.0003692072034538557,-7.218752296637696e-05,-0.4200886112131765,0.0
2020-09-01,2021-09-01,0.9379541644552348,0.17040868675278395,-1.305865441472591,-0.7333341643214364,1.0849317452370375,1.6686818816825228,0.5891260603414835,0.4656009463507588,0.4592089340940462,99.99999999998943,-0.6000569236184765,0.7034001520862637,0.8910046759145854,0.8057930276443226,-5.428781199243679e-06,7.433916593583606e-06,-0.001424016506590672,-0.0027295808184176493,-1.1644754355852536e-05,1.8691675648418267e-05,-3.656211893032796e-05,-0.0002914076981893438,0.006644099149699448,-0.012643200404238691,0.12887636171739603,0.0006848862609746304,-0.052531766266072165,-0.02166266768004897,-0.00016103551890196688,0.0029837630557111913,-0.07268211679604257,-0.03174973008832437,0.1792431407440853,-0.0019085411411754614,-0.010514303940530271,-0.0007259019325798701,0.001469691867924096,-0.010737584396876644,0.24819903379029196,-4.251624196243913e-06,6.877826112890659e-07,0.0006128577387859672,-1.6763319320480472e-19,9.226008751155475e-20,0.0003175834266036794,-6.859666873828113e-06,1.20900370916691e-05,-0.0004119138437047643,7.172857696945049e-05,0.00011924188781265311,-0.00027622375888354674,-1.7987034428585836e-05,9.18616503770309e-05,0.0011179538136021625,-0.0026774947072317097,0.09812264200173954,0.0015050883497813186,-0.04670069880976419,-0.02267187427078093,-0.0001543399572044075,0.0035825096565535587,-0.07791413931161396,-0.02565259536290363,0.17852726414192793,0.00021127691820735375,-0.00920732885862893,3.7370052837727394e-05,0.0010914887892735296,-0.012450030479570327,0.2543178431297347,2.5536868222822746e-06,4.417228562627298e-06,0.001174253287991573,-1.2555234182504639e-05,0.0001768230553052877,-3.925410881546261e-05,-0.5180278220237818,0.0
2020-12-01,2021-12-01,1.5194969502536182,0.1358037165923457,-1.2427222237130289,-0.7569188991722959,1.0824473534684718,1.6791157196992912,1.9146069648799893,0.9052835603462336,0.8997040207098352,99.99999999999999,2.496277236045304,-2.045019849206917,0.8804747845135371,0.9309504863836684,-1.9573302910848365e-06,-1.428759301736538e-06,0.00010859328993312996,0.0014576632325343918,0.00034473358558957445,1.8341323968254068e-05,5.9201603561676405e-05,-4.4013570812028877e-05,-0.005259342163755015,0.009793315590747914,0.135913681862217,0.0006295350256764943,-0.055558663227958445,-0.008812086402754292,0.00035790453969737233,0.003455751090190492,-0.07168900956547647,-0.033022837004081956,0.18537709574126887,-0.001487465777329534,-0.013102420789063865,0.0008714829339923765,0.0026288151787910957,-0.00712860226324213,0.24649531769909064,-1.7394744946489105e-05,-3.1905885668467256e-05,5.665425874139457e-20,0.00024906513362099906,-1.39490838771702e-20,-3.077028940373872e-05,-1.1770560856341197e-05,-2.573762213996317e-06,0.0006353663084245853,9.632709790457704e-06,-0.00010847092179715676,-0.0,3.566004824861785e-05,4.91793877260253e-05,0.008494581134999781,-0.013963008505954243,0.10697762460170647,0.00020367804717594685,-0.05467227319608731,-0.01029300186795104,-0.00026450045884570983,0.0033379859812984187,-0.0700627971927431,-0.02667957655746962,0.18592427942131576,-0.0022356473219323552,-0.012431856094341498,0.0005868775684258855,0.0013896255339661385,-0.00932639550970024,0.2540751205657211,7.461844765600994e-05,-3.566097096120893e-05,0.0003684507612060739,-9.543274706374015e-05,-0.00042081533288031836,-2.976971296467774e-05,-0.5780492427050485,0.0
2021-03-01,2022-03-01,2.3581675787721856,0.18203076360173948,-1.2835055708780962,-0.735825886193688,1.0214319391350146,1.5775196869730919,4.735571438340173,1.7300970318370152,1.712311176409685,99.99999999999996,-2.694452341792279,2.465426413192272,0.8508126185350847,0.9948944718368806,-1.3619830164254837e-05,-1.2934172107507342e-05,4.4864738568664454e-05,0.0004309621989007634,8.0978363803696e-05,7.64782256445048e-05,0.00026476076642376663,0.00014894121192105369,-0.0005227704541072562,0.00033443761376503086,0.13517815405578382,0.0006189723312767027,-0.05584392841288069,-0.0037521481503357693,0.00155747280848527,0.005974466930660419,-0.10106422365424172,-0.034214598338963995,0.22498181519031576,-0.0014913388518338656,-0.016530658407450126,-0.0006310863029866021,0.004530812070764945,-0.008914531946931642,0.26030992379932416,0.0002046456688398252,-4.974747298939912e-05,-0.0005316594709347943,6.694171987858101e-21,3.1418884523341333e-20,0.00017631004557216702,9.457868584437657e-06,-1.1332997686085527e-05,7.927863042737886e-05,-1.8685230955086623e-08,0.00018847289663196387,-0.00022189793664588873,4.047218571408743e-05,-6.184355221468556e-05,-0.007419604296959595,0.010418283521895798,0.09057888688136181,0.00045570948238600776,-0.05385420906298639,-0.003997687871952607,-0.0006051539721355043,0.003525577035216839,-0.09365914926926086,-0.028597794043447193,0.20626926792927644,-0.0018047581556444971,-0.018826316806346253,0.0007994248219147857,0.002754673824720231,-0.008730869683917748,0.26442582772898826,-3.780492332999004e-05,1.2307281724435456e-05,-0.0006738181534492209,-2.155365616401286e-05,5.68740895837277e-05,3.7628371950143516e-05,-0.6150042543829937,0.0
2021-06-01,2022-06-01,3.3289415700122227,0.12160396694460016,-1.2901151939151427,-0.7425768909906755,1.0050325537440465,1.5277515300258662,10.287014500051562,2.734498800080389,2.7154677007706685,99.99999999997101,-0.6804007665174514,0.7134462255671155,0.8634026437001867,0.9998535634419332,-2.5349125423917513e-05,1.9040117169469864e-05,0.0002907458744233811,0.00048406501092258423,4.774928193440309e-05,5.872896634619547e-05,-2.6680480126970688e-05,-0.00011744393342580158,-0.0004664626319053613,0.0008623597843505573,0.08975093064474127,0.0013376110923683402,-0.053667922172134216,0.004631597435724264,-0.0006602781658606499,0.0073303714108744165,-0.10667693070982467,-0.03366932556965065,0.18085143554563926,0.00046195796453757636,-0.011138864726941469,-1.9270898176395285e-05,0.0021064441160436984,-0.013870450470894777,0.24638407684598507,6.421327903937066e-06,8.24247798693635e-06,-9.996751782144055e-20,3.857678431042322e-05,-5.894532549954735e-20,-0.00018507736380610941,-4.05898396677167e-05,1.2918504592878834e-05,0.000447100116721563,-2.8798863173480403e-05,-7.705675808105949e-05,-5.4250099096091824e-05,0.0002111250251906111,0.0005645795755972599,-0.0005485008912315363,0.0003043423433521993,0.06740547994363479,7.908442817359977e-05,-0.05328625785135772,0.0022134687296945037,-0.0014466450361955445,0.007031482726763387,-0.11132907529657401,-0.027452605430338742,0.19319028519911252,-0.0014828666324883742,-0.017482797114524214,-6.1747072151662e-05,0.001833276177540947,-0.013833549164445106,0.25536598809433153,-6.261468486871117e-05,7.711049422069415e-05,-0.0003600329327893313,0.0004735050107448799,-4.5646613199438475e-05,-6.365491475511269e-05,-0.4749769963205303,0.0
2021-09-01,2022-09-01,3.200711551913216,0.08066891521729973,-1.3540865023556885,-0.7468634551366112,0.9616988722297162,1.5288119818908177,9.734666054800405,2.638479854640127,2.616705535787595,42.06091738535676,0.002092723635659968,0.0913717509939548,0.852089243187785,0.9996370322280645,-2.8511894924192466e-05,-7.066970962905503e-05,0.0006773570556006642,0.0002448428854321388,-2.904351278027362e-05,1.0372363044748157e-05,2.5562452666769537e-05,-8.9106956228468e-06,-0.002701556560407464,-0.0020540863254877267,0.04965798588184771,0.0013606810220335465,-0.05526807190909567,0.006289384324123845,-0.0007060186392170476,0.004008329719619748,-0.11598961142513829,-0.03299443114472981,0.163468867411364,0.0010391197762651418,-0.008170869999807418,0.0007203312768186467,0.002090422805622206,-0.010067977935917556,0.2564747043031607,6.319350481284487e-06,-3.4396635348307584e-06,0.0009322917872284214,1.7174973185392692e-20,-3.196450939828991e-20,7.568880417878899e-06,-1.109657196212968e-05,-1.2490327450485891e-05,0.0007275145248003891,6.550242255828664e-05,-4.638593726523122e-05,-0.000400556459085183,7.815834280884807e-05,9.027026952373082e-05,-0.00031492338476859523,-4.190793192540191e-05,0.03533148664133727,0.00048678015589573786,-0.05216286183302698,0.0034163563453871388,-0.0007031492746550628,0.006347030911538907,-0.12944552499943746,-0.026927974222085992,0.16116122141360187,0.0007020776007986962,-0.01162820097957835,-0.001114890120263977,0.0006537388494996087,-0.01357147675149206,0.24154590142824173,-1.8916450916185558e-05,1.5235425887479776e-07,0.0009484961927328429,0.0005485537509936066,7.043139450875639e-06,-0.00010931163438663778,-0.4099192067381026,0.0
2021-12-01,2022-12-01,2.8007230080850043,-0.0023455626599046195,-1.401765106987722,-0.815138099970142,0.873317487841562,1.4812972802248654,7.857193412297906,2.318990238299467,2.297138599360287,25.45079687079637,0.3290387295070598,-0.2617328651448009,0.8290706777002085,0.9985462093465527,-8.942674600423924e-07,1.2297631905836604e-05,0.0003709137110721492,0.000182995405676871,-4.6184454169880866e-05,6.071970631142083e-05,2.4454492296888378e-05,-0.00012071829634799452,-0.0016398972138817226,-0.0006263405184828594,0.05302869675011097,-0.0011294915196662556,-0.04534240881661973,0.006483691602848064,-0.00040894413433353546,0.005196651373731271,-0.1379100612786658,-0.03135147250281724,0.1509137286424496,-0.0005760486080875367,-0.005460624334878212,7.96682891125128e-06,0.0014203261936478577,-0.01769545013354237,0.2375193882004,4.187825890532017e-05,1.1086319697757567e-06,2.367690631915932e-19,0.00032349224874734145,-1.5696292338148935e-19,5.4754227663651865e-05,-9.23711669449072e-06,3.475419274559646e-05,0.0003417475871058583,4.846415180123522e-05,5.085317941922945e-06,5.8694143287946826e-05,4.758586741455901e-05,0.0002647857901340617,-0.0029245228398073523,-0.0011129482227457345,0.0453167584169905,-0.000673006193801125,-0.04352519561897159,0.002445810354164813,-0.0010375513390895477,0.007277965489246805,-0.15192197895914022,-0.02392683390426932,0.15712053113727728,3.671787559415701e-05,-0.010507640766232612,-0.0010160902007156616,0.0008932903933540184,-0.020794555302772355,0.23714704133785475,-8.199905069588274e-06,-1.7345456160327695e-05,0.0008980150985343836,-0.00047258483764980327,7.412346688119143e-05,-5.378399494466515e-06,-0.3712200432396506,0.0
2022-03-01,2023-03-01,2.90276082002201,0.043496089005335546,-1.4701585486956144,-0.8615278871037293,0.9350861698620667,1.5481334107927183,8.175394802035855,2.3801439125059303,2.3582757387789433,99.99999999999834,0.35045963551086634,-0.28028119400835133,0.8946445984269425,0.9990440857239565,-5.93921713346892e-06,-3.2417760905865694e-06,0.0005988878430545375,0.0005564180619423495,2.110553114623246e-05,0.00031206451499795446,0.0002204402461803107,0.00017348815563020232,-4.8446502464597234e-06,5.2034039781327385e-05,0.05411403973426102,-0.003828280557119386,-0.025187837825384363,0.005314826715745924,-0.00030503391001506907,0.006506908701576636,-0.17271973067112095,-0.02816907010609109,0.1719382335405258,-0.0020629713652675747,-0.0015805709660965232,-0.0006428580781311826,0.0016951042579632812,-0.03885157939645141,0.2233668497216201,0.000346774721142642,-2.7620417087737235e-05,5.486946864574779e-06,1.0369815177447607e-19,5.864339952441718e-20,0.000602280556747522,-5.3504337953911215e-05,2.3538096512931582e-05,0.0002717555177915097,-1.7935986345095416e-06,-2.770673768519154e-05,-8.496443923849617e-05,-2.5941598335775556e-05,-0.0001918948607528709,-0.000408922284298346,0.0005053272163684135,0.0422133566751896,-0.005183837166667458,-0.03375444798275088,0.003603053193334889,-0.00045810908177438625,0.006101197044112211,-0.1643665950444697,-0.023304413798038798,0.16882759466654307,-0.0010381327064073109,-0.003769107402412322,0.000336521709422021,0.0010558423131078662,-0.031624334516730176,0.22385766586523073,-0.0002780391408602425,2.9618304524464903e-05,-0.0006162173813035187,0.0004346076274014255,0.0001622596044450833,-5.3510439808020116e-05,-0.313153354417122,0.0
2022-06-01,2023-06-01,1.6964060734045994,0.361173524999609,-1.2742821188400228,-0.5759576190288151,1.43167582104901,2.0977420237146296,1.7828459583200846,0.8311059712852683,0.821443892405729,99.9999999999998,-0.2586501674245042,0.6617989301334976,1.0068781611196693,0.8997732431671093,-1.1799969387968878e-09,-3.6845056083835578e-09,6.789195573902138e-08,2.9255944274504585e-07,1.4453850430018393e-08,-7.710931265641582e-08,1.310176765138368e-07,3.1948654781044944e-08,-5.576388084755782e-09,3.333102534538093e-08,2.160123442328822e-06,7.873005572800566e-07,-9.652980762189563e-08,-7.042147386483357e-08,-3.6025493060032223e-09,1.2485852254560121e-06,-9.694803493919069e-07,-1.0104403366395161e-06,-5.588307865355958e-07,1.3604219051280598e-06,2.6772878723090707e-09,9.44894132168103e-07,-5.272208403515297e-08,-4.968958102183628e-07,-1.6943647516543338e-05,-1.4251930581096443e-07,5.842444522524764e-08,-2.739058301729112e-23,2.629203596167743e-07,6.760552408551662e-23,-6.205029744721931e-08,4.404712475177135e-09,7.241105202931434e-09,2.2542864185370466e-08,-1.3118496419382794e-08,-1.0144915730916038e-07,1.518448611534373e-08,3.443135436953377e-08,1.0073189770405482e-09,-8.752718883509134e-08,7.809756645282746e-08,1.7828541095656753e-06,-4.578310244239751e-07,-2.9547793545856147e-08,1.8871225873549468e-07,-8.869498922725959e-09,3.2967832400425505e-07,1.1451179388616355e-06,-3.747841664898933e-07,-1.6346116426904946e-06,-1.6721957479991415e-07,-9.361613962680785e-08,-2.0843568701091458e-07,5.556084929223765e-09,-7.993762593503506e-07,1.2199582218030968e-05,1.0841761584175844e-07,9.393207691848865e-08,-2.1328174503997868e-07,4.58689183760801e-08,-3.4900632428186693e-08,6.60394468429681e-08,0.3663611178260114,0.0
2022-09-01,2023-09-01,1.6411246257645118,0.38656379093317195,-1.3879874509709418,-0.644528561854944,1.435496006387415,2.0692334790048568,1.573922888292708,0.7828137109233776,0.775677321141451,46.27354237842241,-1.3940250239176755,1.8424566625313523,1.0287588790309752,0.884761063971165,2.502705831891777e-09,1.0951492004378829e-08,-3.482786977221645e-07,-5.7603115091649504e-08,2.275665049848319e-08,-3.3089098905792964e-08,-6.493075772080197e-09,-2.4528779133430926e-08,-3.913111580146336e-08,-4.6098585419482365e-08,7.766918011401158e-07,1.7734272467194632e-06,-7.122493710291702e-08,-1.2515546961702543e-07,-1.3226095074836791e-08,1.7880925493036518e-06,-5.7887775366716e-07,-2.996587847328643e-07,-1.5940410682841607e-06,5.100108364841301e-07,-3.590710131398138e-08,1.0922513410630416e-06,2.591597205269183e-07,6.103002048943896e-08,2.881045788433214e-06,3.7965677959399766e-08,4.4756377117723406e-11,-3.678574477080799e-07,9.438721453770062e-24,-8.102348587768618e-23,-2.4797356932693915e-07,4.943022878503402e-09,-5.362444204744032e-09,7.023014878884738e-08,-2.864919032022395e-08,-2.1920033002314007e-10,-2.242873511865081e-08,3.17978018281877e-08,7.871101402374476e-08,-7.949428355788955e-09,3.3899299115271745e-08,1.5803111894623379e-06,8.99962627703916e-07,-9.316097887756346e-08,-1.1633003636300373e-07,-2.1937901190460956e-09,6.103415416694055e-07,2.9403293991939986e-06,-1.0881692599732791e-07,3.204463715110623e-07,-7.649124189826276e-07,1.935997015810235e-09,5.450499375661261e-08,-6.264962237756078e-08,5.450351291084508e-07,-3.0789319389828076e-06,2.964595553397363e-08,-2.2392813264573465e-08,-9.924016920207959e-08,-2.6465845755341813e-08,4.771718262257137e-08,-1.76328576525368e-07,0.41065170127819245,0.0
2022-12-01,2023-12-01,1.7003510972565472,0.38646881638429476,-1.243943648245828,-0.621113112691968,1.4176281304795064,2.230031740848501,1.7262866479900727,0.8323341153042284,0.8212809238229648,32.20099665588759,0.8534956806368835,-0.4838754692909867,1.0181511469716844,0.89111053931926,-6.169489221393568e-10,-2.056009103268277e-08,1.4501516677919923e-09,-4.449890716507811e-08,1.572817954091905e-08,-2.330677859296124e-07,-5.5171334826516246e-08,4.127801205364233e-08,1.2220107482550943e-08,8.232925620321169e-09,-9.303210083631889e-07,4.924088374393203e-07,-4.951711542393857e-07,1.241092928795277e-08,2.3883845385379322e-08,-1.1181511699117513e-07,-1.7726415734213217e-06,-4.5115676268760663e-08,-2.0887292345227306e-07,1.9476985528052166e-07,3.503108345708392e-08,5.56091980038833e-07,3.544317845042441e-09,-4.020480332014731e-07,4.739383881280669e-06,-2.2408292795888487e-08,1.4686288396931604e-08,-3.770903160378565e-23,3.2270315633635224e-07,1.3546730242879667e-22,2.571382348609032e-07,2.0810369064345506e-09,1.9474761680789906e-09,-5.962674568267635e-08,3.3213893065225574e-09,-1.06546233074282e-08,-1.4405452852145698e-08,2.4155008764996847e-09,-3.0196236741668144e-09,3.911358119806572e-08,1.3696349313804334e-07,4.1257786872221935e-06,5.886385102633943e-07,3.558008342409128e-07,1.916273571271979e-09,8.08533770815811e-08,-2.2084200036798315e-07,-4.2426983267749676e-07,-3.106804938175295e-07,2.542039747630909e-06,2.6203512256974642e-06,1.215420413348581e-08,4.107394267776981e-07,-3.677346250147276e-08,6.995366020910949e-07,-5.871627394976235e-06,-2.623087739839754e-09,-3.8532073696951776e-09,1.2622900502897996e-07,6.76042789196549e-07,-5.35605157100593e-08,6.57726256805385e-08,0.44340756520523517,0.0
2023-03-01,2024-03-01,1.0394923498330932,0.4487465543104647,-1.274855207241196,-0.5945868843307284,1.5935467256905085,2.3550589186262325,0.3489805949276632,0.3816277898886046,0.3721430452115744,99.99999999998992,4.716040085359332,-4.439516928185939,1.0379529183500282,0.6965367274001741,3.4689114149145675e-09,9.07934733200206e-09,-5.855840926885882e-09,1.0438107040447618e-07,8.639252865722514e-10,-7.913891765480248e-08,1.1141980091300517e-10,-4.5450768377774825e-09,1.6525235594891867e-09,7.410896614506713e-09,2.87400763144789e-06,2.5293757048773426e-06,4.584252724344521e-07,2.3107446726647407e-08,5.689922836777602e-07,-2.8550356571944805e-07,-8.516019692052736e-07,-5.246206753087478e-08,2.4050496848069938e-06,-1.5479800314702044e-06,-1.1211876315188118e-08,3.8776547661346963e-07,4.105824008665946e-09,-6.74399499415895e-07,-1.631805797502798e-05,-7.418779399659173e-09,2.8496030866073218e-08,4.317720276063772e-08,-5.476731737570411e-24,1.7216090722012953e-23,-4.75505625054744e-08,4.000538095145958e-09,4.713459034632963e-09,-2.5960739587800535e-08,3.86992964733981e-09,-3.830711140949609e-08,1.9873659909471746e-07,-2.4389737293229026e-07,-2.067622940488408e-08,-4.133423783661315e-08,1.679622180820408e-08,2.0140243293482895e-06,-6.212119579229188e-07,-5.712718573315973e-07,-8.001587112760434e-09,-3.3396912686277984e-07,1.7614840979122962e-07,5.286739148568633e-07,-6.065964914978929e-08,-3.3358298127844733e-06,-1.3688162318582545e-06,-2.3458319691339904e-08,3.2950606233650897e-09,-3.027720771896603e-07,-6.114347564814929e-08,2.163120214283934e-06,-2.395283700216256e-07,3.214121465417769e-07,-2.9352170858591683e-07,5.529930712422801e-07,1.39211407572059e-07,4.6345243710068623e-08,0.4813544592930135,0.0
2023-06-01,2024-06-01,1.3193296569814272,0.5246312625770932,-1.3102377741683444,-0.5841298305428096,1.572694205625056,2.3874440153034677,0.6315455380688264,0.4894766924529895,0.48601843714542925,15.576756629424052,-0.0006926310539486383,0.510505565310331,1.0582146697752084,0.7721601057474119,7.189615693800761e-09,1.0466790583446116e-08,-3.289570321608497e-07,-6.9715861886465e-09,1.1163235625385307e-07,7.044988432866782e-08,-1.1094091258588189e-07,-4.474027547549246e-08,-1.495914014312812e-07,-7.067791982024471e-09,-3.416029509973147e-06,-2.622187860988194e-06,1.4021245306731529e-06,9.258707999400852e-08,-5.354855399598825e-07,-1.871333538946669e-07,-9.261074059063712e-07,1.703506025477386e-06,2.872862845346916e-08,8.858623042294351e-07,-4.184177542660194e-08,1.988995171523154e-06,-2.2012526310458974e-07,2.6190240101845305e-07,6.536482079512828e-07,-7.052061112762088e-09,8.436720136993065e-09,-1.9157492477671095e-23,-1.228753796357497e-07,7.13078313090788e-24,1.7078097104042957e-07,3.2540803116276908e-09,-7.529127525058575e-09,-2.1489029472724493e-07,-1.1094425368510592e-08,7.122450959779466e-10,-3.7804520260497915e-08,4.4726576636407714e-09,-4.071204160161743e-09,1.1345948178925499e-08,4.118061324283256e-09,-1.5720890150246781e-06,-3.881721394330117e-07,2.4183873914163765e-07,-1.54744457338313e-08,4.3075200416384225e-07,1.9946938072579053e-07,-1.4517896845409704e-06,-3.496121895107942e-06,-9.90730672322193e-07,-9.00039847881981e-09,-1.7778274194248685e-07,4.117351963867909e-07,5.199553425810202e-07,3.469419038556542e-09,2.829871114562943e-06,1.2914619352548193e-07,6.160264816680435e-08,2.344438541328093e-08,5.106425444667602e-07,-1.1773842135144298e-07,1.5298716187484736e-07,0.5042947866918115,0.0
2023-09-01,2024-09-01,0.8394445411443741,0.49483150370206264,-1.3863274069371787,-0.6335822216363525,1.5655241735892391,2.3196458610008257,0.11875814557521594,0.2972855719974341,0.29390302995876494,30.749976212622478,-1.257796220471104,1.8704836096213282,1.0664068168393024,0.616613184986074,8.026338036673093e-10,-4.774145406508943e-10,7.880672471733921e-08,1.9917559273748209e-07,-1.1409469603719675e-07,-2.026196800685845e-08,1.5359898057323356e-08,-1.6137159436268737e-07,1.2110386065723951e-08,6.740942407270215e-09,-3.153093813235639e-06,-1.52560137968657e-06,1.0214242805983553e-07,-6.054305059765144e-07,-1.0922536523264818e-06,3.886572920299457e-07,6.833028199535434e-07,1.4601323889558553e-06,-2.6813970981693788e-06,4.4483949798171863e-07,-7.49873210308405e-08,-1.886418885992427e-06,-1.2093852036330397e-07,-2.513381056560376e-08,-4.115782323037705e-06,2.9637955668451257e-08,-7.714781444546586e-09,5.176338379319617e-07,4.532589529676204e-23,-3.581004388182903e-23,2.8954920177126713e-07,-3.6955558053090866e-09,2.643305479684937e-09,-3.493916814756427e-08,-6.138946881366455e-10,3.632652397940867e-08,-3.325218522506437e-08,-9.607055331206705e-09,-8.021457577433396e-10,-2.073537639903382e-07,8.930976523114636e-09,-2.3723525421334737e-06,1.1600025334559558e-06,1.3862108942213366e-06,1.3828924596897694e-07,-1.1826440765218902e-06,-2.017620443536996e-07,5.259383977807991e-08,-7.552163055593555e-07,1.9487601083961383e-06,1.5355668532265926e-06,3.9694819839921075e-07,4.1295735423952154e-07,-1.2322080816879625e-06,-3.9300453491768086e-07,1.070011548006729e-05,-6.221392014931961e-09,3.933668625370911e-09,-1.9208196981771968e-07,-2.7906356801809193e-08,-2.344032062561078e-07,4.1886581066791114e-08,0.5148112503493811,0.0
2023-12-01,2024-12-01,0.6244731695070449,0.522884451368272,-1.272211854475679,-0.5749942956911407,1.6116221995627358,2.43576955665214,0.010320267653079047,0.2694538069521531,0.2652322569975402,99.99999999999999,1.914479630028109,-1.5952322732715376,1.1046667981003762,0.5354463618623235,-4.910951356830038e-09,-8.097815602384227e-09,-1.116679549243174e-08,-1.0492089872824803e-07,-0.0,-3.3129300561293656e-08,3.2911276564898255e-09,-1.320818008733804e-08,1.537678511047641e-08,-7.577877693597947e-09,-3.4355249236063196e-06,2.5671888369257286e-06,9.655240948462243e-07,-1.0257893602990044e-07,2.944706192575434e-06,4.31686494354243e-07,-1.140412548120033e-06,-2.559880262752889e-06,3.4622717431615702e-06,5.547408601139755e-07,1.4318106767025243e-07,2.2259009938907683e-07,-2.59357321081051e-07,1.5683837261937786e-08,8.480253430462317e-06,2.5323471829737146e-08,-4.406786630843195e-08,-4.0402440835196844e-23,-7.628667748070987e-07,1.8893960904286546e-22,-8.021482843365906e-08,4.20881503292637e-09,1.3419693114163188e-08,1.4862456050224998e-08,-1.1987347219579969e-09,2.2306244428557487e-09,-1.286451541695897e-07,2.8297121175827884e-08,4.068543816845698e-08,-2.5225870318064995e-09,-4.524096769284676e-09,-2.3190540737935976e-06,-1.1524087244372573e-06,-7.64974669226181e-08,6.57817621696345e-07,-1.3381427980015935e-07,7.009154698519777e-08,5.987844128460796e-07,3.6163174620367075e-06,1.6183103611872555e-06,1.6039341931876155e-06,3.4045933484006185e-07,1.5396261165577667e-06,-4.930597376768294e-08,2.1221194776705082e-07,-6.6460260341424555e-06,1.789519617863881e-07,1.4153525343853642e-10,4.4220231458342614e-07,3.3715684747096655e-07,-9.604730007685873e-08,1.8779026783763637e-07,0.529851661771514,0.0
2024-03-01,2025-03-01,0.34172165348334,0.5479186309526077,-1.2784553655480553,-0.6063548388687379,1.6423945457291738,2.3333665676564848,0.04251719351746171,0.28023772298981603,0.273359184626555,99.99999999987806,-0.6582079347260766,1.2592071382142138,1.1120011688378355,0.43465828264450357,-1.0927215092461457e-09,2.2765616581980336e-09,-1.5700661918757398e-08,8.654025135712458e-09,-1.8893405557514723e-08,-1.0000314951018893e-07,-3.3013576388144825e-08,6.705958307399994e-08,-5.003533576889188e-08,-3.466831878081674e-09,-1.805367323790988e-06,9.715736704336806e-07,-1.697718925564702e-06,1.0779754223980979e-07,7.13556870049976e-07,2.174369661490873e-07,5.160807288997426e-07,1.3781945437451137e-06,-1.0816557676015786e-06,-1.2677886432180722e-06,-3.083184860206878e-07,6.815227836556987e-07,-1.982028227534242e-06,2.3176277923113358e-08,-4.7884282190572244e-06,1.2644287755484684e-08,-7.842720000772793e-09,-8.060844077975052e-08,-2.2053865184840743e-23,-4.405144273383585e-24,4.955809579380843e-09,2.0526949702734122e-11,6.611832314227867e-09,-4.137110430606208e-08,1.1812985709358e-08,-2.5319515421545614e-09,-1.6864899543215934e-08,-7.678613368347749e-08,1.7983599844140215e-07,4.9745744905926866e-09,7.325836823695516e-09,-4.157300619582954e-06,-9.038181916961285e-07,2.237509494394276e-06,-3.9616539350707384e-07,5.133175930210578e-08,-9.064342320494522e-07,2.1932547377163504e-06,1.1238400857540003e-06,-2.9819731659998076e-06,9.269202939638603e-09,-2.7121900994599903e-07,8.186583598101826e-07,-3.0880724153270936e-07,3.1722079518816567e-07,6.908732394613845e-07,-4.266770952350192e-10,7.864698030501432e-08,1.3594410884583163e-07,-5.873771953222002e-08,-1.0311126225400293e-07,-6.525322819050032e-08,0.537796629982708,0.0
