Date,Target_date,Actual_direct,Forecast_median_direct,CRPS_direct_parametric,CRPS_direct_empirical,RMSE_direct,PIT_direct,df_skewt_direct,nc_skewt_direct,loc_skewt_direct,scale_skewt_direct,Actual_YoY,Forecast_median_YoY,q05_YoY,q16_YoY,q84_YoY,q95_YoY,BaseEffect_YoY_expost,CRPS_YoY_timesafe_parametric,CRPS_YoY_timesafe_empirical,SHAP_Shap_target_headline_6m_lag2,SHAP_Shap_PPI_lag2,SHAP_Shap_real_turnover_lag2,SHAP_Shap_retail_turnover_lag2,SHAP_Shap_Manufacturing_EU_lag2,SHAP_Shap_Vol_loans_lag2,SHAP_Shap_Exchange_Rate_CHF_lag2,SHAP_Shap_gdp_index_ch_lag2,SHAP_Shap_gdp_index_eu_lag2,SHAP_Shap_fin_spread_lag2,SHAP_Shap_EU_fin_spread_lag2,SHAP_Shap_Business_Confidence_EU_lag2,SHAP_Shap_oilprices_lag2,SHAP_Shap_variable_mortgages_lag2,SHAP_Shap_unemployment_rate_lag2,SHAP_Shap_M3_change_lag2,SHAP_Shap_infl_e_current_year_lag2,SHAP_Shap_Saron_Rate_lag2,SHAP_Shap_kofbarometer_lag2,SHAP_Shap_infl_e_next_year_lag2,SHAP_Shap_CH_2int_lag2,SHAP_Shap_M1_change_lag2,SHAP_Shap_Wage_change_lag2,SHAP_Shap_M2_change_lag2,SHAP_Shap_headline_1m_lag2,SHAP_Shap_core_1m_lag2,SHAP_Shap_time_index_length_lag2,SHAP_Shap_sin_cycle_1_lag2,SHAP_Shap_cos_cycle_1_lag2,SHAP_Shap_sin_cycle_2_lag2,SHAP_Shap_cos_cycle_2_lag2,SHAP_Shap_target_headline_6m_lag3,SHAP_Shap_PPI_lag3,SHAP_Shap_real_turnover_lag3,SHAP_Shap_retail_turnover_lag3,SHAP_Shap_Manufacturing_EU_lag3,SHAP_Shap_Vol_loans_lag3,SHAP_Shap_Exchange_Rate_CHF_lag3,SHAP_Shap_gdp_index_ch_lag3,SHAP_Shap_gdp_index_eu_lag3,SHAP_Shap_fin_spread_lag3,SHAP_Shap_EU_fin_spread_lag3,SHAP_Shap_Business_Confidence_EU_lag3,SHAP_Shap_oilprices_lag3,SHAP_Shap_variable_mortgages_lag3,SHAP_Shap_unemployment_rate_lag3,SHAP_Shap_M3_change_lag3,SHAP_Shap_infl_e_current_year_lag3,SHAP_Shap_Saron_Rate_lag3,SHAP_Shap_kofbarometer_lag3,SHAP_Shap_infl_e_next_year_lag3,SHAP_Shap_CH_2int_lag3,SHAP_Shap_M1_change_lag3,SHAP_Shap_Wage_change_lag3,SHAP_Shap_M2_change_lag3,SHAP_Shap_headline_1m_lag3,SHAP_Shap_core_1m_lag3,SHAP_Shap_time_index_length_lag3,SHAP_Shap_sin_cycle_1_lag3,SHAP_Shap_cos_cycle_1_lag3,SHAP_Shap_sin_cycle_2_lag3,SHAP_Shap_cos_cycle_2_lag3,SHAP_Shap_Constant
2012-09-01,2013-03-01,-0.3366209579754198,-0.1960299757508882,0.3355205775899718,0.33503561679232025,0.019765824282858557,0.4685840614928513,56.875013165127534,0.16096008709634177,-0.45287707661888366,1.4093379698451733,-0.5953826692453035,-0.5250871781330377,-1.7075089931943577,-1.247284872235494,0.17270399979093234,0.6698069849210682,-0.4270721902575936,0.1943303344733643,0.1930884349552218,3.5046580383189474e-06,-5.477754315207724e-08,-1.2555063017329812e-07,-1.3025417929542295e-07,-6.05077403315307e-08,-4.156677289748909e-09,-6.601366381066516e-08,1.5625412491365045e-08,-2.3875698671176557e-08,-9.230264409392764e-08,2.1584627953708475e-06,1.8057198235708705e-06,1.744063738164749e-05,-2.595591336212796e-07,1.3727842371439428e-06,1.5482698896629231e-06,-2.634743054396555e-08,-2.3311880947663213e-08,3.3959890400083184e-05,-6.629712244156642e-07,-6.049913334071594e-08,-7.70083294329369e-07,3.369612587967623e-07,1.3747784532463078e-07,9.25203966127598e-08,-6.685132444008934e-08,280.15083780357054,1.555788922456455e-07,1.8550915339932288e-07,-2.02475466704928e-07,-1.1494373522140703e-07,2.125124674681887e-07,2.1166103428560016e-09,-1.243504001999953e-07,4.2005028468013255e-07,1.846281763411339e-08,2.6877008275269835e-08,-1.2803960248888737e-07,1.2611316856579756e-07,-3.631773204057383e-08,1.0722916307603191e-07,2.209427093817556e-07,-2.345894872889638e-06,-8.653390756878738e-06,1.5973986540064365e-06,3.0470401934006355e-07,-7.811454039993315e-07,-3.21689147277394e-08,4.561538614338105e-09,-1.03551601371389e-05,-2.0190784648965213e-07,2.6539297895825532e-09,-2.1888328026498694e-06,-3.954696103406229e-07,-3.2696616395416556e-06,6.967577936451653e-08,-6.337642280860303e-09,-280.37886289122537,1.9859875713098517e-23,1.5871369568882075e-07,-4.0246301663144045e-23,4.387306239472891e-07,0.04793694900829091
2012-12-01,2013-06-01,0.9850075444305162,-0.30626908376440043,0.7860680619265223,0.7907669210678278,1.667395330522433,0.8157657493535412,99.99999999999999,2.100405295812164,-3.3522865205288985,1.4325562855963125,-0.1279526276012355,-0.7735909416986938,-2.004833358321675,-1.5107738811235227,-0.05018211044506066,0.4302366365557093,-0.6204563998164936,0.1776284779618992,0.1793900436502814,1.2445343538038473e-06,-3.09124453371154e-08,-4.014979190205487e-08,-1.3754556153553087e-07,8.304254367240524e-08,-7.792917229406349e-08,-4.414351663322177e-08,4.5579873871734834e-08,6.111981991939177e-08,-3.161003331425279e-08,2.2981980467572673e-07,1.2092109257046384e-06,-1.9006742697980143e-05,1.302446825198398e-06,2.696637315603978e-07,-4.367163212372415e-07,3.816767447274358e-08,7.85922728179204e-09,1.3347974592687661e-05,-1.466427939484098e-07,-3.2624090320255405e-08,-7.646955715081955e-07,-1.6293067218940074e-08,4.2672549297389955e-07,-4.0024447487271024e-08,3.0692821608166746e-08,303.38102227597716,-1.9710539719847618e-07,-1.0887564760475884e-07,5.542323693044484e-07,2.269640748571059e-07,-3.5617189764971e-07,-1.8313558733969063e-08,-6.397819557510402e-07,3.000495167706545e-08,-1.672648326743313e-07,9.002106495165418e-09,3.5939371202705407e-09,-4.846843060888576e-09,2.2314968884793598e-08,-1.59575509765511e-07,5.507517695012202e-08,-1.454730238748452e-06,5.8432465084683355e-06,-5.729072965980688e-07,8.918813409256835e-07,-5.870790271362445e-07,6.531069173155895e-10,-1.102782603643155e-09,4.9718893549989264e-05,-1.7671500559829613e-07,-6.912525489708747e-08,-3.7459731640810304e-06,9.699126092387322e-08,4.410054146601442e-07,6.717142810684138e-08,-1.2875332141896841e-08,-303.6469742368955,7.064792210851009e-08,-2.5190868946757317e-23,-7.348809205819961e-23,2.0285741011337126e-07,-0.02963903443621757
2013-03-01,2013-09-01,0.225861790070958,-0.4907444181638916,0.458451906175543,0.46645343990179466,0.5135244576807285,0.6855137296793059,28.21607538159272,-0.8212307481497025,0.6974466797241946,1.3846906356824054,-0.0553795839522308,-0.4136826880696557,-1.6306901085171772,-1.0877745348133663,0.3148457598287188,0.7821625440577809,-0.1683104789877099,0.5334484582512752,0.5400426709772523,-1.6918889074316674e-06,-1.9377024096716585e-07,-6.846210615873717e-08,4.7669585680825554e-08,-1.4114198087416764e-07,1.4432106640616706e-07,-3.965746340313351e-08,1.6405938219743153e-07,1.564955434982188e-08,3.290873266526453e-07,3.1560805033839826e-07,3.4485093573043784e-06,5.0483242257960604e-05,-5.263856603540203e-06,3.3724078663575703e-06,-4.597537086422834e-07,7.813498570354787e-08,-1.501327322024097e-08,-1.4728021318413788e-07,3.0864793194787673e-07,3.0716285097913485e-08,2.464676652586322e-06,-4.4429494757294656e-08,-3.104384197926002e-06,-1.6772920121375088e-08,-4.302583989952986e-08,327.75853138133925,-8.193148484387957e-08,1.3472253629967085e-07,1.9573343906241174e-07,-8.97947529400239e-08,4.00768249384438e-07,5.304924213719241e-08,-1.2372220057262496e-07,5.278387661863217e-08,-0.0,-9.510435224335791e-08,-1.4560364865119348e-09,-1.4537400312382343e-07,1.733157165678936e-08,7.338439611549895e-08,1.1761104076751859e-06,-1.798715769475194e-07,-8.44749833997661e-06,-3.2613958489624785e-07,-7.778683031533602e-09,1.0514455136636603e-06,1.643823790337033e-08,-2.5845076900413835e-09,3.2247257583471586e-05,8.187518992132725e-08,1.9000475518067586e-08,1.548754669884922e-06,-4.0388605414490836e-07,-9.33836911277915e-07,-2.5243411238901323e-08,4.156600746899777e-08,-328.15939311517093,5.668912517083122e-23,-1.5136874242926034e-07,2.3742531437801292e-23,6.783141715010932e-08,-0.049041654530305165
2013-06-01,2013-12-01,-0.850826243793712,-0.44498072224135654,0.3734023787283821,0.3763829107346573,0.1647105873641034,0.3857188926428886,15.01304750949369,-0.10790522702520339,-0.29987967649860814,1.3573733137503086,0.0670906503184021,0.2700134110945798,-0.9564940361082145,-0.4339549027978349,0.9506799363262148,1.5216663806119757,0.4925037722152581,0.1635732173429927,0.1638267757678415,-1.1076330692108116e-09,-4.9944774572433434e-09,-4.301881194390308e-09,-9.656887347370087e-10,-5.255653720769641e-08,1.1241210212888578e-07,3.3989381042293903e-08,-8.35156603038912e-08,9.709678335630701e-08,7.800077980581856e-08,-1.057940400549696e-07,-8.919338531355432e-07,-9.680882685754994e-06,-7.214053567249519e-07,-7.074429901250551e-07,8.194930983527524e-07,1.0964322554456642e-07,7.262048515813694e-09,3.899393621357785e-06,5.057975703711643e-08,4.198826437423903e-09,-6.578962927647684e-07,-2.471833046068213e-07,7.163347061284843e-07,7.892385843448669e-09,-2.551265163539271e-08,310.8277475702609,-3.837302373184671e-07,-2.305143790886865e-07,-1.5780281254154343e-07,-3.16887907978292e-09,5.7369648252986716e-08,-4.336998268727141e-09,-9.716795952877462e-10,1.9030612302923065e-08,1.2427186402808917e-07,3.684404799192839e-08,-4.196469997451374e-08,-2.5168021736986408e-08,1.2083170609317913e-07,1.1743918598313597e-07,2.78752923951528e-07,1.0830754157852382e-06,3.674651245097124e-05,1.1453154880046599e-06,-1.7790352340228796e-06,3.7564595207859463e-06,9.405389285655797e-08,-3.313288300400319e-09,-3.1554075400461085e-05,-5.875786416900072e-08,5.046175800618923e-09,-3.446680188236966e-07,-1.1042828111033145e-08,-2.5948216771084965e-07,1.9599089764157352e-08,1.995999486440593e-08,-311.4439948011831,-4.59301610025728e-08,-2.1749173158270094e-24,3.1526050964241653e-23,1.9511131453505285e-07,0.11072799052013904
2013-09-01,2014-03-01,-0.2203161154985977,-0.4898517285723959,0.353772571658169,0.3610272817500946,0.07264944671506825,0.5683025145488644,99.99999999999999,-1.7494659008426299,2.030098111756948,1.4240377822535832,0.0027728372861801,-0.1319949692507189,-1.305381080176954,-0.8521867260117869,0.6227201312076025,1.0339240086105999,0.11293089503547904,0.23595526557872132,0.24334394240591362,3.578628454558277e-07,2.1561678231983565e-08,6.971014511337176e-09,9.357287187472388e-08,-6.664649090323969e-08,-5.7167702803846003e-08,-7.251567801800593e-07,-1.794721942524147e-07,-5.991275102449745e-08,-7.768179732582157e-07,8.382576542652125e-07,1.8737414242144764e-06,3.532161130054002e-06,-2.7776722921678493e-06,4.6944445724163083e-07,-2.0951594621793063e-06,1.776786871810631e-08,6.612557445682109e-10,-1.5134431248107499e-05,6.797756549033324e-08,1.6122681164624295e-09,-3.2622648833182407e-06,5.546014864416305e-07,-2.089942551436924e-06,1.0021759714938248e-07,-3.4264401881763085e-08,304.07366252344326,1.0014440154684472e-07,-2.4351623434698137e-08,9.987781735302416e-08,-1.8439918374546755e-08,-1.3924405337895987e-07,-1.2604905917759387e-08,9.52616361893247e-08,2.0250335866693264e-07,-5.73815450857086e-08,-3.05801207229694e-09,-9.114979104004198e-08,-5.4190010258674234e-08,-6.626963845938704e-08,4.345512213413495e-08,8.840872907888323e-07,4.276449215823744e-06,2.7116187747564612e-05,-4.156683593202955e-08,-9.018735207547079e-07,2.0579557922740776e-06,-1.6543596119220423e-08,-6.7869052228253726e-09,-2.0043315257523237e-05,-1.9702979964080483e-07,1.0730938729449472e-08,-5.648264949369915e-06,-1.4578970006854877e-08,-1.7140983495462328e-06,-1.3766844068558125e-08,8.154175625634103e-09,-304.5821679047933,4.6124668095419934e-23,7.128618903768402e-08,5.2675139000073963e-23,-1.5681241616790455e-07,0.0802537206574312
2013-12-01,2014-06-01,0.9499888942974266,-0.4438919989529799,0.8539497254032046,0.860571254207382,1.9429039445685512,0.8396093512320899,99.99999999999908,-0.7680115881288434,0.6289558425341757,1.4234537827157798,0.0495813252518573,-0.647359121373346,-1.8383936273507253,-1.3914970665341722,0.03966062022023054,0.511671856630775,-0.425413121896856,0.2958786965796159,0.2958538385241545,3.1680642375734607e-08,-8.023433438911064e-08,-1.8472097249121154e-08,-1.343135868550712e-07,6.926791757170301e-09,6.189729900013134e-09,-3.268120232328653e-07,-9.532971862843572e-08,-1.3862928482329239e-08,-1.853654812364522e-07,1.304780602304597e-07,1.6090267449965573e-06,2.6143245869759087e-06,-6.50146445254864e-07,-4.464172493650213e-06,-4.077551809495412e-08,-3.475395297499566e-09,-8.847523037861597e-11,1.9771571613302035e-05,6.148652000176923e-08,3.7311367174258164e-11,3.681890226726124e-07,-1.8568896462902587e-07,-1.042519706125927e-06,3.858223178197146e-08,-3.6886509849547924e-08,316.38228965414544,-4.951501538596826e-07,2.9573585438348424e-07,9.745868101445822e-08,-3.804406795449277e-08,1.1310852888903013e-07,-7.357109446352062e-08,3.198652307020201e-07,1.9026079291462065e-08,6.88303542753818e-08,-2.2914596216849197e-08,-2.8372148815243157e-08,-3.1678751351080674e-09,-1.0006036830921157e-07,3.6750527330491025e-07,-5.638823747732488e-09,-6.46101442602334e-07,-3.1640816357420156e-05,7.355101451026464e-07,3.3625577959512597e-08,-5.039985815196455e-09,-5.386877242836247e-09,-3.5450179442688084e-09,9.060213266842554e-06,-2.265955523187026e-08,2.782171166820422e-09,-1.527925250035832e-06,2.3133908132909854e-07,1.142419309718024e-06,1.0666914227732532e-08,-3.283497427309765e-08,-316.8131438829215,4.150208701908359e-07,-4.3641694307366075e-23,-1.1860734121047077e-22,2.3910924020031225e-07,0.005289712119034459
2014-03-01,2014-09-01,0.0449539001628807,-0.4874671473650749,0.4045279895065,0.40819827112096757,0.28347217185076556,0.6549258640232964,31.42140989675367,-0.4856508552270524,0.1629332487394377,1.3457596708653472,-0.0876811076678585,-0.35389163143183633,-1.5339718811190282,-1.0503841309395252,0.31280713728493625,0.7595183817692641,-0.11015805774929888,0.4465437579150586,0.44770010160484885,1.8631228831081887e-08,3.791559033988006e-08,2.241609863075254e-08,-5.393000846029345e-07,5.879967407374996e-08,5.4049623818170736e-08,9.235102069722396e-09,5.599294825365166e-09,4.307772768043165e-08,-4.0941307053089863e-07,-1.4575105935920285e-07,-6.651044894961964e-08,1.1401705512004827e-05,-5.979997755405021e-07,-5.951586949422245e-07,7.795595154146955e-07,-1.4027380018224705e-08,5.0961618410599e-08,4.236663350575676e-05,-3.462923010368137e-08,7.800941422811082e-08,2.8793062801034863e-06,-3.261990498143224e-07,1.0535845076569238e-06,6.032683576990389e-08,-8.00546944734104e-08,329.2766133666737,-1.3816976092705856e-07,-3.93120360076901e-07,-2.0754206969242083e-07,1.683927432374021e-08,-3.9771895262611934e-07,3.986565381522192e-09,-4.079511838769747e-07,0.0,-3.278114696124674e-08,-1.981809674635904e-09,1.0792599556505324e-07,2.8928673274971242e-08,-5.114791271320882e-08,5.377134761707494e-07,-7.497162540015094e-07,3.1777436997841616e-07,3.6936859228873787e-06,-6.060917267861148e-07,-2.1260525619668034e-06,-3.354893738142747e-07,5.448847485013532e-08,1.4765296348089817e-09,-3.297558314820447e-06,-1.005316990695842e-07,-4.268000373208753e-09,6.573196427226506e-07,2.587471765116038e-07,8.602450456164001e-07,1.5964595805575725e-08,-1.418970922741378e-07,-329.7570932660039,-1.6693328385182013e-23,7.332373299819596e-08,-6.024256952713351e-23,-5.33947276472234e-08,-0.016789643801149744
2014-06-01,2014-12-01,-1.6078613415885457,-0.5782602415679491,0.6256090347297024,0.630437787853317,1.0600784251636228,0.22020928307062082,99.99999999999999,5.011554289157044,-7.0500425946835055,1.2904651346280034,-0.3289362236455595,0.18586432636473876,-0.872166340817036,-0.48253641384042856,0.9027598524428422,1.3422131816182699,0.4749944471487133,0.2129756559744011,0.21602963944711914,3.610548170921624e-07,-2.0278695660080763e-08,3.603617592317898e-08,3.281666505453929e-07,-1.0094108676765396e-08,7.811269086617708e-08,3.257652424030084e-08,8.311666199176828e-08,-1.7051438481471142e-07,8.885993633059673e-08,-3.745668306998685e-07,-4.4232942284797393e-07,3.623003971651094e-05,-4.952785346174864e-06,-3.614669770416435e-06,-1.2087162465027723e-06,-7.315235263078347e-09,4.4657774268931925e-11,-2.40968239086879e-05,-2.604483870267163e-08,1.9375680183783325e-09,4.415287702200225e-07,1.9204195031908493e-08,2.882930252285942e-07,-9.896109103543704e-09,-7.115676081160899e-08,317.6154712158547,1.2645404436096436e-07,-5.749778753955456e-08,-7.026193035685368e-08,2.5519077647198805e-07,-3.916333450575905e-08,2.8908668554681353e-08,2.6523162328236977e-07,-9.2128282042508e-08,0.0,1.6702311277691337e-08,2.094434361805564e-08,-2.7514065051147418e-08,-8.216249863745406e-09,-2.490769718178529e-07,-8.748742848627125e-08,-3.8874953105148317e-07,-3.7537011911701534e-05,9.65211751866031e-07,1.5062685362275013e-06,-1.4088335105391894e-06,-1.0413483165843653e-08,-3.721229176243391e-09,2.9161423615450658e-05,-2.0100366127897653e-08,-2.3472855385811276e-08,-9.67379290822387e-07,1.5875665284464286e-07,3.4983392014100085e-07,-2.6379474213921168e-08,1.3200925295054817e-07,-318.21357202841983,7.146002463149522e-08,2.11678375872749e-23,5.964103593427224e-24,3.484079158666192e-07,0.0721327844755368
2014-09-01,2015-03-01,-1.801888355190684,-0.4408600367422858,0.805160765859322,0.8107433531608063,1.852398083618474,0.17049603654435008,99.99999999954929,-4.155797083417744,5.077951346813508,1.327444136556512,-0.8784672275139016,-0.19795306828970255,-1.4070988643948976,-0.9019390554164856,0.4837063955143157,0.892785883620755,0.02247695008144035,0.3352479343626927,0.3370804616644857,7.070196523643825e-06,-5.0366781601459696e-08,-1.2661903417145288e-07,1.0623371525612668e-07,-1.399987777924794e-09,-4.781806353736644e-08,-1.766778741597908e-08,-1.590489412151415e-08,1.487034081983418e-07,-2.078214527993871e-07,1.8925938408135924e-07,-1.0516250325335717e-06,3.7998019784132015e-06,5.757545665298002e-06,-4.301802712605201e-07,1.05371284254487e-06,6.409544476134973e-09,3.399083883692047e-08,3.822322601260379e-05,-2.9121636871091236e-07,6.082921583576027e-09,5.42850163952646e-07,-4.952275384114405e-07,-6.250897035559045e-07,6.009308181484344e-08,9.42104745943479e-08,317.35177703305743,1.358688066029542e-07,1.577836413019506e-07,1.802789566733723e-07,2.2486771217847605e-07,-1.909423527673888e-06,2.6114709522857835e-09,-2.9097295930319476e-07,3.3015104280751123e-07,5.7794826424511876e-08,-1.2059283437950827e-07,5.029483895262537e-08,2.4808164494293295e-08,1.4709699000095355e-07,1.6263624426374392e-07,8.736550877321856e-07,-1.805693883942472e-07,7.106862024718431e-06,-5.567323299115333e-07,-2.5617597230776504e-07,4.738644027633436e-07,5.288442240508842e-08,7.339086678856412e-09,-1.6807947957970012e-05,-8.082861334821729e-10,1.4073808423238014e-10,-3.268591600300789e-07,3.391150806652181e-07,-1.1782112237320484e-06,1.2481650224507284e-08,-7.890510646045808e-09,-317.8050606404211,-1.2713364325866486e-23,-2.2321866484096944e-07,7.139514486607695e-23,6.436090032854216e-07,0.004060657531612904
2014-12-01,2015-06-01,-0.4775659968480283,-0.4529587419416653,0.3071739152637019,0.30850992380875303,0.0006055169940267263,0.48978704762327263,46.662644140714384,1.2787866051957861,-2.1012449429162166,1.2889035875293005,-1.042713669218287,-1.0304100417651054,-2.0892916534303128,-1.6491331127919775,-0.3652835456618756,0.1065297465037659,-0.8039306707942728,0.33039016465509946,0.3321215797993734,6.569223830161828e-06,8.530756215019283e-09,6.769971878819945e-09,-4.729900101928364e-07,2.944909649819973e-07,1.6504814717741414e-07,-5.244344297955683e-08,-2.1135601579114895e-07,8.947804633166309e-08,-2.087599827824093e-07,-4.804355981212086e-07,-1.8227059404319247e-07,1.3708642723733967e-05,2.0741642269878467e-06,1.3884395735840531e-06,-4.1467379350928024e-07,3.400545094912871e-08,-1.1436226072805144e-08,2.3751765793624236e-05,-2.68671982467887e-07,2.465339132079851e-10,-1.6642692176634842e-07,2.9714394444690103e-07,5.05168177158147e-07,2.702556319927121e-10,3.20003993230374e-08,321.5613066665819,3.4147657518989656e-08,6.943332626850651e-09,-2.789114327905925e-07,-6.071124638098924e-08,7.28833395087162e-07,-6.745556354578223e-08,-5.294330608929834e-07,9.9768592739825e-07,-2.691344743692999e-08,-2.7851487293737233e-09,-3.864941320881303e-08,7.719197402467654e-08,-2.0520038572256965e-08,-1.3288720546527559e-08,7.168489479545959e-07,3.698618581977291e-07,-8.547087215580327e-06,-4.113818926872268e-07,-1.39822609482135e-07,5.8193908078109397e-08,9.349707984515112e-09,7.125186101111166e-10,-1.137479144869104e-05,-9.840027814553538e-08,-6.396824145349373e-09,-8.247519683654112e-07,1.423648309267022e-07,7.380769829685371e-07,2.6055414223605267e-08,4.050665338556474e-08,-321.97038645930104,-2.4886707777484124e-07,-5.857488022196627e-23,1.0425686585392472e-22,-1.292452171726869e-07,-0.020326182310303677
2015-03-01,2015-09-01,-1.1063754838597006,-0.583625200742139,0.4003640733149599,0.4104965582392102,0.27326785849949087,0.34313392343043725,99.99999999999999,-2.6864184728499096,2.9728813014634947,1.3125791623383298,-1.4541319195251925,-1.1927567779664114,-2.3053960691599946,-1.8843459334031485,-0.5020706412177751,-0.1022557676842877,-0.900944177595342,0.18130673792760787,0.18649595671424218,2.893337444565576e-06,-7.027626983875374e-08,5.5407561321871525e-08,-8.631851951001389e-08,-3.055786854362263e-08,8.383055865697677e-08,1.0454691612115172e-07,4.465874401490202e-08,-2.8381050627033067e-08,-4.405336407852289e-08,-4.3689013318906686e-07,2.0896344595648275e-07,2.479810124973122e-05,5.350358547501484e-06,1.3710821365097432e-06,-3.674429479032641e-07,-3.810702661365121e-09,-1.4498258975319057e-09,2.3594424157979923e-05,-2.05068508013889e-07,2.3906677059617094e-08,7.4769141245842e-07,-3.788756265583047e-07,-8.059552342813857e-07,-1.1039677188798193e-07,-7.835785296742187e-08,338.47150509618166,7.326097821342419e-08,1.0090718919345676e-07,-6.812290928369446e-08,7.929055395824198e-08,5.785503582028572e-07,1.3812338009968344e-08,1.8045084840830116e-08,1.1563850388610899e-07,1.2650029477422793e-07,-7.302870439120189e-08,-7.10910374628553e-09,-8.5722411518445e-08,2.588333271144154e-07,2.687350272587469e-07,2.0726765766951763e-07,3.7489664415661306e-07,6.612371821532065e-06,1.0237450599521416e-06,-6.660727379915313e-07,-4.2215256012449264e-07,1.4265932600956325e-08,4.835363915699215e-10,2.4812317668012167e-05,9.008058231631212e-09,-1.3670846708595187e-08,9.36127764601159e-07,5.284214359470168e-08,7.191503526063415e-07,-5.1582643425436116e-08,-5.463159469784168e-08,-339.047043844158,-1.51524231089412e-23,-4.394002492730322e-07,8.510336507982453e-23,2.5972723873519345e-08,-0.00525111168307875
2015-06-01,2015-12-01,-2.156413527355028,-0.7499365384622183,0.8619834939628573,0.8659596098969313,1.978177520284984,0.15265198449830028,32.30764389842947,-0.3649073079159915,-0.23173088313820428,1.3586449830621854,-1.316989762101528,-0.6137512676551233,-1.79065675270246,-1.2896985912309067,0.07305261725718208,0.5506966166647118,-0.23878299842401418,0.2543346768831579,0.25565061694135516,-3.979661179405617e-07,-2.082332989319552e-07,7.000101986621496e-08,-1.760744975063843e-08,-1.1801870010017142e-07,7.802599445248583e-08,-9.30810570462489e-08,-1.4636828339022419e-07,-1.2112186728400735e-07,-3.085106408825559e-07,-2.001626823496445e-07,-4.458362273098271e-07,3.4147472343842393e-06,1.4106782566993754e-06,-9.883703093235972e-07,5.602674822452587e-07,-2.0562307014216896e-08,2.2503385882579216e-07,-2.2396489206263722e-05,-6.182081427742176e-08,-5.915332574828574e-07,2.125383577736581e-07,-1.0078896642507485e-07,1.1418661677375384e-07,2.669559005935767e-08,1.3056752427160592e-08,355.17080613760044,-5.43481750929837e-07,-1.2743495787707644e-07,-7.94273053316651e-08,-8.927804806381767e-08,1.019788871593001e-06,-1.6091894229254783e-08,-1.838818677404403e-07,4.692337726446243e-07,2.7102535104916e-08,-2.547675761899652e-08,-4.520382779107417e-07,-5.605214760937976e-08,-2.64057957592132e-08,-3.3513783304792576e-08,-2.2878720820813866e-07,-8.178065905030792e-07,5.490322776062885e-06,6.193333999497978e-07,1.838251461255341e-07,-4.4644123784780397e-07,5.895373701436604e-10,-1.979950689619744e-07,2.046334258668567e-05,1.1009756661059688e-07,-1.2109394591902625e-07,2.6103665021118796e-07,1.5828115566575632e-07,-3.142887131985082e-07,3.254799653264488e-09,1.9413994763912984e-08,-355.9662725198259,1.7769263972982218e-07,3.2252379405588613e-24,2.648783260241876e-23,-1.6627576708841693e-07,0.04034454050398906
2015-09-01,2016-03-01,-0.6225927119171359,-0.8390159850753419,0.32224890441492804,0.3260836151207011,0.04683903316451144,0.5656672688452669,99.99999999999999,0.0719045495756727,-0.9346261086853953,1.3117495623608986,-0.8644840978884183,-0.9726957344675213,-2.0504872310451803,-1.620855065482434,-0.3111625120515563,0.08489894401937877,-0.5531877419298503,0.15534013093562177,0.1578947969149915,-9.540632918082914e-07,2.8738591598698655e-07,-1.1706360345673211e-07,-4.904185201059239e-08,-1.210176083923057e-08,-9.965816962719766e-08,-2.85324239523634e-07,3.7355586204892195e-08,5.437195875099129e-08,-6.307914295126545e-07,-3.065569019576461e-07,-1.2712348541451472e-07,2.760862880890649e-06,-6.116790478622206e-06,-2.1228042101812506e-07,-6.709300951631746e-07,-3.5083234063112775e-08,1.9789089302941265e-07,-2.3152218347554586e-06,2.3442744783039348e-08,1.8844790215020084e-07,-1.7287308511606987e-08,5.4506156977846216e-08,2.8312689277122945e-07,-1.0621844219670286e-07,-2.1200053042710086e-08,378.7789053760537,8.50506386961823e-08,2.3733244457541126e-07,2.916246723824076e-07,3.1841835443656764e-07,-2.6938927365158956e-06,-7.533556053206633e-08,-6.133433076636326e-07,7.608081072188453e-09,-1.3081110134861633e-07,2.5158951383238758e-11,2.2636062539289448e-08,2.5311855437051477e-08,2.5723322981408834e-07,8.027454147648382e-08,-5.228143031640386e-07,-8.081901030495571e-08,-4.6870437412709865e-06,6.163667712979289e-08,-6.718965867698548e-07,-1.2426470728679805e-07,-3.263564600512198e-08,2.0014553102084134e-07,-2.9512195854946466e-05,-1.3274985364095597e-08,-2.7631395562379844e-07,-7.620619861402779e-09,9.029901421969645e-08,2.401441666129497e-07,1.0797963299152778e-08,2.4932246590110434e-09,-379.58422464877407,-3.259520095163993e-23,-2.390193567597618e-07,-1.463055847677042e-23,-4.7546006560406226e-08,-0.028342198396762133
2015-12-01,2016-06-01,1.4068746136137733,-0.8415731394780026,1.565459168815785,1.578499048284412,5.055517298383457,0.962632261459947,99.99999999905951,-6.199687562428021,6.6041137258850755,1.1959405937958794,-0.3747694568706272,-1.4989933334165153,-2.6266996471416366,-2.157799864895301,-0.8439417738115728,-0.46274450695835057,-1.078206763677514,0.3843916876557227,0.38831284206185346,1.954018423058085e-06,3.5750460157670275e-06,5.74251039832886e-07,1.2603018707626763e-07,1.5733243521342783e-06,-5.229789299225211e-07,3.256552480167182e-07,1.2286203616957449e-06,-3.374776990168976e-07,-8.863912672418175e-07,-2.8830066969631116e-07,1.859487717675329e-06,1.6382220704523277e-06,-7.140092590906013e-05,1.8960675381475523e-05,3.217852500660319e-07,2.5935949532239316e-06,2.013316278147825e-06,3.796959870345905e-05,-4.336411596000406e-09,2.5697584975196624e-06,4.096211576998919e-09,1.4519576660655805e-06,-4.018258171372971e-07,6.830167304959517e-08,4.930294858976049e-08,367.5171528966569,4.184343217457426e-06,1.3274282417315875e-06,1.980596176162244e-07,6.831106366019693e-07,-7.967599437945539e-07,7.094743409828456e-07,2.533494082973355e-08,-9.235542538343261e-08,9.700056862761821e-08,-4.3450383117331646e-10,1.5346938076294903e-07,1.337920696523292e-07,2.562367034077252e-07,1.1113999928475113e-06,6.483533867346286e-07,-1.0716763030390889e-07,1.0040495391264716e-05,2.1076581459058584e-07,1.5642948651394668e-06,-4.1512994993432463e-07,2.446723663445215e-07,4.042701007229791e-06,-8.719748856411928e-06,2.0114564670953232e-08,-5.891014447661191e-07,3.7375388819177206e-07,1.1615502155016226e-06,-2.789540109812908e-07,-7.684440915755869e-08,1.2206905590269038e-08,-368.4686943399926,-1.1292178657024873e-07,6.632406921220733e-23,-8.469861484927491e-23,-1.264926470870477e-07,0.061129363060071135
2016-03-01,2016-09-01,0.2592131020737298,-1.0094982129957826,0.7688158952309787,0.7735805892959026,1.6096284009854116,0.8311315377755495,99.99999998774157,-2.176880387462433,1.8738143277210562,1.3259034257594626,-0.181689804921703,-0.8160454624564593,-1.9653727075295184,-1.495669399602871,-0.17416925144373033,0.27933807713049646,-0.31129635595856797,0.769006296099186,0.7779644748858803,2.3192646131444244e-06,-5.791781168997998e-07,-3.669808175326093e-08,-5.807967575790585e-07,-4.454660067588993e-09,-1.130028916029263e-07,-1.6516577994352223e-07,-4.403242465863015e-07,9.76448732434249e-07,-1.287204318085658e-06,-1.927097647112134e-06,-6.01499203851422e-07,-1.497770638115847e-05,-1.5483167139421824e-05,-2.4247141104199112e-05,-2.1474732765964533e-06,-1.7298073578043917e-06,-3.2673490977832464e-06,-3.0891616393728356e-05,7.544577742717674e-08,1.0238127348602855e-05,1.6300783200362453e-08,-4.7533249913236864e-06,-2.4462828879319074e-08,-8.328275617013489e-08,9.212837851847831e-07,394.75048027773533,2.7834042405381095e-06,2.4546082099193405e-06,6.348887660128571e-07,-1.0933160824472455e-06,4.747317669948698e-06,-1.2204922838812724e-07,1.0538955079701928e-07,-5.2699915660776105e-08,-6.810541476240978e-09,4.060719225226328e-09,-1.6730384014079198e-08,9.97553679849656e-08,1.5915334829438187e-07,7.445180799426204e-08,-1.1282271023265555e-06,1.227221988003504e-07,4.054512078402133e-06,1.3112950449431035e-05,2.6860818784388623e-07,2.774855547534205e-07,1.2612301380044422e-06,-2.2176834693791984e-07,-5.857573142656189e-06,2.309701188316398e-08,2.0591865875974503e-06,2.8811168280739855e-07,-1.4372032204531273e-06,-3.556175726441981e-07,-3.2967987988423427e-07,4.913054683668655e-08,-395.7601241598698,-2.2016830927715783e-22,1.8157997016784578e-07,6.670955645124173e-22,6.743119682159418e-07,0.002225591853638105
2016-06-01,2016-12-01,-1.4203902738815444,-1.0223218728597587,0.3620375649905584,0.3583011004917838,0.15845845189204116,0.36949833439292995,83.18699621787485,-1.8501254847285626,1.396275810945723,1.2833811510984177,-0.0067578301338855,0.1922763703770073,-0.9191776422235061,-0.4279154923487058,0.8553059925783127,1.255097316828394,0.7034373068068867,0.15502699885612767,0.15693716824838574,7.32733355140908e-07,7.181064866890385e-07,1.9206836117159242e-07,-1.9265617505947466e-07,1.4196860192071941e-07,-3.327672225418073e-08,4.510987182150006e-08,2.5605484059556215e-07,8.490235178491147e-07,1.1624632071936965e-06,1.2131957979087173e-05,3.462065104615302e-07,2.1999276090685385e-06,-1.0857904487802198e-05,-1.711869300677433e-06,-2.3156345895756308e-07,9.6690157746757e-07,2.556363583340023e-06,-4.183074883010886e-06,8.040593104037199e-07,4.7362371755912116e-06,4.063631618854691e-08,1.5204180278953748e-06,8.077336454406005e-07,-9.449640126534445e-08,2.1129506804383877e-07,396.5034646915462,1.4448161989660798e-06,8.395387201026289e-07,-2.195902812856231e-06,-2.1234804399723753e-07,3.9528847238210694e-07,1.4692896251523657e-08,5.866960114471017e-08,2.673595934819025e-07,-4.5078579879468616e-08,-1.1083477410285382e-07,1.696315521424769e-08,1.195948413518255e-07,6.638967924128028e-07,8.849802434380972e-07,7.037875349684724e-07,-1.4259092682201582e-06,1.0287920309823325e-05,3.627035241417496e-06,3.0951923855729198e-06,-4.271952585545389e-07,1.122843843213915e-06,-1.868989902454562e-06,-8.73967321854326e-06,7.347936346973325e-07,-4.42424142317316e-06,1.574480836499198e-07,-1.2077113567271689e-06,1.9042285889696977e-07,3.337844168652194e-07,1.5034619183876598e-07,-397.5489340864249,6.436133485866584e-07,3.561489596102546e-24,4.5885171218191926e-23,1.0335218762122292e-07,0.005389022664881537
2016-09-01,2017-03-01,0.8732489423429968,-0.9758688485161788,1.2033101771491845,1.213696449450143,3.419236604471918,0.923957328312994,51.16830687806639,-1.0801199803363817,0.4208872218636154,1.275379454362023,0.5662310222083633,-0.3583278732212245,-1.4165391203842193,-1.0075281007829977,0.27561445724451034,0.6891894106737658,0.12960655103686491,0.5683163496634369,0.5731278189551652,8.034990278145936e-06,-6.147005105124461e-07,6.867000995291143e-08,8.226237778942857e-09,-7.017038259127498e-08,-3.3821892535878985e-07,-3.252331501934334e-07,7.070957261052575e-09,-1.4642569134233271e-06,-6.84345933285918e-08,-2.4064159836056646e-07,1.1426188086265678e-06,-1.588408025139033e-05,-4.6557480982380865e-05,-1.2879719311295835e-06,4.202269587035592e-06,-2.453717076722323e-06,5.2123301354823935e-06,-1.0883989823839282e-05,-1.1959078821856423e-07,1.284539411014845e-05,-6.213471175638865e-07,-9.724785242942198e-08,2.0536101349564084e-06,-4.330160012973465e-07,4.2220281150676625e-07,377.9093729712929,1.4883371056337609e-06,-9.853514446075676e-08,1.2475115081315474e-07,-3.614882165956557e-07,-8.71095895823567e-06,-1.4863648374619411e-08,-5.381256324796477e-08,1.649337570223492e-08,4.562669622813868e-07,6.851169932428505e-08,2.0746990624311478e-07,1.0918759804211124e-07,4.755388089836997e-07,-8.149096744907198e-07,-1.6615083383432307e-06,6.490003916635045e-07,2.3915155780409852e-06,-3.2540879840685757e-06,4.0052957693069925e-06,1.6294690295098577e-06,4.963047016865796e-07,7.412776616650951e-07,-1.1360988668817504e-05,4.742228065799031e-08,2.3901129674901808e-08,-1.0538999657526816e-07,-4.778167031182724e-07,-1.767287784718796e-07,4.1784601779989575e-09,-4.5013166451899046e-08,-378.84078231171185,9.203762456212749e-23,8.052721414439342e-07,-4.1344308756673726e-23,-6.142420719659116e-08,0.016770052951819495
2016-12-01,2017-06-01,1.8144033653241465,-0.8659247918414412,1.960158186776778,1.97964494052133,7.1841590300946745,0.9777680779891371,53.97276085793387,1.563797399536055,-2.8329011485774265,1.2517840282318702,0.197006545721301,-1.1431575328614927,-2.189008636631294,-1.7420990738771636,-0.4861787382534792,-0.09001722472443756,-0.7101951369407722,0.7224841198516812,0.7288198259977169,-1.8418428991435364e-05,-8.50748214833735e-08,1.2122915101170388e-07,-1.0146504237097278e-09,-1.343619739386712e-07,-1.2651079001709452e-07,1.85116648766686e-07,6.48056693645968e-08,9.547779865671793e-07,-7.860726954254117e-07,6.815884665435282e-07,-2.1306950709568767e-07,1.643205275494652e-05,4.392444783709141e-05,-2.4673025431302022e-05,9.45435480396745e-07,-1.0131316109910698e-06,1.414310711359318e-06,-1.2363302981101982e-05,2.821968338283566e-07,-2.3357993688025607e-06,5.122567488441313e-07,-1.943510072312147e-06,-3.163181257633394e-07,-1.0202954059411054e-08,-5.234375726424627e-08,375.5661354491568,2.0378065901540026e-06,-1.0864333093924762e-06,-1.8046627358056517e-06,2.44953465011209e-07,-3.386107184180717e-06,-7.160463355508249e-08,-5.570072729015957e-07,-1.2639837549626409e-07,-2.301232962586472e-07,2.3918024773220786e-08,-2.394172901084732e-09,4.2994758525942103e-07,2.975453152954413e-07,2.9613285476430125e-07,4.08567519655773e-07,6.531700607974018e-08,1.3138445383150737e-05,-1.975200010946678e-06,-4.341152871476105e-06,-1.5722968571121282e-06,-1.3001023976835185e-07,-2.4874969384904033e-06,2.2918270099642288e-05,3.639128251647598e-08,-9.522696817115825e-08,-4.28918529766685e-07,-2.6417021517585814e-06,-5.358363612794591e-07,1.778099754382881e-08,6.857053088234982e-09,-376.4382992368833,1.4438929533496086e-06,-2.5160219576606897e-23,1.7852038545274391e-23,2.6094794741799073e-07,-0.0050043968040058544
2017-03-01,2017-09-01,0.4266000991828278,-0.9190113353204621,0.8281345420339435,0.8375107682897186,1.8106701326660017,0.8515488882135338,99.99999999998774,-0.6623970808590192,-0.07176282955255439,1.3044926261733023,0.6499245207629123,-0.022881196488732658,-1.1275161218224365,-0.6925362644562345,0.6055310424507172,1.052228605568505,0.4366244711714984,1.018126704880743,1.0268571483938105,-4.3379637819358174e-05,1.2687435784802935e-07,2.2626564957000343e-07,-8.727362072958733e-08,1.925761587917918e-07,3.474753064206878e-07,4.0307539374939863e-08,5.164039093705903e-07,-1.1296781531290695e-07,-5.116122382848293e-07,-2.9819388482253045e-06,-9.782849801491633e-08,-1.5945024401296622e-06,6.73255563582429e-06,2.964213234786064e-05,-1.4566718088139243e-06,-5.313113559537386e-07,-1.6069065304341933e-06,-5.5164075591502e-07,1.2724302620763695e-06,-8.173171976110857e-08,2.1245229450195113e-06,-1.4023175233444604e-07,1.992062642909246e-08,1.3962107688793801e-08,1.017233967529832e-07,368.4897227564393,5.075628322457381e-07,9.54242087167189e-07,-3.274850171078453e-07,5.65328265704614e-07,-5.893109472439322e-06,-1.350889666544786e-07,5.4671356724233176e-08,-2.7769928743905605e-07,-0.0,-2.227091481755093e-09,-9.912257330490003e-10,-1.5338405602051682e-07,-8.881315178095877e-07,8.361135434430572e-07,4.677917078168186e-08,-5.013741531401626e-08,1.0023697602320172e-05,1.8126996156410953e-05,9.655365229052957e-07,1.4192075898961602e-06,8.648506422398793e-07,2.274805482036478e-06,-1.3576083598436933e-05,-1.1792046427300311e-07,7.317298464959137e-07,-5.877720595847035e-07,1.389173370546283e-07,-1.978827010468131e-07,1.070949072475324e-07,-4.3522298706179316e-08,-369.49490161078995,1.9580179461761703e-22,-5.167735505777226e-07,4.500815038523762e-22,3.1963392771270963e-07,0.07039161297539206
2017-06-01,2017-12-01,-0.1439879112352216,-0.8512090746349548,0.4533065910012824,0.457843726101644,0.5001617739604721,0.706868428105262,40.09342462516181,-1.6033682027984018,1.2053739690265215,1.2706557849323035,0.8352077270444624,0.48159714534459586,-0.6464518657358576,-0.18094349474099533,1.1298333909584484,1.5323334564231366,0.9072016826620732,0.2458822429623532,0.24890992037733453,-4.946331796107125e-06,-7.050586134070472e-08,-4.2765093647026544e-08,2.5879809023769067e-08,-6.929268132289042e-08,5.559982984820277e-08,1.0456920977605793e-07,-3.8684749576967323e-07,-1.055809856454705e-06,4.922284753207916e-06,-8.45427679605772e-06,4.871165267662574e-07,6.417428696904089e-06,6.092798062025554e-07,2.9692728612453455e-05,-2.31569164645522e-07,1.3927080157725046e-06,6.593780977285791e-06,-1.3199638477531015e-05,5.18202904586791e-07,1.9504508442761287e-06,1.7881058370966731e-06,-2.884753148809222e-06,1.0599836403960374e-06,-5.06387657449023e-07,-4.321325088677967e-08,364.52709795646905,6.810996113447063e-07,-1.6446902519318053e-07,5.757910224536551e-07,6.027344712651269e-07,1.5597768304349164e-06,-6.500400846652443e-08,-3.4901010265215385e-08,7.777574357310466e-08,-4.456002604731517e-08,-3.040091767607134e-10,-3.3091385598102233e-07,1.768746224930974e-07,1.0638815723449185e-06,-2.0429663262856163e-06,-7.566938865552665e-07,9.607079669368632e-07,2.3063921123069857e-06,-6.468158033651525e-06,5.899359554560069e-06,1.3587548982312024e-06,-8.90117957338634e-08,-4.953421553289987e-07,-4.3266230213647443e-05,5.054499583399752e-07,-3.880888184269465e-06,9.710694145236878e-07,4.859564073024825e-07,9.24155218404307e-07,2.1565887057223274e-09,-4.51258687738834e-07,-365.39358717626374,-2.3665517178849853e-07,1.369046695715059e-23,4.089403087824719e-23,-1.4790614514718873e-07,0.018265609899944725
2017-09-01,2018-03-01,1.1578930910678409,-0.7203613625255925,1.2178338329385647,1.2325292878271923,3.527839792443567,0.9198288435783563,99.99999999992676,0.7261245865551297,-1.6723408723224784,1.3154752984881848,0.7922465951253344,-0.1468806316713823,-1.2401030147004093,-0.8080820867359153,0.5047746852336378,0.9607608872414327,0.2133000495914139,0.8595047145434798,0.8679682121070593,2.314285717965036e-06,-6.683956849706058e-07,6.492468054263633e-08,-5.541682806529899e-08,2.2738655392856322e-07,1.4773865658793551e-07,-3.7208341959626527e-08,-3.6785148533325404e-07,-9.810612055689844e-07,2.767391636413431e-06,-3.114596440827281e-06,2.1819060960399354e-06,-5.590150361139476e-06,-1.2040315480287674e-05,-9.493109403108021e-06,-2.364937796768606e-06,-1.3441901046561436e-06,2.9005718614776547e-06,-1.3780021300631615e-05,1.8662454233744393e-06,-2.3318073060224378e-06,-2.5464807403470422e-06,8.256261074672157e-09,-3.7842039528159016e-06,6.526811829253897e-07,3.14934596778548e-07,331.48723106392106,1.3077893993572886e-07,1.0630170641213253e-06,1.646439855436062e-06,1.5851451626991423e-07,-3.580319875042421e-07,1.2586600598398836e-09,-4.5200312049823604e-08,-1.2673381819688416e-06,-0.0,1.4829490753321545e-08,-1.2983064000707975e-07,2.0646675217682844e-07,-2.0753965195735954e-07,3.655872601446023e-07,-1.3023075161414433e-07,2.9341887702508784e-07,-1.8381747601902475e-05,-3.249215795476346e-05,-4.2661462198852136e-06,-1.6330276372622133e-07,2.569258795006662e-07,-1.649422977652023e-06,-9.163693362445716e-06,1.2860294284549442e-06,-1.0347624247309406e-06,-9.097027648190916e-07,-1.7747385502122788e-07,-8.915282632017627e-07,-3.0146811173474546e-08,8.615902930647976e-09,-332.2424719637769,-3.436994222875365e-24,3.7362930553425234e-08,3.413647884692378e-23,8.07929726249237e-07,0.06053945731250386
2017-12-01,2018-06-01,2.424122667577677,-0.6398717379920691,2.350659767474848,2.372163738394139,9.388061717362701,0.993288209590502,99.99999999999999,-6.222828508108778,6.799396329893365,1.1899996431992264,1.1400673781712278,-0.39192982461364534,-1.4827170157847298,-1.088394142123862,0.2498810290399625,0.6305529822513019,-0.0719939556176108,1.0759842815914946,1.0850050577178532,6.209151937433498e-06,-3.3778725756561094e-09,-1.3767669783771713e-07,2.601547472259449e-07,2.0440616794472447e-07,1.1339415318711976e-07,-7.41412482991643e-07,-4.3698147277877303e-07,3.7608739064638275e-06,-2.163539659438257e-06,-6.777007514807545e-06,-1.7349804977433008e-06,-1.9974835774581943e-05,5.9114464866453644e-05,-2.6312058662421253e-05,-8.969215825466196e-06,-1.3240088306808292e-06,-9.040193714151183e-07,3.876974298190725e-05,-2.1722077038154473e-06,7.78877924570594e-08,-2.715196575878738e-06,-1.265379897776717e-06,-2.7363816464957403e-06,6.840855590519132e-08,6.13494416803054e-08,343.28232062841977,1.331472668756052e-06,2.552936138487649e-08,-2.331054045575205e-06,-8.401656211244404e-07,-4.504697380115154e-06,3.3866095198339356e-08,-7.815778068594161e-09,-3.861455039580486e-08,-4.6209262668325857e-07,-1.0418858610994443e-08,-3.883782351958871e-08,-2.978135199810389e-07,1.8256720989475064e-07,-3.878821572633033e-07,-1.837244198957789e-06,-2.408869911477684e-06,-1.3186066790296672e-05,-2.1256671059335095e-05,-2.1675630990391442e-05,1.729081005934103e-06,1.0551066191424903e-06,6.731436083340905e-07,9.013717649798447e-06,-2.4482268311306944e-09,-4.983922869265676e-07,1.8774172707956303e-06,1.8949608691334227e-07,-1.8287425989251672e-07,-1.9465107933470987e-07,-2.064311834838952e-08,-343.9260610001096,-5.148940065301866e-07,-6.911089140207714e-23,-5.443911181691672e-23,2.2993476687448692e-07,-0.020855216981928812
2018-03-01,2018-09-01,0.8113271366093855,-0.5919178679472231,0.865490605538848,0.8748134000632765,1.9690965428130762,0.8576455440631631,99.99999999999999,1.7677805485278177,-2.9167767316383015,1.300611302518411,0.9846101138386132,0.2829876115603089,-0.8143855820004408,-0.38852754513907556,0.9082269287552688,1.3865305956303584,0.5789465455339204,1.0918457934040637,1.1011345899666045,-8.64074736879397e-06,-2.0334730788489188e-07,-1.229058233276449e-07,9.164177137776687e-07,-5.29602617900876e-07,-8.41557810308561e-08,-2.418072085127626e-07,-1.7605312898798612e-06,2.0000231330258445e-06,2.0455145164557853e-06,9.13057693248619e-06,-1.2243143260071182e-06,-1.563883067968457e-05,-1.650408733836598e-05,2.638197095319222e-06,4.212309431637462e-06,-1.4210776658595483e-06,-1.8446363891145236e-06,-2.928929499350029e-05,9.893178594690647e-07,1.5903036214693113e-06,-3.5637203542001736e-06,1.2717482889173247e-06,1.6813958623380192e-06,2.085256782380594e-08,2.1559781714378378e-07,341.61400141789045,-7.255668890710373e-07,-6.23455158911215e-07,-6.392419542858922e-07,6.025513466173184e-07,-3.3677262546140207e-06,9.595851065399077e-09,-1.1878792576139197e-06,-7.909317404795138e-07,1.1670559642019273e-07,-7.710486825079809e-08,-3.265667188567926e-09,5.509811400035475e-07,-2.110145681861953e-07,9.960839481472229e-07,1.3346675409911949e-06,1.6062148360399145e-07,2.320228652951555e-05,7.122395516825879e-06,-5.894941793051698e-06,1.1444325117212616e-06,-1.1574425275463076e-06,-3.2280275316680126e-07,4.2550636689142364e-05,-2.6666498575582006e-06,1.7510743960634677e-06,-1.1749797819816942e-06,4.5438770723930996e-08,1.8333360291343018e-06,3.4028115532374325e-09,-1.8221354928104067e-08,-342.26511209873826,3.03455879820014e-22,1.0998864534336137e-06,4.38076019267077e-22,-3.453550277521902e-08,-0.016057769909781253
2018-06-01,2018-12-01,-1.0459006314279762,-0.5799143671188913,0.3599380634582655,0.3698420266767657,0.2171431985247363,0.36594855826591494,26.674465248661125,1.0442616266870897,-1.9317471678889306,1.253527488754789,0.6891110180748505,0.922104150229393,-0.14149128995493362,0.2668184494357783,1.5500601281808675,2.039590566639428,1.2120613337888386,0.16763548080147342,0.1671146735949723,6.637896791309061e-06,-1.5693260788149726e-06,1.9565426372954579e-07,0.0,0.0,2.1058703905932337e-07,-1.4295817779564183e-07,-2.1150705021362148e-08,4.198686250363582e-06,-2.8917354944229646e-06,3.058018785083642e-06,2.343712344948255e-06,3.636512548503245e-06,-3.355066475825971e-05,1.9559789401954642e-05,-1.0857054961108972e-06,7.937086375866501e-07,2.0130335479090792e-06,8.528398251362268e-06,4.34370846149804e-06,-9.340946387539044e-07,-2.6353519675950967e-06,-1.4071929614831193e-06,-1.0032432627204138e-06,-3.457101360209153e-07,3.405100149264315e-07,344.8204042988335,-3.448187686912274e-07,1.6471435131258854e-07,-1.20914385785559e-07,-1.5386900223488934e-08,-1.9886379277392507e-07,1.6769111797885536e-09,-2.9017676466836573e-07,-4.1434154370397286e-08,5.286591519048848e-07,-8.111452931341902e-08,1.0576592590745307e-07,8.125873942643232e-07,7.635185409749385e-07,8.382675527863554e-07,6.468614789196392e-07,4.4892707496409685e-06,-1.712767004822664e-05,-9.729367756047724e-06,1.515505364799712e-05,-3.1283403103200693e-07,2.379585200674657e-07,-1.6704488053806592e-06,-2.1958265646746383e-05,1.4534698674620027e-06,2.609278645120433e-06,-3.7327372658190303e-06,-5.20001411228246e-07,5.052741934283817e-07,3.2279814303634416e-07,-5.358187178100047e-07,-345.29841743635063,-1.4146873819331811e-06,6.057669593659151e-25,4.0833926469929983e-23,4.931102128605764e-07,-0.09112976241038326
2018-09-01,2019-03-01,0.641528989091178,-0.3735577228226483,0.6132014666092487,0.6181833275685931,1.0304010327040234,0.7806986433087624,19.24771367639719,0.3131920246416107,-0.7950823321622406,1.2891184732905159,0.7264280628502817,0.21888470689336859,-0.8997965753589355,-0.43965433355038275,0.8869401499968095,1.3151649515777184,0.40566356830469275,0.3316968324758728,0.33415099604196136,1.4075276141486366e-05,-1.0993360159155258e-07,1.4480492378033883e-07,1.8180391638060226e-07,4.1685342716971034e-08,-3.0199288714139866e-07,-2.0883611585466958e-07,2.480853860636437e-06,-3.9654505889373416e-08,7.582453407772935e-08,-6.154359659910226e-06,-2.678454741870878e-06,-3.21969753926645e-05,-5.627635434994417e-05,4.124630721923085e-06,-4.615660385934828e-06,-2.199201552405099e-06,-1.9927714430858015e-06,1.7044313341180288e-05,-6.897160373000033e-06,-2.280263808126464e-06,-4.3843218620210786e-08,4.167217034718898e-06,-3.0022938861042624e-07,6.689102568742528e-08,-8.152497839756575e-08,294.55482335357203,1.326146608298925e-07,-4.302546520552389e-07,5.518216716270309e-07,6.888488314520183e-08,3.241611333759189e-06,-5.8061388403051077e-08,-2.1613701496131875e-08,-5.3525835731120395e-08,1.4474031160453215e-07,1.4725665210069905e-07,-1.7316550216320898e-07,3.707057695534921e-07,1.8888291587157975e-08,-3.021409164812357e-07,-8.876847561859497e-07,8.635558171273601e-07,1.8705833621410085e-05,2.6450076077899283e-05,-9.348454660512118e-06,-3.9256674752175505e-06,1.5738813107272443e-06,3.540456573706231e-06,-2.8284918496668008e-05,1.3532608400978925e-06,3.1651023722824975e-06,1.0659217081406411e-06,1.1576973498805326e-06,3.353328216341606e-07,-1.5213497843985438e-09,-5.5758824170571716e-08,-294.93305794802,6.839400690845796e-23,3.6727109316721317e-07,7.137510018735283e-23,-2.2620319661858332e-07,-0.007552886460295603
2018-12-01,2019-06-01,2.242808096645988,-0.2818194334081858,1.8110387007196538,1.8322078690250065,6.373744165507437,0.9685503528945263,30.142963949115178,-0.09676502234822744,-0.16689069270926282,1.3182137040950166,0.5984537326090056,-0.663860032418081,-1.8327692643776075,-1.322046345925506,-0.0017088744563111791,0.3911348442539727,-0.5229503157139881,0.46630526531438354,0.4677066562147346,1.2960529964202866e-05,-2.8468262020134064e-07,3.461784404505482e-08,-4.767143032597065e-07,-1.1655378370546974e-07,-2.3548134591924708e-07,-7.240040555403442e-07,1.8139534986308884e-07,-5.329157021923724e-07,-3.8693500314203006e-06,5.286342395382217e-06,3.632784516245623e-06,-1.3020620687400129e-05,-1.3593326693047447e-05,-1.563785001978597e-05,8.349441151443475e-07,7.438158734755885e-07,-5.510295543978794e-06,-2.8310265992733376e-06,6.446344107065876e-07,1.6386017913647198e-06,-3.862476672479114e-07,-2.170509493524838e-06,-3.0054585349446276e-07,1.8608514750716327e-08,2.3483923548128674e-08,283.899033150384,-1.6464633453317946e-06,8.014356370247554e-07,-6.536647904778626e-07,6.260818258555974e-07,-3.400565790697205e-06,4.602452116838673e-07,-7.583816258666493e-08,5.372362954483633e-07,0.0,3.3813423165924416e-08,1.7534329131741122e-09,-6.159870658075127e-07,2.6062768722481737e-07,-1.7824838553461214e-07,4.471253966026796e-06,1.578858362331088e-06,-1.4701931735043681e-06,6.740996682627221e-06,-2.9707511338312126e-06,-1.3975080243306552e-06,1.4430460101753192e-07,5.193269992664485e-07,-1.9978418061387365e-05,-2.4266134760450346e-06,-1.5809143617507097e-06,-2.9844940343333727e-07,1.4974181941046325e-06,-8.675665899631038e-07,1.314823972020417e-08,6.296854479125413e-09,-284.23197704357955,-4.823595053964114e-07,-4.0662046049331777e-23,-3.907738828022712e-22,1.8935008545036337e-07,0.008951527096453431
2019-03-01,2019-09-01,-0.3451221253962799,-0.37709251815407147,0.3147491758218649,0.32797665064137055,0.0010221060130874513,0.5138521994410992,99.99999999999996,-1.1235104201499178,1.1106135122484644,1.3338136322719283,0.148203431847449,0.13221823546855324,-0.9776913663848527,-0.5605057518471039,0.8041300756251378,1.2124079540462616,0.320764494545589,0.6138973080636456,0.6155590884057923,-0.00010749389840091327,2.138755759995245e-08,6.39508157546309e-09,2.174319775663022e-07,-4.907229946614564e-07,3.7088992096710313e-07,-5.447410453285455e-07,6.039205475788373e-07,3.648307040072654e-06,-2.8490312429877245e-06,-8.370073057687653e-07,4.006099124687036e-06,-1.2969856043199308e-05,-2.3955566142117846e-05,-1.3757777135427181e-05,5.47884454068464e-07,1.4981213637852236e-07,1.0184793048033313e-05,0.0001036122987098257,2.0358820427134514e-05,-1.3387505298582225e-05,3.5720852200865954e-06,-3.0169807706605324e-06,1.1080598156326263e-06,-1.182453036225853e-06,-1.6344928969315584e-06,290.365456200015,1.011643173904042e-06,7.268360812349214e-07,6.728460953375013e-07,1.70561655742356e-06,3.77168908099024e-06,1.0674265022891944e-08,9.276557538622198e-08,-3.6693818377905167e-07,1.196594275563903e-07,-2.7146182843946173e-08,-1.7330575870545602e-07,1.5698907218133088e-07,-2.510800290144039e-07,-5.649481492103897e-07,-1.5384707444969383e-06,1.8248964197163242e-06,-1.4990267913606306e-05,-8.285984033982289e-06,-3.494601401020067e-06,-6.337597228172272e-07,3.208960471229015e-07,-2.895662090792895e-07,-7.484460709558848e-06,-1.286758200554804e-06,3.0791020075023457e-06,4.858968927389147e-07,1.9732994736085746e-08,8.495869602564443e-07,-5.2730967514150386e-08,-1.560595393983387e-08,-290.7821822971215,-7.75638154443981e-23,2.791645185162095e-07,-3.9179962763832965e-22,-4.457224593480433e-07,0.025415295072620022
2019-06-01,2019-12-01,-1.9315181162815165,-0.30813268838167684,0.9964762322248661,1.0041262688139099,2.6353802475175456,0.12454632713666461,99.99999999999976,-1.8392538131723448,2.202329389687496,1.3664075964209963,0.1556449901822354,0.9673377041321553,-0.2186032434364189,0.2632041304028362,1.6365234977192564,2.111689777384108,1.1214040483229937,0.3158308427890082,0.31807259809337096,-1.4145863130704538e-05,1.3757248379198261e-06,-3.9818422199482775e-07,2.3686298561152446e-07,-6.351785962187025e-08,-8.899539459160017e-08,-1.929388933627394e-06,6.691659987741695e-07,-2.909405255384691e-06,6.407690812595977e-06,-6.201928966205499e-07,-3.4608150473943334e-07,-4.198078215773184e-05,-0.00015051134650860613,-0.00010185647360971286,-1.9637638630113807e-05,4.971693125862787e-06,-1.3607484874188279e-05,8.556616605993175e-06,2.5553143061681145e-05,-7.694373999783579e-06,-3.8358055409555615e-06,-8.556618284876352e-06,3.6545395794296723e-06,-1.6839257779693073e-07,2.6154512794646393e-06,291.6939684282273,-2.424017273610532e-06,-1.9731389818950907e-06,-3.591538483292582e-06,3.1929016946115674e-07,-1.977894230612181e-06,4.255650040111011e-08,-1.2793565449873067e-07,1.5283890975361302e-07,2.2982454607611494e-08,2.2135024154500425e-08,7.016830637889701e-08,1.1419313337832158e-08,-9.248958566392908e-07,-3.985845185088615e-07,1.1057433363555204e-06,1.4568438602356527e-07,-7.37033836923989e-07,1.9916098824547523e-07,7.78541313911578e-06,-2.747920799858935e-06,3.852135138975266e-07,2.4010180823212137e-06,3.102908544643981e-06,-8.264170569569214e-07,1.0654696732931403e-06,1.5042816275479972e-06,3.0608314714187376e-07,3.7057867764588347e-07,-2.7203894126508014e-07,2.5272539844479076e-07,-292.06752236145303,9.47295587151065e-07,2.4240932178852718e-23,-6.867657252229845e-23,3.4325430420024764e-07,0.00866319908339203
2019-09-01,2020-03-01,-0.6878695373506716,-0.26629637906098136,0.37420936792438636,0.37422620899723297,0.1777239277903442,0.3686116468569094,99.99999999999221,-0.763394879596703,0.7865786617600405,1.337123421642093,-0.5164958313734758,-0.30570925222863066,-1.402264317813899,-0.9599819207439422,0.3892767908466284,0.819342480938216,-0.17256106269813998,0.22645548025737489,0.22524343201744496,0.00013880459563164497,-6.78290180892722e-07,5.710461407099191e-08,2.3671195843446436e-07,-2.5631161557289446e-06,1.2049950848757485e-06,4.603693500720523e-07,-1.1125507769142613e-08,9.047452707511784e-06,-2.7699376535410093e-06,-2.320952022894304e-05,4.397909432774176e-06,-1.2825159887904308e-05,-0.0001665331178895713,3.4501956291424446e-05,-2.3214060774225503e-06,3.176684740088309e-06,-9.709706515368597e-06,4.029394470031844e-06,1.1550319165032127e-05,-1.8267580568029317e-05,-2.976757424618349e-07,-3.652388829612675e-06,2.2797599733094873e-06,-1.0256915318601453e-06,7.360598438348724e-08,276.65433183299746,2.1812080988592395e-06,5.208508974347772e-06,7.206065343128808e-06,-2.2064590801444912e-07,2.412504752317451e-06,-2.544071404297372e-07,-1.3047653924010415e-07,-1.367941382541247e-07,-5.759601588140482e-08,-7.490619238764508e-08,7.892439890564858e-08,-9.419904020196407e-08,3.7498225068770287e-07,-1.9011659998736366e-07,-1.1103675674629543e-06,-2.1856995876693154e-07,1.4207531698906786e-05,2.9020203732294164e-05,6.569592174254363e-07,1.7041675081696744e-07,-4.4642853163963974e-08,2.582059578770894e-06,1.7170473188185107e-05,-1.105875478608098e-06,-9.245551478119487e-07,-6.817244970063598e-07,5.025304053271943e-07,1.1045072640389574e-06,1.154952726558181e-08,6.656929115462757e-09,-276.8662711617486,-5.343349975160308e-23,-7.237481973679053e-07,-4.733853733255269e-23,-8.691316193430558e-08,-0.02573627431222117
2019-12-01,2020-06-01,-0.6344080498598359,-0.24511779774596737,0.36277566866998234,0.371281844647184,0.1515469003908793,0.39698071754830566,99.99999999999999,2.6660591140033696,-3.9124400388264178,1.3617584199282209,-1.2829630830706762,-1.088317957013742,-2.2241868748265126,-1.7882269591443956,-0.3799093652117493,0.061989476717408905,-0.9657590581407582,0.20858151947544082,0.21257073028513285,7.559256539000518e-05,-6.604167954423383e-08,-2.4599233995846368e-08,2.9545706952527905e-07,-8.585888222365457e-08,6.352001915365098e-07,-2.0754096917639083e-06,-9.910577550818671e-09,-3.7694962903542833e-06,-2.2183214374214559e-07,-6.512016971262941e-06,-1.0676815464922433e-05,-1.8051556725980194e-05,-4.031553865630986e-05,-4.011193344701652e-05,-1.4802953060236032e-05,4.808752856582077e-06,-8.341090542857344e-06,2.68515967581375e-05,1.836704390069584e-05,-1.5224388987219829e-05,1.654935948454265e-06,-3.6100076550343956e-06,1.9028970378291658e-06,-7.879056963933584e-07,6.232227718966648e-07,278.00372315974573,-2.341281844084614e-06,-3.2221297527992027e-06,2.2855045006871023e-06,-1.3589071553789073e-07,2.793698817347069e-06,1.3399563038223322e-08,1.166466600511505e-08,1.4770009077789848e-07,3.5259720701686834e-08,-2.1705911803630218e-07,2.0856011045201763e-08,-2.987141766954178e-07,-5.323428160474176e-07,-3.0853824869616275e-07,-7.047402987415531e-07,1.9612387555631892e-07,1.2605977118215152e-05,-8.722054095552492e-06,-3.699220866881212e-06,-4.7196491666735105e-07,-6.239666387885503e-07,6.043956137630943e-08,-2.3524504946840512e-05,-6.264400806432674e-08,-1.8230419436916189e-06,-3.801518193509595e-07,-1.09500643577574e-06,-2.3723941156254026e-07,3.783451161746878e-08,2.1252088069002542e-08,-278.2251290288569,5.709935969982483e-07,8.260042639043391e-23,8.052866781275982e-23,2.7602274303692394e-09,-0.024948230489662555
2020-03-01,2020-09-01,-0.9183304061767928,-0.40572109196284745,0.4009436626811073,0.4028725915192096,0.2627683090188914,0.3514952778000852,99.99999999999787,0.7002207127047778,-1.3564899041565517,1.3708114911730471,-0.8030999717637322,-0.5467953146567595,-1.6962705648082126,-1.2198581986126495,0.1386891671828143,0.6187162665049472,-0.3439347686753358,0.16328626702351173,0.16524690320246768,4.8090864560328814e-05,7.496301807409551e-07,3.5988170349131024e-07,-3.071512495108146e-07,-0.0,1.4419851165088413e-07,2.0518291093717555e-07,1.1526416325208025e-06,5.803014566274637e-07,-8.110876190794033e-09,-2.039094660828016e-05,1.970664311150624e-05,-1.2048311757061872e-06,-0.00013052380736702272,-6.899383145736163e-05,4.55087829843359e-06,1.046126184788669e-06,-5.948352250878232e-06,5.480854565476397e-05,-7.69627210711037e-06,-1.4904043762345913e-05,-2.5234794840628187e-07,-1.880397103156528e-06,-7.186499439201664e-07,1.2597942154841256e-06,-6.464589428749917e-07,312.9858172978182,-6.2767314263498964e-06,7.297803186083593e-06,-2.1321102375898357e-06,1.0340132196076769e-06,1.8807038106763218e-06,4.101549206291521e-08,2.134834343210363e-07,4.114611188149319e-08,-9.056335993025541e-08,6.761294362845591e-08,1.697674373836317e-07,-3.9021199744169044e-08,5.001425333605666e-08,8.41419886220514e-08,7.026974376075998e-08,1.1014991986687736e-07,1.090142459517167e-05,1.4946035626163624e-05,1.8175059328377447e-06,-2.406948865514219e-07,-3.1030103754036077e-07,-4.129637081906404e-07,-3.575255391955571e-05,1.357259256488469e-07,2.94883004278657e-06,-1.204472820353304e-06,5.568993735268899e-07,2.9849755127437815e-07,-2.7624585608037977e-09,-2.4171524932464215e-09,-313.2805073859067,-1.6396406961970393e-22,-2.8976303555041113e-07,5.836779496133224e-23,3.101163373342727e-07,-0.07723136693620243
2020-06-01,2020-12-01,-0.999896347652296,-0.40284390919507246,0.4237974707245653,0.42835145384695755,0.35647161426771673,0.3350267072451265,99.99999999999991,1.7316960274268711,-2.7967837009102845,1.3747329167530027,-0.8171521987560659,-0.5186259795274542,-1.6817625879207545,-1.2121387231180825,0.19242644322418792,0.6003158431899933,-0.31720402492991795,0.19330989481602184,0.19601013712233972,2.482975869922778e-05,-1.1182271866395068e-07,2.736795976954575e-07,-2.2332341455714062e-07,1.6668385705762418e-06,7.516767659282161e-08,-3.36385291257642e-07,-4.704059948093539e-06,-1.6014522622880936e-07,-3.493679191718268e-07,-1.9994544574875708e-05,1.4795718987099532e-05,-4.3631001749030823e-07,-6.891565790030613e-05,4.208972781364851e-06,-6.597270542523071e-07,3.29792923650128e-06,3.4545793459121692e-06,4.436736757247856e-05,-6.058204446692438e-06,-1.5671793948585247e-05,-1.2834029238383485e-08,-9.404755336310224e-06,6.881107082812764e-07,-1.7196167634646964e-06,-1.1799836302100327e-06,314.38090966702924,-5.449594009862946e-06,-3.199324763974087e-06,1.6824490309029727e-06,-5.391724491238656e-07,-4.469688454461266e-06,2.4099838513163286e-08,3.6760645835884854e-07,3.625063156653442e-08,5.202416893478175e-08,1.3233906296875141e-08,3.648491361796669e-08,-2.5801208168067167e-09,3.534694916795719e-08,7.34428304875772e-10,-3.8220525468368907e-07,-2.539771106076473e-06,-7.825738726341384e-07,-2.7185510413921308e-05,4.422303958133381e-06,-4.41520457823686e-10,5.408203998088874e-07,1.7484491355263646e-06,3.7500145600339825e-06,-1.5224990324976045e-06,8.676216311638313e-07,6.406854648386636e-09,1.9433701663802126e-06,-7.677405413742397e-08,-2.8564838488351515e-08,1.302174090345169e-08,-314.7735859496585,3.2189254736373254e-08,5.399606255804167e-23,-2.894468042016026e-23,8.831313938289591e-07,-0.04010105563765724
2020-09-01,2021-03-01,0.4272757134298643,-0.515347805484272,0.5596044453578021,0.5704003239294263,0.8885390984100691,0.7573507210505741,99.99999999999999,-0.1312125914911273,-0.3263383809147497,1.3254419393658194,-0.2455273463734641,-0.7168391058305323,-1.8087289474687975,-1.3532381292078666,-0.02936534115750915,0.41145523935812334,-0.45916520308839637,0.2804184253847683,0.2858403934144185,1.4560532412750612e-05,-1.1598021812086851e-07,7.836210074998873e-07,-1.3644955597053473e-05,3.619332282092184e-07,-6.614949183453327e-07,-4.5191563793415636e-07,3.9735799747416e-08,2.142093199566316e-06,-3.3932382096846952e-06,-1.0565401320667854e-06,7.148068578036193e-05,-5.418377067470689e-06,1.5132282934817907e-05,-3.4390666948486604e-06,-1.2719885161849889e-05,-1.3235218325464379e-08,-8.865510391382029e-07,3.614647276624123e-05,-7.584760558424245e-06,2.0363857184511432e-05,-5.664407463855278e-06,2.6703626870639214e-05,1.7420881264636878e-06,1.4619435240399787e-06,-7.770599334823356e-07,319.37382082357317,5.088122155636693e-06,3.858229633085413e-06,-1.178923043267801e-06,1.1588149766283766e-06,2.1246607120992515e-06,5.385955743719197e-09,-1.304113909688548e-07,2.2439774888163273e-06,1.5679075919433558e-07,7.144487599096704e-08,-4.3344030312273146e-08,-1.3577007539284616e-06,2.6277285242353625e-06,1.48243451371462e-07,-1.341652237932497e-06,-1.3208000749289988e-05,2.713899219617395e-06,-1.751346853553198e-05,-3.7989235210992086e-06,9.916184629120707e-07,6.291268942523283e-08,1.388235015970706e-06,-1.0966769188416934e-05,8.545370908227139e-07,4.0305394564692926e-07,-8.374778375095016e-07,-1.2454413830588307e-06,-4.082834359155483e-07,3.07949961222827e-09,3.1759187157008e-08,-319.8059180756573,-4.897269573357609e-23,-2.3729028286148586e-07,-8.754499607276699e-23,-2.375323941797798e-07,-0.03025457226285902
2020-12-01,2021-06-01,2.205197949682791,-0.45800723026719437,1.962135063714312,1.9794856182358127,7.092661830512435,0.9785656471855227,99.9999999999999,-1.9478713208845722,2.1027607892878284,1.3245228311086803,0.6026508010152476,-0.7289517889597452,-1.8601218178959908,-1.4247352397545392,-0.07502742964622514,0.34099098040400494,-0.499948173826148,0.6608704535349752,0.6656517844125759,-3.565600510162523e-05,-5.074268289510299e-06,6.324620050532775e-07,4.2405928952284513e-07,3.927711688037505e-08,-9.93195081222792e-07,-6.55631947256922e-07,5.086339753621324e-06,-4.6887071123232446e-05,-9.882403768510435e-08,-1.273062189170207e-05,1.8003994871959446e-05,1.878365679646814e-05,-7.702834455263186e-05,-3.70650280175571e-05,-1.641566057257735e-05,4.937687984696447e-06,-1.6359634396431224e-05,4.8704775991832105e-05,4.832044874868196e-06,6.038794166197162e-06,7.066055643333985e-06,7.3107447754024834e-06,-1.5865476711825157e-06,1.551330862876524e-08,2.6124823224696553e-08,309.19499076563386,5.863565236221444e-07,4.3396065877996976e-06,8.660826518602088e-06,4.090665902869261e-06,2.711991930080348e-07,7.399359584366177e-07,2.3500494214015753e-06,1.0286497312730443e-07,-1.6221546394960923e-07,-2.700487403970622e-08,-2.5189614060495495e-07,-2.5990902525074808e-06,-4.270467390115583e-06,-5.646402168421737e-08,-2.6459086752224037e-07,-4.238515161918289e-09,3.1551605208206066e-06,1.1646809440452284e-05,-5.612919216201237e-06,-5.571289424528181e-07,-6.670828924731606e-08,-1.4453476130225177e-07,9.03079257758404e-06,3.836291157982647e-07,-1.6542038927355152e-06,1.6989337288768428e-07,1.8751912829086694e-06,-6.879174962890139e-07,4.0439466994085585e-09,-5.4927499876378665e-09,-309.7161586763613,1.3599214827278996e-06,5.593854157835777e-23,-1.942587885045397e-22,5.66361365942414e-07,0.02785746157347719
2021-03-01,2021-09-01,1.448632615480605,-0.5693013914167548,1.3540880092542487,1.3707418977005152,4.072057656192834,0.936326260514971,20.454092887402854,-0.14956617772545944,-0.3798673468128761,1.2793881834206415,0.9379541644552348,-0.07101283899344524,-1.1825058081359414,-0.7438272961970174,0.5794107157261252,1.0402572610540883,0.21363785671493218,1.144784395857198,1.1558564331528436,-0.00013116701211735417,-2.017993089345696e-06,-3.648347366081828e-07,-9.889087052035493e-07,4.091010636822861e-07,1.4519551183893195e-06,6.863029288110031e-08,6.283756949492695e-05,-0.00015215603671373622,6.092957505633762e-06,-6.8026671845991586e-06,-1.3118198642304646e-05,-3.106657276961664e-05,-0.0003201638908919459,-1.8747618446079394e-05,-1.4513702515285722e-05,-2.6774508808876764e-07,-3.2830430171357e-06,5.810944653114987e-05,-1.3886318074502304e-06,-8.159415543627502e-06,6.73826697488951e-06,-2.174687517583944e-05,-1.4104661882531532e-06,-3.5708643846340344e-07,4.551241520613094e-07,340.2543245134821,-1.9577011635394037e-06,-7.744520461962762e-06,-2.039935594412099e-06,3.2435246473618598e-06,-1.2707380865703995e-05,1.8742205667067817e-08,-1.525161555804898e-06,1.3288527760358727e-07,1.4667796510306384e-07,-1.3670347818443014e-07,-1.638457265576516e-08,-4.15170385023082e-06,-6.56155709181875e-06,-9.690782526125562e-08,-3.369806642583233e-08,1.4271512597065796e-06,9.843119735398044e-06,2.19329147695965e-06,-3.522093556639322e-06,4.259468508771212e-07,-2.813528314768153e-07,2.001220309375613e-07,3.720612900792145e-05,-6.482388437768018e-07,3.7122332206571815e-07,-6.575532720530419e-07,6.555887863526864e-08,1.3203003442996615e-06,7.539633297092252e-08,-3.783420427367137e-08,-340.7263664066613,1.6319930398439022e-22,-1.8425029719004044e-07,-8.113166429291151e-23,2.498295547400348e-07,-0.06257200398360728
2021-06-01,2021-12-01,0.8337959508244452,-0.518465527467429,0.8121026606081174,0.8131903856191666,1.828611105672125,0.8414668830067369,99.99999999999999,0.051837125393206084,-0.5831287296324519,1.339538494157985,1.5194969502536182,0.843366211107681,-0.27663446398323494,0.1769228899854168,1.5321401664384664,1.9388174158401048,1.1025989748413956,0.6710076030718815,0.6737394199612768,-9.774841096890607e-05,-7.380782835931891e-07,1.0411578878741407e-07,5.218114001746172e-07,-1.8881864786701067e-06,9.954186674739284e-07,3.5064935153265796e-06,-3.2358945489735674e-07,-1.2231180118283942e-06,-2.5698945270199827e-06,1.995096239842857e-06,2.0396329322099718e-07,-4.413316300431909e-05,0.00011838752082013386,4.333172971943435e-05,-1.1617041208224767e-05,8.631439368953013e-06,-1.0319190686773782e-05,1.2027417821851169e-05,8.896970071780566e-06,-9.971539815422624e-06,-1.2200603675529368e-05,-1.4065009212748198e-05,-2.413985509726851e-06,6.712126240874686e-07,2.1099399142767295e-07,327.61849201077774,-3.637258375562116e-06,-3.2392664984362523e-06,4.872489380276245e-06,-2.4689397055754235e-06,-4.0405210390226195e-06,-3.077636758313126e-09,1.084083891333345e-06,7.175179776842902e-07,3.8131798859105343e-07,-1.2374792484532913e-07,5.961531786779684e-08,-2.8682767954139427e-07,2.835540803159762e-07,3.3726753928492925e-07,-1.2655115906667047e-07,-5.612541757585335e-07,3.0566187746353634e-06,1.0776038387912815e-05,-9.39136815470904e-06,3.679260100398008e-06,-2.5259673440045773e-07,-7.16981909908974e-07,-7.48454379005906e-06,-1.0915335820129854e-07,-1.4875821869413064e-06,-2.018884192014453e-06,-1.3457092405406422e-06,-4.604943109138191e-07,2.7003687513955886e-08,-5.711132555741354e-08,-328.0867826167178,1.0936858974152006e-07,-2.3223190637408735e-23,9.792502633388796e-24,-1.8693600540027507e-07,-0.03894113266507599
2021-09-01,2022-03-01,3.267702542063766,-0.37747728437613903,2.9179635563913466,2.947613599408536,13.287335967084458,0.9966156156230145,45.416717988075696,0.5631214298298107,-1.098111432989687,1.2628462586905629,2.3581675787721856,0.5355776655522331,-0.5140177139196056,-0.08892741840422962,1.193071569854342,1.5918079903416709,0.7243163077403025,1.720563025153752,1.7364709488966499,-0.0001095454259605626,9.203350580408534e-08,-8.627320049448198e-09,1.429610872498928e-06,6.872118961970758e-07,3.6684405819352614e-07,-8.747158106435322e-08,-8.657107888905311e-07,-3.493106562966089e-07,1.7231300816975097e-08,-2.13046483048376e-05,-6.804201431322466e-07,1.1915465698134092e-05,-0.0001800584464928484,-3.417211709114711e-05,-1.2814850917671343e-05,2.587700395929641e-06,-3.2635584164961414e-05,-4.911530349741123e-05,2.966371689913322e-06,-8.185039783365613e-07,-8.54270767992976e-06,-8.486098212143203e-06,-4.592887165860413e-06,-5.209819406371288e-07,5.564577501610035e-07,297.69445799318055,4.499910162456328e-06,-1.3249725806585489e-05,8.816171850606548e-07,-1.4078644934917683e-07,-1.941777451256864e-06,-6.687580938201474e-08,6.458542329888663e-08,-9.426348355681753e-07,-1.2413224661762663e-07,-1.3081866705057908e-08,4.4250062473462335e-07,-1.1090927314955669e-08,-7.549404313810308e-07,1.6252060352393549e-06,-1.002753983321267e-06,2.694630397985164e-07,8.301439347669557e-06,2.300947831740956e-06,3.4541919218633795e-06,2.2846634610708194e-06,6.424639118568906e-08,-4.479647461730076e-07,2.7657814695829665e-05,9.26947768914279e-07,-7.85741013461908e-08,-9.200042673434228e-08,-1.4641365850969316e-07,1.5452411690169375e-06,-7.915593931483875e-08,5.765037668511281e-09,-298.06658981963244,5.420889509282888e-23,-8.114361805019926e-07,-1.274766136282081e-22,-3.834433569643578e-07,-0.008594024396843952
2021-12-01,2022-06-01,5.8240871892,-0.25579252054686996,5.314002562685054,5.346438542094128,36.964937284991684,0.9999863235819433,99.99999999999999,1.490874508549814,-2.2596132940453826,1.335097842417242,3.3289415700122227,0.28900171513878764,-0.8138789649597779,-0.37326459211888413,0.9706860856022805,1.4207471706715153,0.4168979754122226,2.593693043919743,2.6099089672238796,-0.00031806462756395887,4.536695602156146e-06,-5.179692511085202e-07,9.073354119240024e-07,7.546106844430444e-07,-7.82056832797581e-07,-8.597429823233405e-07,-4.371904462014386e-06,1.6693749952478682e-07,4.489530616040538e-06,4.160950135840835e-06,-9.379512751662137e-06,-2.4142985809273185e-05,9.146164655788772e-05,-5.987919172750696e-05,-9.99773437892541e-06,-5.930502558470588e-07,-1.6953453909890975e-05,-3.3760045333650396e-05,2.5012769094015914e-05,2.977906660917923e-06,5.429570791159371e-06,-7.265042462088299e-07,-9.354357727353332e-06,-5.733560066098881e-07,-1.5605097784155699e-06,272.9707735168508,9.758600328719331e-06,5.961442555453793e-06,1.0954950867620003e-06,-5.404045642138973e-07,6.44622698286411e-07,-1.6963775781115334e-07,1.8551821118974978e-07,8.944390326665155e-07,2.0382644418375364e-08,2.501776893620453e-08,9.561899282101123e-09,2.1989394263591975e-07,3.3057595810100104e-08,-3.5010746433575255e-07,6.401825565088087e-07,4.3687958766396745e-06,1.7419430582105338e-05,-1.0472292920253898e-05,8.46078026877817e-06,1.3187379817952026e-08,-7.407353250772844e-08,-6.112809343745245e-07,-2.9314556177748202e-05,3.463657625944843e-07,-7.288201712998591e-07,2.9248066682011373e-06,1.983808916688392e-06,-1.9937433061682062e-07,5.804653584564455e-09,-3.631444077336428e-08,-273.2936652505943,-8.487795315646817e-07,5.1142604414924077e-23,1.1003756392410482e-22,-1.8532966794340932e-07,0.029202438490650677
2022-03-01,2022-09-01,3.133720561762665,-0.2393184817677742,2.6109025888643194,2.6355118275013236,11.37739238918074,0.9919120422501326,99.99999999999999,2.741420459543391,-3.864131547183737,1.315091090329689,3.200711551913216,1.514192030147996,0.4358986361534593,0.8335830992269735,2.19695758777626,2.6490788697925454,1.633851271031883,2.5250760541886854,2.541446097394117,-0.00020783093736695296,-5.322393626192014e-06,9.784720766505484e-07,-2.4408957724963957e-07,-0.0,-7.066652315617135e-08,-8.256630329774699e-07,1.5301694583678689e-06,-2.411193556171997e-06,-2.61271756374536e-06,-1.2921324958236825e-05,1.2889827855327038e-05,-9.270212145685216e-06,-2.239152345040679e-05,-2.9261962366273494e-05,-1.1579129276495996e-05,2.973776808770043e-06,-7.347450150345114e-06,9.850869320924261e-05,-3.038465716721471e-05,-3.720713689350445e-06,4.393368984300638e-06,-2.110657160264321e-06,4.337123264567498e-06,-1.0976004687013277e-06,-2.031949693485584e-07,262.9891356614941,-6.855204148378004e-06,-7.548349881683833e-06,7.588391046625455e-07,2.5205120016043497e-07,-8.438378849839266e-06,-2.7745248737673003e-07,-2.545095709513811e-07,1.8628415479276646e-07,-6.290334247135343e-08,6.721079308719341e-11,8.999255333056245e-08,1.324778080755872e-07,1.7070894687117282e-07,3.93889447847443e-07,-4.921117559239419e-07,-2.8128851222614242e-06,3.5867682239555545e-06,-3.8636254660609106e-06,-2.742542854464564e-08,5.148157361254218e-07,-8.914733881097876e-08,-1.0232852401252887e-06,1.9508949090192285e-05,-1.1149331384830485e-06,6.844375397386036e-07,-2.666672208312097e-06,8.789575496107851e-08,6.633486036555693e-07,-2.3948992362730874e-08,8.60172480885065e-09,-263.2513151915378,5.350521777719627e-23,-5.620671173130987e-07,-5.830062183376983e-23,-2.3979904999000693e-07,0.03355178000617922
2022-06-01,2022-12-01,-0.2226411730299915,-0.06854006956030037,0.3318615379200405,0.335413828683787,0.023747150090576454,0.45429950697494,19.932364354207817,0.1746960727929985,-0.3049475637031794,1.3572833555452206,2.8007230080850043,2.8777735598198495,1.7145018493273898,2.199201205080295,3.5647270498187584,4.093616871337193,2.9120435946,0.714681079932681,0.723319671934428,-1.9717412458416943e-05,3.4273106493242593e-07,2.3459363522734935e-07,-1.5924026416480383e-07,-2.063061134701291e-07,-4.352707352522836e-07,2.7144059255501993e-08,-1.5848141050518864e-07,7.84343826798156e-07,7.038119216491102e-07,-8.415297142135341e-06,2.893332799981978e-06,-4.762855828391054e-05,-6.67482529276882e-05,7.586249025315142e-06,2.3418845124253145e-07,2.795416486734645e-07,3.563204649607282e-06,-1.8600815450514044e-05,-1.413318483633942e-06,-2.8326698461023293e-06,-5.349636456264505e-07,9.438473455634485e-07,-4.17019002905087e-07,6.982583671936005e-07,6.518958921789725e-08,241.6028201533059,5.834208329016731e-07,1.400938187200693e-06,7.421132013353782e-07,5.727756846632642e-07,9.060668538244427e-06,6.632691361079951e-07,-7.248346939244346e-07,-7.831415376042795e-08,-1.602038755284379e-07,1.2079889175171392e-07,-5.528781423460172e-08,-3.801200573781976e-09,-1.3910196901015113e-08,-1.1263052626347849e-06,2.695443878244475e-06,-4.6574474646662685e-07,-1.3465194775911775e-05,1.6924848015053956e-05,-6.605360896204734e-06,6.310094822269564e-07,-1.7008476830453909e-07,-4.97479861497375e-07,-9.497633817614597e-06,2.9024591731884773e-06,1.0601748496437801e-06,2.003826529662259e-07,-1.327538888894353e-07,-1.6789429633125536e-07,7.180105779219766e-07,-1.340393881613857e-07,-241.68053721437812,6.621431780546149e-07,1.0509527999776837e-22,-1.031449356246621e-22,4.181592071434158e-08,0.005213633651599727
2022-09-01,2023-03-01,2.671801078281355,0.24062464702535508,1.6319260692318176,1.6457061118416811,5.91061883989466,0.942810658624408,69.07775846500601,0.03716069129064688,0.1964682441574829,1.5121009300427395,2.90276082002201,1.68717260439401,0.4371169701100928,0.9357508287417243,2.4480765048037125,2.946710320105525,1.5668602808813326,0.894540404147188,0.9024076850950471,-3.944972578951903e-06,2.3417318312978526e-07,-1.554892710620676e-07,6.409095649604699e-08,-1.6239299682685983e-06,-9.169102295798505e-08,-3.8736721420785544e-07,-1.1384737628441774e-07,-2.684747097139366e-07,2.0039021195567935e-06,-1.110992310958984e-05,2.3165232904468323e-07,-2.3427980356747467e-05,-1.0728176297824327e-06,2.6452883217761524e-05,1.4622826831479624e-09,3.3855905599765993e-06,-5.124333745732497e-07,-2.1843858540787763e-05,2.7694296497670883e-06,-1.490188418076278e-06,1.3169386200190792e-06,-2.0546647967911413e-06,-5.015993036361848e-08,4.160654045149597e-08,-4.4064856548548865e-08,182.65260383372248,1.679827049457857e-07,-6.019654126059639e-07,-1.6832398150937176e-07,1.5558276803862098e-06,4.723029280539389e-07,-1.084377511509173e-06,-1.1756516524475311e-06,-4.5838642609412756e-07,3.718984259284527e-07,1.8344838290441898e-07,-1.2286071942145468e-07,-7.830262960882559e-08,2.154826886395606e-07,-8.412751161220622e-08,-2.056094668451528e-06,2.022548794062607e-06,-9.022669863820221e-06,3.985846908362512e-05,-1.7789516534233058e-05,-1.1360118809160873e-08,-3.991998949592854e-06,3.662627323495759e-06,-4.06022785697128e-05,-2.018749400740931e-06,-4.4101276545296117e-07,-8.6926492442323e-08,-5.573553398384848e-06,-1.1478423093573097e-07,-2.3726781529716615e-07,4.4026711259068195e-09,-182.4509908805909,9.861471427215183e-23,1.5087333069884036e-07,-1.794365250080688e-22,4.4651638612862394e-07,0.023199918158896833
2022-12-01,2023-06-01,3.6154533198391903,0.4492299714250812,2.3415280155284575,2.36639706032152,10.024970292042653,0.9822113588837976,99.99999999999993,-2.33891421889374,3.9730341685191046,1.505696211896407,1.6964060734045994,0.11329439919754483,-1.1855211143899937,-0.6826415744695119,0.8393647397357294,1.3476722717602174,-0.11132058651499577,0.9670954377415976,0.9787528161159146,4.642175955997073e-05,3.4397409087481186e-07,9.104282622391405e-08,-9.543048972952702e-08,-1.2402982776433563e-06,3.9690922370175326e-07,1.5972918684732274e-06,-3.921527885349072e-07,-1.1397669645506357e-08,-1.1108977396335944e-06,-3.937714578523399e-06,2.867458030646967e-08,-5.682748531174548e-06,-1.0133760315412065e-06,1.6202541371471518e-06,3.687248345996431e-07,8.611544657771162e-07,-8.786536515579731e-07,1.5010450356418916e-06,9.972182966334185e-06,7.0381097650317e-06,9.792284396809832e-07,-7.612698108292319e-06,8.925047628071129e-08,2.8757802492082935e-08,-4.297485152988456e-08,176.6004018986705,1.551615762750715e-06,-7.332486056174696e-07,-1.4674350720393257e-06,-1.3598418824547333e-07,1.1182952870568821e-05,-6.323748795694986e-08,1.7838308756941966e-07,-1.3166183058428327e-07,-1.323725589339852e-07,2.064951272507588e-08,-1.1792996324381458e-06,2.7531439187331697e-08,5.190851229182335e-07,1.0478026164003883e-07,-3.7254176360512073e-06,3.89672646971927e-08,-2.6600516468178015e-05,1.9527962210714685e-05,7.544817968679603e-06,-2.3242131653915754e-07,-8.732205565526916e-07,-5.011235670742018e-07,4.775893652289033e-07,8.986168049141754e-07,1.2655835698913599e-06,6.297910526296957e-07,-5.084458364018059e-06,6.160109776489594e-08,-1.520955789753788e-07,-3.8175578655510495e-10,-176.14838090887972,-2.947557605843452e-07,1.6684963082411063e-22,2.0367867825580585e-22,-1.4993441481195296e-07,-0.06155679606531079
2023-03-01,2023-09-01,0.6104481732476685,0.3749751086166821,0.36399945742750495,0.3692240239730822,0.055447564166708714,0.5600673235006697,92.6859658550228,-0.3550184759263172,0.9153495366464235,1.4916004246745624,1.6411246257645118,1.5233880934490185,0.265581819806836,0.7880485881246907,2.2830549343357687,2.7654763130412285,1.3359005391406775,0.6490432648763133,0.6545651956517134,1.4296919045343485e-05,3.804805347172421e-09,-2.5112092297739797e-08,1.6195372590731134e-08,-8.207330348346441e-07,1.3136359533244968e-07,-2.4861303299707206e-07,-7.762743685365278e-08,5.513284546819758e-07,-2.551999961878357e-07,-8.027473613686345e-06,3.803820517986407e-07,-2.7118934029809893e-05,-3.3170800972150334e-06,4.114993525692009e-07,-1.2332395237746648e-06,1.042419087232415e-05,5.9091130429906935e-06,-2.8494217336321458e-05,2.3042835697469366e-05,-4.648967362033689e-06,1.856865959011526e-07,-9.536097121375747e-06,-1.0901727338807087e-06,1.0216265012958836e-06,4.540072572504214e-08,128.3865358271093,9.236729814088666e-07,-1.3286304759718826e-06,-6.688478395017851e-07,6.02525396132204e-07,1.7087865205807295e-05,1.0757059186895216e-07,1.5579174547539967e-07,-9.527877367179729e-08,-2.528023977608255e-07,-4.139165626196145e-07,1.3802928667963806e-08,-2.3538292546781713e-08,-3.4699393747227116e-08,3.471525620382008e-07,-6.263299810573245e-06,-5.995967183418084e-08,1.3554938232814766e-05,-2.953204011153145e-05,3.113169127551759e-06,4.46889490426994e-09,3.1962337768636777e-06,3.184673443241813e-07,-1.801215804126328e-05,-2.143408452770958e-06,-1.925109219914949e-06,1.4824081456559807e-08,-2.8102066745021716e-06,6.58679070757709e-07,2.883386395096929e-07,4.576584816205884e-08,-128.08793195370913,-6.245752255962337e-24,6.346740196223018e-07,1.759177073951116e-22,-4.252518024516169e-07,0.11644129553971896
2023-06-01,2023-12-01,-0.2147511253260958,0.48873381107219416,0.49449111700745185,0.49619841136985743,0.49489105573930614,0.31780771897149696,99.99999999982441,-1.3088117720931374,2.5124121122601553,1.5227768539801492,1.7003510972565472,2.052093565455692,0.7720540129658359,1.2984138863499601,2.8397645864023326,3.307591885486097,1.8077266599195951,0.18081984627077663,0.1851115477334573,2.3885495824259382e-05,7.207203454431485e-07,-1.555351110679883e-07,1.8244057228756636e-08,-8.224543905902952e-07,-1.2813868857487916e-07,1.903033733383997e-07,1.7394721133405292e-08,1.4114878385587346e-08,6.781357427110091e-07,3.6299448348677205e-07,1.9397812419629869e-07,1.1886583041062576e-05,-9.500216786217291e-06,2.6841141812497036e-06,4.5570901921739067e-07,-1.871739264117821e-05,4.182432755825875e-06,-2.5035786863276786e-05,7.01371190026819e-06,-4.214219305250199e-07,3.139600155970827e-06,-2.009723262605175e-06,-5.2466311953130274e-06,-6.6794291262814646e-09,-8.848386121402325e-07,143.0309054490233,-1.7183916594562565e-06,3.6804605862553765e-07,-6.064383567630417e-07,-2.955761711002487e-07,1.5462354892900061e-07,3.318583455760971e-09,1.6028183166601274e-07,-1.8574466961085895e-07,3.3250391918355566e-07,4.33066875595064e-08,-9.022691053914744e-08,3.536399855461262e-08,1.0868426224659237e-07,1.3434915885710102e-06,4.1329899152926516e-08,7.082496845258711e-08,2.0296221645829488e-05,-3.1320620575817166e-05,-1.040217727364752e-06,3.025879949459997e-08,-7.907813133505398e-07,-2.3494526121695317e-06,7.065234534360655e-06,2.4553033670896958e-06,4.097098495387031e-06,-3.409268973623986e-08,1.3364442577983298e-06,-6.389118659277303e-07,-7.789613691336582e-08,-1.241359657345362e-07,-142.5238644096783,1.4479539765621595e-06,-1.1121265998988534e-22,-8.637533428624e-24,8.268851056697891e-07,0.0026556823335068588
2023-09-01,2024-03-01,1.468536526418518,0.5824800845838327,0.5354194052586255,0.5445642699817326,0.7850960181167429,0.7120280129650671,26.04434736180943,1.0269646873367235,-0.890030917392478,1.459876661767555,1.0394923498330932,0.5964641289157506,-0.6230324926829383,-0.10412492086189507,1.3866162501595283,1.9125681157931835,0.30522408662383427,0.3334376978100648,0.3376671741036254,-4.559059094874018e-06,-1.4701780125911137e-07,-6.554108474528668e-08,5.262617252307841e-07,-1.505690020859408e-08,-1.6007719942687134e-11,3.1976672690430767e-07,3.9359474733895043e-07,-7.862196864417629e-08,-1.5488130217067306e-06,1.105508429364528e-06,1.1356982879870841e-06,-1.7923487785732197e-05,-6.714279387534545e-06,5.264090682229378e-06,-4.702653784523727e-07,-1.5671794217924367e-05,-5.5425601296246146e-06,-2.2039649748996997e-05,1.2137070827614001e-05,5.725190281466467e-06,1.8622200665873236e-06,-1.7433945518429381e-06,7.348782901452277e-06,-2.34137241776894e-08,-3.5319438400459184e-07,117.1227633860051,3.01990652314024e-07,-7.314863864238559e-07,1.724225804921872e-06,6.58319368886093e-07,-1.6579231266259695e-06,-6.025523393858191e-08,2.244631427211943e-08,7.103404272346981e-07,-2.459745193199654e-07,1.3241322289297617e-07,7.499553239967237e-07,2.2461591036596092e-07,6.535261789002367e-09,-3.77544708660827e-07,2.573827370024171e-07,-2.827268940805415e-07,-7.743511181533285e-06,-2.2253020074647245e-05,3.3319275366899254e-06,4.956538357475394e-08,-4.270364596980686e-06,3.9510958778758705e-06,-2.050499794514394e-05,-3.8063009771189793e-06,7.206420595720211e-08,-3.1122997558312526e-06,2.7559849350494735e-06,4.03085375889079e-06,1.5101120243287674e-07,2.3393585235308904e-08,-116.48865670368093,1.6551081208177582e-22,6.418360836428483e-07,7.266815850862273e-23,-4.1498449560470895e-08,0.0020432010056718347
2023-12-01,2024-06-01,2.8534104392889503,0.6845541465313165,1.417843949096921,1.4279055325063625,4.703937618634388,0.9286612891562236,99.99999999957697,-5.475891790680686,8.43399376099708,1.4080718161526469,1.3193296569814272,0.2349015106026103,-1.0325037580371637,-0.5307601080189008,0.9897665599030978,1.441504671750837,-0.10737556266304793,0.5511533246588897,0.5543705415179487,5.6987655672492234e-05,-1.9636778318649284e-07,2.3088324450040584e-08,3.616116833594332e-07,-3.620673880852114e-07,-1.9592505691093202e-07,-2.9460851760655196e-07,2.3926312139454e-07,1.2822936446664265e-07,-1.5670565256088921e-06,2.505574282877819e-06,6.266575856982132e-06,-2.7557410201207254e-05,0.0001337021047294193,-1.0686126043747448e-05,1.5099383194797297e-06,1.0368921685456507e-05,2.1296905863974148e-05,3.0226062128519572e-05,8.656516443309179e-06,4.2813528627647e-06,3.2399179969001344e-06,6.831103264028888e-06,-6.26691640614315e-06,2.739511475233294e-08,2.753366320348984e-07,116.18866831353888,-6.207006215825636e-07,9.211792435014251e-07,-1.2443644491636502e-06,-4.7189034354461693e-07,2.4997320351101425e-05,6.709296241316381e-08,9.720141383647256e-07,-6.790112906253419e-08,-3.3952710736030713e-07,3.885099627826983e-08,-4.57359143226559e-07,3.7277904421958734e-08,3.2397134470732167e-08,3.0204613360091747e-06,9.560615082800178e-07,8.572487392272745e-07,-4.096363791589156e-05,6.207890356369925e-06,-4.5347546449880756e-09,3.895154027837994e-07,-2.8176616547157904e-06,2.170353089793691e-06,3.073667255470725e-05,4.7237322925748025e-06,-1.9010330535156553e-06,-3.7180086201169386e-06,7.905756584176533e-07,-1.9706072954128897e-06,-1.030180941478064e-07,8.234727031786162e-08,-115.54988303906009,-5.533710102905758e-07,6.847157688423924e-23,3.861090857098812e-22,-1.0158098659281974e-07,0.00710091494110044
2024-03-01,2024-09-01,0.2103525558702301,0.6523806061211597,0.409872800489081,0.413626660765866,0.1953887972086383,0.38903032763685497,46.8463507600004,-0.3618502628020591,1.2015492185307037,1.5301516690852535,0.8394445411443741,1.060458566269839,-0.25934018579633294,0.27899758247119016,1.797691105277586,2.3511582080831035,0.734268263209259,0.2820500629913722,0.2830161422901809,-4.0340252830038355e-05,1.4375748399833086e-07,3.750799824008255e-08,2.189578131884091e-07,3.7700999533181834e-08,-2.672295580419563e-07,-9.162172616024704e-08,3.784757595487771e-08,1.946757470466016e-08,-2.8285089283786643e-06,7.281325194625852e-06,-2.2815924978442634e-07,1.0802574200216918e-05,-0.00012389684160463458,-8.758352385964887e-06,-2.981895077698414e-07,3.7733235194932466e-06,-1.6080705585940222e-05,-3.700492113779323e-05,-8.304300475153289e-06,-5.106996626563415e-06,-3.3441791134575926e-06,9.218754276225392e-06,4.40963813745769e-06,1.667805724787841e-08,1.1564892966188614e-07,133.12736965537042,-9.825870557892063e-07,1.894152299884831e-06,-4.057301236517043e-08,-2.970686873651327e-07,-4.324912951579012e-06,-6.662937340336325e-08,1.296842996048605e-06,0.0,-2.1939768373595616e-08,2.8932732105426275e-09,-5.0868372477120056e-08,-1.2785102446214547e-08,2.8388137876400952e-08,-1.024258013109798e-06,-8.223348302939584e-09,-2.922694943375134e-06,-9.733640901200949e-06,2.980789858505862e-05,-9.749436300319784e-06,-2.492187777498593e-06,-1.2722388554514413e-06,8.696378379978103e-08,4.7097773192398134e-05,9.718329429901724e-06,6.779849600368607e-06,1.5964793299929642e-06,2.971349296446635e-06,3.679375772394817e-06,5.694344748843904e-08,-7.345074798930514e-08,-132.48490639662396,-1.9639054444176816e-22,-7.826974231784845e-07,1.6121878558145658e-22,4.907130274235208e-07,-0.02443974984711554
2024-06-01,2024-12-01,-1.6044641002748603,0.5767318941836166,1.4600076009274394,1.4771843349359137,4.757615966241705,0.07569244657950744,99.99999999993575,0.07076505303194108,0.5162419433602515,1.5433979615222901,0.6244731695070449,1.7150711667362835,0.4563720178167921,0.9691506555537539,2.5301052529036645,3.023958247825208,1.4267052196444752,0.5128166115372494,0.5172489555710951,-3.852625450608007e-06,4.891308661972499e-07,4.167144466622531e-08,-9.245071273755072e-08,-0.0,-9.766712894758456e-08,-2.791106355336292e-07,1.213551347271556e-07,-4.7826978074778704e-08,3.7799732410006826e-07,-8.395128130778526e-06,-9.039971278942998e-06,1.8457603015941827e-05,7.005007382145665e-05,-3.842399511421847e-06,-3.3821111685218626e-06,7.392588300073731e-06,1.0086344580261654e-05,-5.108870411517415e-06,1.0175510362983737e-05,6.270756423856754e-06,4.778529261191166e-06,1.0357987278998944e-06,5.39808290923254e-06,-2.054975890082259e-07,-3.473457273772587e-07,115.61673898292388,-2.1659616363994953e-06,-8.835257170055267e-07,-1.3495349787409968e-07,6.057995614417291e-07,-4.866475521451312e-07,1.3177208652002655e-07,9.695252607224363e-08,-2.083678893953313e-08,3.068125193036948e-09,-5.988769747694862e-08,1.2076271291020048e-07,-1.1010797237092633e-07,5.7633680447983474e-09,-1.7466978833212417e-06,-3.7862091605366128e-06,-1.1577832373624573e-06,-2.2831776346842443e-05,1.4964817310955311e-05,4.159602747804594e-06,-1.0589798869751116e-06,3.892074431851717e-06,-5.54701002074831e-07,9.521633247147028e-06,-1.5763732265065176e-06,4.268843919079022e-06,2.3628900912134566e-06,5.667516304321907e-07,-1.1058355411937915e-06,4.0174247020480084e-09,2.1065205336249726e-08,-114.9565909195218,8.581439520951868e-07,1.4588329759599385e-22,2.3826175395295984e-23,-1.3455293221940548e-07,0.009855574757012184
2024-09-01,2025-03-01,0.4730907510964499,0.7972070189014018,0.38888497874622285,0.38902348769381057,0.1050513550558113,0.4054339328652288,89.13091111397416,-0.5068150453227306,1.6019232655952482,1.5079344567416135,0.34172165348334,0.5037797873858159,-0.7138778674317463,-0.2340488952404042,1.2692124401110063,1.759497399734943,0.10517627793511508,0.2983137188255271,0.301382549622584,5.941348448088167e-06,2.0320533241560202e-07,2.3136528740864348e-08,1.3740454409619327e-08,-1.07227953729275e-07,1.663454798371849e-07,-3.7857669594953867e-07,1.0168588500761702e-07,2.0465182947967786e-08,-1.7323750977602226e-06,-1.4700216008670031e-06,1.4192729979433386e-06,-1.1054089938231199e-05,2.044842085618859e-05,-1.2611865815192877e-05,-2.286881711732504e-07,3.467223103825446e-06,-1.4018337435240811e-05,5.615134541522131e-05,2.6160074806885836e-06,1.3701090904728548e-06,3.483955172011139e-06,-1.241296178258755e-06,6.3508188794744314e-06,-7.094414309506854e-08,6.390485997952299e-08,92.1602541693341,7.716330237708355e-07,-2.8869470725207075e-06,3.379819162253095e-07,-1.2361279614265936e-07,-9.946262087733809e-06,3.375411410844453e-07,3.411284405903547e-07,1.561995539217834e-08,6.0341027368631e-08,6.846759161707556e-08,-1.0950491972105252e-07,8.83685458718571e-10,3.03657831164405e-08,-2.37563970190101e-06,1.1783187606583257e-06,-4.557998691922555e-06,2.597966018715003e-05,1.1462097099596012e-06,-3.925854442223691e-06,3.094446904174454e-07,-8.553010312446257e-07,5.974988824815366e-07,-2.1825528707436666e-06,-1.1232040479697831e-06,-1.2169265287485355e-06,4.351888451267993e-06,1.0919774875597514e-06,-2.5349862439475084e-07,3.1872248449842936e-09,6.318502834511953e-08,-91.43569539673554,-3.039724106228711e-23,6.40146985376165e-08,-8.705507438585989e-23,2.3382503745100266e-07,0.0393894481666875
